entry_id,source_key,source_row,title,agency_id,release_id,release_date,media_type,description,location_raw,redaction_reported,description_category,incident_date_raw,incident_date_precision,incident_year,incident_month,incident_day,annual_eligible,date_exclusion_reason
entry_003dca02286e780af10f,DOW-UAP-PR123,243,"DOW-UAP-PR123, Unresolved UAP Report, Pacific Ocean, 2019",agency_0e616debe8fcadbb45f7,release_2026-08-07,2026-08-07,VID,"The United States Navy Unidentified Anomalous Phenomena Task Force (UAPTF) transferred this media to the All-domain Anomaly Resolution Office (AARO) in 2022. The video contains 1 minute and 4 seconds of footage. This footage is a secondary capture, recorded via a hand-held recording device, of an infrared sensor display aboard a U.S. military platform. This footage does not represent native primary sensor data, and the secondary recording method introduces limitations in fidelity, resolution, and overall visual quality. Artifacts inherent to filming a screen, such as blurring or flickering, may be present. The footage contained within DOW-UAP-PR123 through DOW-UAP-PR127 was captured contemporaneously. This media was digitally altered before being reported to AARO, and is presented as it was received.

Video description: 

00:00-00:03: An area of contrast is visible near the center of the frame. 

00:04-00:07: The area of contrast loses distinctiveness against the background.

00:08-00:25: An area of contrast becomes visible near the center of the frame. The sensor pans and zooms in to focus on the area of contrast, keeping it generally within the center of the frame.  

00:25-01:04: The area of contrast remains generally centered within the sensor field-of-view. 

This video description is provided for informational purposes only. Readers should not interpret any part of this description as reflecting an analytical judgment, investigative conclusion, or factual determination regarding the described event’s validity, nature, or significance.",Pacific Ocean,False,not_classified,2019,year,2019,,,True,
entry_00a8b83d2d5e598e801e,NASA-UAP-D025,354,"NASA-UAP-D025, “Apollo 16 Scientific Debriefing”",agency_06552eff6885a0591452,release_2026-06-12,2026-06-12,AUD,"At 32:41, the speaker makes an off-handed comment, “Could be an alien starbase or something, I don’t know” when discussing correlations between experimental data sets.","Houston, Texas",False,not_classified,,missing,,,,False,missing
entry_0177dbb4d82c0471a1d9,DOW-UAP-PR122,242,"DOW-UAP-PR122, Unresolved UAP Report, Gulf of Oman, 2021",agency_0e616debe8fcadbb45f7,release_2026-08-07,2026-08-07,VID,"The United States Central Command submitted a report of an unidentified anomalous phenomenon to the All-domain Anomaly Resolution Office (AARO) consisting of 26 seconds of video footage. This footage is a secondary capture, recorded via a cellular device, of an infrared sensor display aboard a U.S. Special Operations Forces AC-130J Gunship. This footage does not represent native primary sensor data, and the secondary recording method introduces limitations in fidelity, resolution, and overall visual quality. Artifacts inherent to filming a screen, such as blurring or flickering, may be present. The footage contained within DOW-UAP-PR117 through DOW-UAP-PR122 was captured contemporaneously. An accompanying Intelligence Information Report, DOW-UAP-D101, describes the phenomena as “cold orbs” approximately four feet in diameter.

Video description: 

00:00-00:05: An area of contrast remains generally within the center of the sensor field-of-view. Visual elements of the sensor display enter and exit the frame throughout the duration of the video.

00:06-00:07: A relatively larger area of contrast transits from the bottom of the frame to the top of the sensor’s field-of-view, then re-enters from the top left to the bottom left of the frame. The relatively smaller area of contrast exits the bottom of the frame, and re-enters from the upper-right quarter of the frame.

00:08-00:26: The sensor adjusts, and an area of contrast enters the sensor field-of-view from the top of the frame, and remains generally within the center of the frame.

AARO Comment: This video footage significantly overlaps in content with DOW-UAP-PR121. 

This video description is provided for informational purposes only. Readers should not interpret any part of this description as reflecting an analytical judgment, investigative conclusion, or factual determination regarding the described event’s validity, nature, or significance.",,False,not_classified,9/8/21,day,2021,9,2021-09-08,True,
entry_01acd3ac70fdb551c972,DOW-UAP-D016,82,"DOW-UAP-D016, Mission Report, Syria, July 2022",agency_0e616debe8fcadbb45f7,release_2026-05-08,2026-05-08,PDF,"This document is a Mission Report (MISREP), a standardized reporting form the U.S. Military uses to record the circumstances surrounding its operations. U.S. military services often use MISREPs to report Unidentified Anomalous Phenomena (UAP) to AARO. The GENTEXT, or “general text” section of these reports often contains important qualitative, contextual information, distinguishing it from the more quantitative, or numerical, data found elsewhere in the report.
A U.S. military operator reported observing one UAP move from north to south, with a total duration of under one minute.
All descriptive and estimative language contained in this report reflects the reporter’s subjective interpretation at the time of the event. Such characterizations should not be interpreted as a conclusive indication of the presence or absence of any intrinsic object features or performance characteristics.",Syria,True,not_classified,7/31/22,day,2022,7,2022-07-31,True,
entry_032e94fb8da8021f128f,DOW-UAP-PR136,249,"DOW-UAP-PR136, Unresolved UAP Report, Middle East, 2023",agency_0e616debe8fcadbb45f7,release_2026-08-07,2026-08-07,VID,"The United States Central Command submitted a report of an unidentified anomalous phenomenon to the All-domain Anomaly Resolution Office (AARO) consisting of 30 seconds of video footage from an infrared sensor aboard a U.S. military platform in 2023.

Video description: 

00:00-00:08: The sensor pans to track an area of contrast, keeping it generally centered within the frame. The sensor is partially occluded by a component of the platform passing in front of it, obscuring the background.

00:09-00:33: The sensor zooms in on the area of contrast. A reticle briefly surrounds the area of contrast. The sensor is occluded by a component of the platform, obscuring the display.

This video description is provided for informational purposes only. Readers should not interpret any part of this description as reflecting an analytical judgment, investigative conclusion, or factual determination regarding the described event’s validity, nature, or significance.",Middle East,True,not_classified,2023,year,2023,,,True,
entry_03b94761819ff9218bc7,DOW-UAP-PR051,170,"DOW-UAP-PR051, ""Syrian UAP instant acceleration""",agency_0e616debe8fcadbb45f7,release_2026-05-22,2026-05-22,VID,"On March 6, 2026, eight members of the U.S. House of Representatives requested access to 51 potentially UAP-related records allegedly held by the Department of War and the Intelligence Community. The All-domain Anomaly Resolution Office (AARO) identified a collection of responsive materials held on a classified network. Many of these materials lack a substantiated chain-of-custody.

AARO assesses that this video, whose uploader-defined title is, “Syrian UAP instant acceleration,” is likely derived from an infrared sensor aboard a U.S. military platform operating within the United States Central Command area of responsibility in 2021. A user uploaded this video to a classified network in June 2024.

Video Duration: 00:05:02
Video Description: This media was digitally altered prior to its upload to a classified network, and is presented as received.
00:01-00:19: The sensor pans to maintain the position of an area of contrast within the center of the frame.
00:20-00:21: The sensor stops tracking the area of contrast, causing it to rapidly exit the right side of the frame.
00:22-00:27: No content.
00:27-00:29 A black screen appears featuring the phrase “white edge threshold enhancement in attempt to highlight UAP shape. Original clip excerpt at 100% speed.” 
00:30-00:50: The video replays with digital alterations applied.
00:51-00:53: A black screen appears featuring the phrase “50% speed.”
00:54-01:05: The video replays with digital alterations applied.
01:06-01:08: A black screen appears featuring the phrase “25% speed.”
01:09-01:35: The video replays with digital alterations applied.
01:36-01:41: A black screen appears featuring the phrase “B/W values inverted, picture zoomed”
01:42-02:03: The video replays with digital alterations applied.
02:04-02:09: A black screen appears featuring the phrase “full original clip TRT: 2:52”
02:10-03:49: The video replays, showing additional footage of the area of contrast at its original resolution on a far zoom.
03:50-04:02: The sensor rapidly zooms in and out.
04:03-04:28: The sensor focuses and zooms in, locking a reticle around the area of contrast.
04:29-5:01: The video replays 00:20-00:21, the period in which the sensor stops tracking the area of contrast, causing it to rapidly exit the right side of the frame.

This video description is provided for informational purposes only. Readers should not interpret any part of this description as reflecting an analytical judgment, investigative conclusion, or factual determination regarding the described event’s validity, nature, or significance.",CENTCOM,True,not_classified,2021,year,2021,,,True,
entry_047251b1c03ba39746e3,FBI Photo B004,264,FBI Photo B004,agency_c6cd4cf936fd5ad884ed,release_2026-05-08,2026-05-08,PDF,"The Federal Bureau of Investigation (FBI) submitted a report of an unidentified anomalous phenomenon (UAP) to the All-domain Anomaly Resolution Office (AARO) consisting of a still image derived from a U.S. military system in 2025. The original imagery was altered with redactions before being submitted to AARO. An accompanying mission report was not provided. The operator reported that they were unable to positively identify the UAP.  The date in the image is incorrect due to system date/time not being set.

Narrative Description: The monochrome image displays a grainy texture with a central crosshair reticle. A small, dark, circular object is visible in the center right quadrant, close to the center of the frame. An indistinct, possibly natural, landscape is visible in the background. This narrative description is provided for informational purposes only. Readers should not interpret any part of this description as reflecting an analytical judgment, investigative conclusion, or factual determination regarding the described event’s validity, nature, or significance.",Western United States,True,not_classified,Late 2025,approximate_within_year,2025,,,True,
entry_04ac3b84089fd3ce44a6,DOW-UAP-D065,112,"DOW-UAP-D065, Mission Report, Arabian Gulf, July 2020",agency_0e616debe8fcadbb45f7,release_2026-05-08,2026-05-08,PDF,"This document is a Mission Report (MISREP), a standardized reporting form the U.S. Military uses to record the circumstances surrounding its operations. U.S. military services often use MISREPs to report Unidentified Anomalous Phenomena (UAP) to AARO. The GENTEXT, or “general text” section of these reports often contains important qualitative, contextual information, distinguishing it from the more quantitative, or numerical, data found elsewhere in the report.
A U.S. military operator reported encountering three separate UAP on July 16, 2020, at 1830Z, 1920Z, and 2345Z. 
All descriptive and estimative language contained in this report reflects the reporter’s subjective interpretation at the time of the event. Such characterizations should not be interpreted as a conclusive indication of the presence or absence of any intrinsic object features or performance characteristics.",Arabian Gulf,True,not_classified,7/16/20,day,2020,7,2020-07-16,True,
entry_062508c308d4d6f14018,331_120752_Numeric_Files_1944–1945_37153_German_Armament_Equipment_Documents,14,331_120752_Numeric_Files_1944–1945_37153_German_Armament_Equipment_Documents,agency_0e616debe8fcadbb45f7,release_2026-05-08,2026-05-08,PDF,"This file contains SHAEF messages and memorandums related to ""night phenomena (foofighters),"" flak rockets, unidentified cylindrical objects, and blinking lights. The documents include multiple references to the observations of the 415th Night Fighter Squadron.",Germany,False,not_classified,3/18/45,day,1945,3,1945-03-18,True,
entry_06334173da6f26e4b647,NASA-UAP-D012,341,"NASA-UAP-D012, Mercury Atlas 8 Audio Excerpt, October 3, 1962",agency_06552eff6885a0591452,release_2026-05-22,2026-05-22,AUD,"During the Mercury Atlas 8 mission, Sigma 7 pilot Walter M. “Wally” Schirra Jr. describes observing “little white objects that tend to come from the capsule itself and drift off.” Schirra later also refers to those objects as “particles” and “lathe shavings.” Schirra also describes seeing a burst of light in the window, whose source he cannot identify. He speculates that his observation corresponds with the moment the sun passes below the horizon during sunset.",Low Earth Orbit,False,not_classified,10/3/62,day,1962,10,1962-10-03,True,
entry_06af00e8a441b6b00e37,DOW-UAP-PR098,218,"DOW-UAP-PR098, ""UFOs in formation over Persian Gulf?""",agency_0e616debe8fcadbb45f7,release_2026-05-22,2026-05-22,VID,"On March 6, 2026, eight members of the U.S. House of Representatives requested access to 51 potentially UAP-related records allegedly held by the Department of War and the Intelligence Community. The All-domain Anomaly Resolution Office (AARO) identified a collection of responsive materials held on a classified network. Many of these materials lack a substantiated chain-of-custody.

AARO assesses that this video, whose uploader-defined title is, “UFOs in formation over Persian Gulf?” is likely derived from an infrared sensor aboard a U.S. military platform operating within the United States Central Command area of responsibility. A user uploaded this video to a classified network in October 2019.

Video Duration: 00:17:36
Video Description:
00:00-00:02: No Content.
00:02-00:21: An area of contrast becomes visible. The sensor pans to track the area of contrast within the center of the field-of-view.
00:22-01:59: The sensor zooms in on the area of contrast. At a higher level of magnification, the area appears as multiple distinct areas of contrast.
02:00-02:02: The areas of contrast briefly leave the field-of-view.
02:03-04:00: The sensor zooms in and out multiple times to track the area of contrast.
04:01-04:26: The area of contrast becomes less distinguishable against the background. The sensor zooms in further.
04:27-06:29: The sensor progressively zooms in on the area of contrast.
06:30-13:17: The area of contrast is at times indistinguishable from the grain of the video. The sensor makes several contrast adjustments to compensate.
13:18-16:22: The sensor zooms in and out several times.
16:23-17:23: The area of contrast repeatedly exits and enters the frame.
17:24-17:27: The sensor zooms out to track the area of contrast.
17:27-17:36: No content.

This video description is provided for informational purposes only. Readers should not interpret any part of this description as reflecting an analytical judgment, investigative conclusion, or factual determination regarding the described event’s validity, nature, or significance.",CENTCOM,True,not_classified,,missing,,,,False,missing
entry_0730c6c7dd137f452133,CIA-UAP-D021,63,"CIA-UAP-D021, Analysis of Unconventional Aircraft Sightings, 1955",agency_9509941b7ce5f6527cf7,release_2026-07-10,2026-07-10,PDF,"Sections 1 and 2 of this memorandum document a 1955 analysis of reports of “flying saucers” or “unconventional aircraft,” referencing the incident described in observer debriefings contained within CIA-UAP-D020. The memo summarizes the incident as consisting of two lights rising vertically, then passing above the observers. The memo contains caveating language that suggests the author concluded that the reports, as described, did not indicate the presence of an “unconventional aircraft.” Section 3 cites a previous finding by Dr. [Howard] Robertson (of the 1953 Robertson Panel) that “almost all the sightings […] represented no threat to the U.S.” Section 4 discusses the state of then-current research into “saucer-like aircraft” under Project “Y,” a contemporary joint U.S.-Canadian aerospace development program.",,True,not_classified,1955,year,1955,,,True,
entry_0939d554090e1f55115c,DOW-UAP-PR094,214,"DOW-UAP-PR094, ""[CALLSIGN] (Mission) - HD 2020-02-13""",agency_0e616debe8fcadbb45f7,release_2026-05-22,2026-05-22,VID,"46. DOW-UAP-PR094, “[CALLSIGN] (Mission) - HD 2020-02-13”

On March 6, 2026, eight members of the U.S. House of Representatives requested access to 51 potentially UAP-related records allegedly held by the Department of War and the Intelligence Community. The All-domain Anomaly Resolution Office (AARO) identified a collection of responsive materials held on a classified network. Many of these materials lack a substantiated chain-of-custody.

AARO assesses that this video, whose uploader-defined title is, “[CALLSIGN] (Mission) - HD 2020-02-13,” is likely derived from an electro-optical and infrared sensor aboard a U.S. military platform operating within the United States Central Command area of responsibility in 2020. A user uploaded this video to a classified network in February 2020.

Video Duration: 00:04:59
Video Description:
00:00-01:46: No content.
01:47-01:51: An area of contrast enters the frame in the upper right corner and leaves the field-of-view on the left side of the screen.
01:52-02:10: The sensor pans to track the area of contrast.
02:11-02:17: The sensor zooms out. The area of contrast is visible in the lower right quarter of the screen.
02:18-02:28: The sensor zooms in on the area of contrast.
02:29-04:38: The sensor zooms in and out several times.
04:40-04:43: The sensor changes modalities, causing the area of contrast to lose distinctiveness against the background.
04:44-04:53: The sensor changes back to electro-optical collection, again rendering the area of contrast visible near the center of the screen.
04:54-04:59: The sensor zooms in and out. The area of contrast is briefly visible in the upper left of the screen.

This video description is provided for informational purposes only. Readers should not interpret any part of this description as reflecting an analytical judgment, investigative conclusion, or factual determination regarding the described event’s validity, nature, or significance.",CENTCOM,True,not_classified,2020,year,2020,,,True,
entry_0954ddb0ae77cc82150b,65_HS1-834228961_62-HQ-83894_Serial_438,40,65_HS1-834228961_62-HQ-83894_Serial_438,agency_c6cd4cf936fd5ad884ed,release_2026-05-08,2026-05-08,PDF,"The FBI's 62-HQ-83894 case file includes investigative records, eyewitness testimonies, and public reports concerning Unidentified Flying Objects and flying discs documented between June 1947 and July 1968. The records include high-profile incident accounts, photographic evidence from sites like Oak Ridge, TN, and technical proposals regarding potential propulsion systems. Additional topics include convention programs, researcher accounts, and extensive media coverage from the period.  This file is partially posted on FBI vault with more redactions and some pages missing.  Included here is the complete case file with several newly declassified pages and only minor redactions.",N/A,False,not_classified,N/A,missing,,,,False,missing
entry_09ff9a4916893c28f38d,Western US Event,376,Western US Event,agency_0e616debe8fcadbb45f7,release_2026-05-08,2026-05-08,PDF,"This document is a summary of statements by seven US PERSONs employed by the federal government who separately reported observing several unidentified anomalous phenomena in the western United States over the course of two days in 2023.  The summary notes the US PERSONS reported four distinct categories of experiences, including observing “orbs launching other orbs” at a distance, observing a large stationary glowing orb at close estimated range, pursuing a large phenomenon near the ground, and observing a large, seemingly transparent phenomenon, reported to being akin to a “translucent kite.” Although there is no technical data directly associated with this report, contextual factors — such as these events sharing features with others reported to the All-domain Anomaly Resolution Office (AARO), the reporters’ credibility, and the potentially anomalous nature of the events themselves — combine to make this report among the most compelling within AARO’s current holdings.",Western United States,False,not_classified,2023,year,2023,,,True,
entry_0a2c7135abc19a35bf22,DOW-UAP-D082,120,"DOW-UAP-D082, Narrative Statement 4, Western United States Event, 2023",agency_0e616debe8fcadbb45f7,release_2026-06-12,2026-06-12,PDF,This memorandum presents the first-hand narrative from Witness 4 provided to the All-domain Anomaly Resolution Office (AARO). Witness 4 was one of several United States (U.S.) federal law enforcement special agents who reported observing unidentified anomalous phenomena (UAP) over a period of two days in October 2023 in the western United States.,Westen United States,False,not_classified,"October, 2023",month,2023,10,,True,
entry_0a7d40fcacd2df03608c,DOW-UAP-PR111,231,"DOW-UAP-PR111, Unresolved UAP Report, Eastern United States, 2020",agency_0e616debe8fcadbb45f7,release_2026-07-10,2026-07-10,VID,"The United States Northern Command submitted a report of an unidentified anomalous phenomenon to the All-domain Anomaly Resolution Office (AARO) consisting of 1 minute of video footage from an infrared sensor aboard a U.S. military platform in 2020.

Video Description:
00:01-00:21: Several small areas of contrast enter and leave the sensor field-of-view as the sensor pans across the background scene.
00:22-00:41: An auto-tracking reticle surrounds an area of contrast, and the sensor pans to keep it generally within the center of the frame. Several other areas of contrast periodically enter and exit the frame.
00:42-00:49: The sensor zooms out.
00:50-01:00: The area of contrast is no longer visible within the frame. The sensor display flickers between a black screen and normal function as it cycles contrast modes. No content.

This video description is provided for informational purposes only. Readers should not interpret any part of this description as reflecting an analytical judgment, investigative conclusion, or factual determination regarding the described event’s validity, nature, or significance.",Eastern United States,True,not_classified,2020,year,2020,,,True,
entry_0b40f110c793d283da09,DOW-UAP-PR032,151,"DOW-UAP-PR032, Unresolved UAP Report, Syria, October 2024",agency_0e616debe8fcadbb45f7,release_2026-05-08,2026-05-08,VID,"The United States Central Command submitted a report of an unidentified anomalous phenomenon (UAP) to the All-domain Anomaly Resolution Office (AARO) consisting of six seconds of video footage from a full-motion video (FMV) camera aboard a U.S. military platform in 2024. An accompanying mission report, DoW-UAP-D32, described the UAP as consisting of a “misshapen and uneven ball of white light,” and reported that a “light/glare halo effect” occurred at the top of the FMV feed.

Video Description:
00:02-00:04: An area of irregular color and brightness, mainly consisting of white and red highlights, appears near the center of the top edge of the sensor display. The area extends to a width of approximately one-third of the horizontal frame, with a vertical area comprising approximately one-sixth of the viewing area. Overall, its shape is best described as a horizontally-oriented half-oval bisected along its major axis.

This video description is provided for informational purposes only. Readers should not interpret any part of this description as reflecting an analytical judgment, investigative conclusion, or factual determination regarding the described event’s validity, nature, or significance.",Syria,True,not_classified,N/A,missing,,,,False,missing
entry_0c2f003ad8b1da78404c,USPER Statement about UAP Sighting,375,USPER Statement about UAP Sighting,agency_c6cd4cf936fd5ad884ed,release_2026-05-08,2026-05-08,PDF,"This is an FBI 302 interview conducted with a senior US intelligence official regarding his first-hand account of a UAP encounter at a US military facility. USPER relayed to FBI agents that he and other federal and state personnel conducted searches to where orbs had been previously seen. After searching the area with a helicopter, they found a “super-hot” orb hovering over the ground. The orb is reported to have travelled for 20 miles at a speed too fast for the helicopter in pursuit. An additional “swarm” of lights were seen moving in all directions. A total of four or five additional orbs were seen shortly thereafter for a short time, flaring up and then down. This pattern of four or five orbs flaring up, then down continued over the next thirty minutes across the area.

The photos linked in the ""Related Media"" section are connected to a set of UAP encounters on a sensitive government testing installation in the Western US in 2025. These orb-like UAP were observed at various ranges by multiple, and in some cases simultaneous, government personnel and sensors. The linked narrative is an FBI-collected account from a senior U.S. intelligence community official who witnessed the UAP with the naked eye, while accompanied by two pilots under NVGs. Other pilots in separate aircraft, and ground-based observers with night vision, also witnessed UAP during the exercise. The photos of UAP underneath the helicopter are from this same set of observations, taken through night vision devices by ground-based personnel.",United States,True,not_classified,Late 2025,approximate_within_year,2025,,,True,
entry_0cec1907397460d7a188,CIA-UAP-D022,64,"CIA-UAP-D022, Unidentified Flying Object Reported near Puerto Rico, 1965",agency_9509941b7ce5f6527cf7,release_2026-08-07,2026-08-07,PDF,"This file contains Central Intelligence Agency (CIA) memoranda exchanged between the Assistant Director for Special Activities (AD/SA) and the Assistant Director for Scientific Intelligence (AD/SI) regarding an incident allegedly involving unidentified aircraft in the vicinity of Puerto Rico. The AD/SI was then-responsible for analyzing foreign scientific advancements and technological threats, such as Soviet nuclear, chemical, and ballistic missile capabilities. The AD/SA managed the CIA’s classified overhead reconnaissance operations, including the deployment of advanced aircraft like the U-2 and A-12 OXCART. Together, these offices ensured the United States could both gather critical intelligence over contested territories and accurately evaluate the technical capabilities of foreign adversaries during the Cold War.

The memoranda refer to an incident on November 19, 1964, in which a U.S. Naval aviator described observing an unidentified object as “delta-shaped, about the size of a jet fighter.” The pilot visually estimated the object’s velocity as Mach 3 (approximately 2,200 mph). A corresponding track from an AN/SPS-49 radar system aboard a U.S. Navy guided missile destroyer in the area, USS Gyatt, measured the object’s speed at 3,800 knots (approximately 4,373 mph). The memoranda indicate that, in the opinion of the AD/SI, the object was conceivably associated with foreign intelligence gathering activities, citing active missile testing within the AFWR, or Atlantic Fleet Weapons Range, as being an attractive reconnaissance target. The AD/SA and AD/SI also ruled out domestic experimental aircraft, such as the YF-12A OXCART, as a potential attribution.",Caribbean Sea,True,not_classified,2/1/65,day,1965,2,1965-02-01,True,
entry_0d325c95da78aeea3678,DOW-UAP-PR079,199,"DOW-UAP-PR079, ""29 October 2020 [CALLSIGN] (Mission) observes 3 fast moving UAP's""",agency_0e616debe8fcadbb45f7,release_2026-05-22,2026-05-22,VID,"On March 6, 2026, eight members of the U.S. House of Representatives requested access to 51 potentially UAP-related records allegedly held by the Department of War and the Intelligence Community. The All-domain Anomaly Resolution Office (AARO) identified a collection of responsive materials held on a classified network. Many of these materials lack a substantiated chain-of-custody.

AARO assesses that this video, whose uploader-defined title is, “29 October 2020 [CALLSIGN] (Mission) observes 3 fast moving UAP’s,” is likely derived from an infrared sensor aboard a U.S. military platform operating within the United States Central Command area of responsibility in October 2020. A user uploaded this video to a classified network in October 2020.

Video Duration: 00:04:00
Video Description:
00:02-00:22: The sensor pans to track an area of contrast.
00:23-00:28: The sensor zooms in.
00:29-01:01: The sensor zooms out, panning to track an area of contrast.
01:02-01:17: A second area of contrast enters the frame from the top left quarter of the screen. Both remain in the frame for approximately 15 seconds.
01:18-1:41: The sensor pans to track the second area of contrast, causing the first to exit the frame at the bottom of the screen. The area of contrast remains generally within the center of the sensor field-of-view.
01:42-1:58: The sensor pans and cycles its zoom level multiple times. No content.
01:59-02:58: The sensor pans to track an area of contrast. The area of contrast becomes increasingly indistinct against the background.
02:59-04:00: The sensor pans and cycles its zoom level multiple times. No content.

This video description is provided for informational purposes only. Readers should not interpret any part of this description as reflecting an analytical judgment, investigative conclusion, or factual determination regarding the described event’s validity, nature, or significance.",CENTCOM,True,not_classified,2020,year,2020,,,True,
entry_0d8fcb89c8fb00abccfa,ODNI-UAP-D001,368,"ODNI-UAP-D001, USPER Narrative, Senior USIC Official",agency_366aea874bee4b7957c9,release_2026-05-22,2026-05-22,PDF,"This document is a first-hand account written by a currently serving (May 2026) senior U.S. intelligence official. The official was part of a team investigating reports of unusual noises and sightings of unidentified anomalous phenomena in and near a sensitive U.S. military facility in late 2025. From the official’s vantage point as a helicopter passenger, the official recounts encountering unidentified “glowing orbs” both at close range and at a distance. The account describes an apparent high-speed object moving low to the ground, which appeared to split in two and accelerate away in two different directions. It also describes numerous higher-altitude “orbs,” some of which the official assessed to be in close proximity to the helicopter. This account is accompanied by infrared imagery taken during the same exercise by other federal officials from the ground, originally released on war.gov/UFO on May 8, 2026.

May 26, 2026, correction: The document originally posted to the PURSUE collection of UAP-related records on May 22, 2026, under the name “ODNI-UAP-D001, USPER Narrative, Senior USIC Official,” contained a typographic error in the second paragraph, describing a helicopter flight profile as “map-of-the-earth.” The correct military aviation term for this profile is “nap-of-the-earth.” This document has been updated to reflect this correction.",Western United States,False,not_classified,2025,year,2025,,,True,
entry_0e25c219904dcccd1093,DOW-UAP-PR078,198,"DOW-UAP-PR078, ""2 November 2020 [CALLSIGN] [CALLSIGN] Observes and tracks UAP 2 of 2""",agency_0e616debe8fcadbb45f7,release_2026-05-22,2026-05-22,VID,"On March 6, 2026, eight members of the U.S. House of Representatives requested access to 51 potentially UAP-related records allegedly held by the Department of War and the Intelligence Community. The All-domain Anomaly Resolution Office (AARO) identified a collection of responsive materials held on a classified network. Many of these materials lack a substantiated chain-of-custody.

AARO assesses that this video, whose uploader-defined title is, “2 November 2020 [CALLSIGN] [CALLSIGN] Observes and tracks UAP 2 of 2,” is likely derived from an infrared sensor aboard a U.S. military platform operating within the United States Central Command area of responsibility in November 2020. A user uploaded this video to a classified network in November 2020.

Video Duration: 00:04:58
Video Description:
00:00-03:21: The sensor pans to keep a low area of contrast within the center of the field-of-view. The relative intensity of the area of contrast increases throughout the video.
03:15-03:17: A second area of contrast transits the top right corner of the sensor field-of-view.
03:22-04:58: The sensor pans from the first area of contrast to the second area of contrast and pans to keep it within the field-of-view.

This video description is provided for informational purposes only. Readers should not interpret any part of this description as reflecting an analytical judgment, investigative conclusion, or factual determination regarding the described event’s validity, nature, or significance.

AARO Comment: DOW-UAP-PR077 and DOW-UAP-PR078 are not duplicates. Both videos depict highly similar subject matter, but are distinct.",CENTCOM,True,not_classified,2020,year,2020,,,True,
entry_0e8342e31e0868df44e0,DOW-UAP-PR045,164,"DOW-UAP-PR045, Unresolved UAP Report, Middle East, 2020",agency_0e616debe8fcadbb45f7,release_2026-05-08,2026-05-08,VID,"The Department of the Air Force submitted a report of an unidentified anomalous phenomenon to the All-domain Anomaly Resolution Office (AARO) consisting of 58 seconds of video footage from an infrared sensor aboard a U.S. military platform in 2020. The reporter did not provide any oral or written description of the observation.

Video Description:
00:00-00:03: The sensor tracks an area of contrast acquiring a reticle lock.
00:04-00:30: The area of contrast gradually increases in distinctiveness against the background.
00:31: The sensor narrows its field-of-view to zoom in on the area of contrast.
00:32-00:56: The area of contrast increases in apparent size and distinctiveness.
00:57-00:58: The area of contrast leaves the center of the frame and passes out of the sensor field-of-view, exiting the scene in the bottom right corner of the screen.

This video description is provided for informational purposes only. Readers should not interpret any part of this description as reflecting an analytical judgment, investigative conclusion, or factual determination regarding the described event’s validity, nature, or significance.

AARO Comment: The area of contrast’s apparent increase in size is likely to be at least partially attributable to the U.S. platform closing the distance between itself and the source of the detection.",Southern United States,True,not_classified,N/A,missing,,,,False,missing
entry_0f013a03b2234ab3b0a9,State Department UAP Cable 002,370,"State Department UAP Cable 002, Kazakhstan, January 31, 1994",agency_066b1b9fe8463307ff8b,release_2026-05-08,2026-05-08,PDF,"This document is a U.S. Department of State diplomatic cable from the U.S. Embassy in Dushanbe, Tajikistan to the Secretary of State in Washington, D.C. on January 31, 1994.
On January 27, 1994 one Tajik pilot and three American citizens encountered an UAP flying a 747 jet at 41,000 feet over Kazakhstan.  Object was a bright light of enormous intensity and approached over the horizon to the east at great speed and a much higher altitude.  Several pictures were taken of the craft making 90 degree turns, doing corkscrews and maneuvering in circles a great rates of speed.  Object was reported as resembling a bullet in flight.  Visual estimation of the contrails were at 100,000 feet, which was too high to leave contrails by ordinary aircraft.",Kazakhstan,False,not_classified,1/27/94,day,1994,1,1994-01-27,True,
entry_0f9284b8db58704066e7,DOW-UAP-PR062,182,"DOW-UAP-PR062, ""Spherical UAP [CALLSIGN] 2021/04/12 vid 1""",agency_0e616debe8fcadbb45f7,release_2026-05-22,2026-05-22,VID,"On March 6, 2026, eight members of the U.S. House of Representatives requested access to 51 potentially UAP-related records allegedly held by the Department of War and the Intelligence Community. The All-domain Anomaly Resolution Office (AARO) identified a collection of responsive materials held on a classified network. Many of these materials lack a substantiated chain-of-custody.

AARO assesses that this video, whose uploader-defined title is, “Spherical UAP [CALLSIGN] 2021/04/12 vid 1,” is likely derived from a full-motion video camera and an infrared sensor aboard a U.S. military platform operating within the United States Central Command area of responsibility in 2021. A user uploaded this video to a classified network in May 2024.

Video Duration: 00:04:49
Video Description:
00:00-04:49: The sensor pans and cycles zoom levels to track an area of contrast, keeping it generally within the center of the sensor field-of-view.

This video description is provided for informational purposes only. Readers should not interpret any part of this description as reflecting an analytical judgment, investigative conclusion, or factual determination regarding the described event’s validity, nature, or significance.",CENTCOM,True,not_classified,2021,year,2021,,,True,
entry_0feab45ffad57f27a54d,DOE-UAP-D003,68,"DOE-UAP-D003, Pajarito Astronomers Invitation, 1986",agency_4d042d764d542694c43b,release_2026-05-22,2026-05-22,PDF,"A letter to the members of the Pajarito Astronomers club regarding an upcoming meeting featuring a presentation from a Los Alamos National Laboratory-affiliated physicist, Dr. John Warren, titled “Why Should a Scientist be Concerned about UFOs?” The referenced event was not officially hosted by Los Alamos. The laboratory has no record of the subject matter discussed at the meeting.",New Mexico,True,not_classified,5/20/86,day,1986,5,1986-05-20,True,
entry_1138b8e2e13e953eab60,DOW-UAP-D077,115,"DOW-UAP-D077, AARO Unresolved Case Analysis Update: Western United States Event",agency_0e616debe8fcadbb45f7,release_2026-06-12,2026-06-12,PDF,"This memorandum summarizes the All-domain Anomaly Resolution Office’s (AARO) ongoing analysis of a reported incident near a sensitive national security site in the western United States involving unidentified anomalous phenomena (UAP) over a period of two days in 2023. As of June 2026, the case remains unresolved.",Western United States,False,not_classified,2023,year,2023,,,True,
entry_11ac4fb6dd04cfe1c6e4,DOW-UAP-D044,96,"DOW-UAP-D044, Range Fouler Reporting Form, Gulf of Aden, October 2020",agency_0e616debe8fcadbb45f7,release_2026-05-08,2026-05-08,PDF,"This document is a Range Fouler Reporting Form, a standardized reporting form the U.S. Navy uses to record the circumstances surrounding an unauthorized intrusion into controlled airspace during active military operations or training. These reports contain a narrative description of the observer’s experiences. 
A U.S. military operator reported observing a “round, cold object” via infrared sensor, traveling at 319 degrees (northwest) at approximately 20 mph. The report describes the UAP making “abrupt directional changes” during the event.
All descriptive and estimative language contained in this report reflects the reporter’s subjective interpretation at the time of the event. Such characterizations should not be interpreted as a conclusive indication of the presence or absence of any intrinsic object features or performance characteristics.",Arabian Sea ,True,not_classified,10/15/20,day,2020,10,2020-10-15,True,
entry_11ad73ffdaededdc71b0,NASA-UAP-D030,359,"NASA-UAP-D030, STS-80 Unidentified Object Image 1, 1996",agency_06552eff6885a0591452,release_2026-07-10,2026-07-10,IMG,"During STS-80, between November 19 and December 7, 1996, astronauts aboard Space Shuttle Columbia captured a series of three images of an unidentified object in low-Earth orbit. In the first photograph, the object is visible near the center of the frame, to the right of the limb of the Earth.",Low-Earth Orbit,False,not_classified,1996,year,1996,,,True,
entry_129b285089c174acde2d,FBI-UAP-D004,292,"FBI-UAP-D004, FD-1057-02, Northeastern United States, 2024",agency_c6cd4cf936fd5ad884ed,release_2026-06-12,2026-06-12,PDF,"This document is an FBI FD-1057, a form the Federal Bureau of Investigation (FBI) uses to record investigative activity. This FD-1057 documents the FBI’s contact with a U.S. person in October 2024, during which FBI special agents collected video footage and gathered information regarding the circumstances surrounding its capture. The U.S. person captured the video footage in the same general location as the incidents described in documents. 

The subject matter described in files FBI-UAP-D004 through FBI-UAP-D008 and depicted in the video footage FBI-UAP-PR001 through FBI-UAP-PR003 corresponds to reports originating from the same general area in the northeastern United States.",Northeastern United States,True,not_classified,"October, 2024",month,2024,10,,True,
entry_12ae84c00fb7edfbb493,DOW-UAP-PR088,208,"DOW-UAP-PR088, ""31 AUG [CALLSIGN] [CALLSIGN] Observes UAP""",agency_0e616debe8fcadbb45f7,release_2026-05-22,2026-05-22,VID,"On March 6, 2026, eight members of the U.S. House of Representatives requested access to 51 potentially UAP-related records allegedly held by the Department of War and the Intelligence Community. The All-domain Anomaly Resolution Office (AARO) identified a collection of responsive materials held on a classified network. Many of these materials lack a substantiated chain-of-custody.

AARO assesses that this video, whose uploader-defined title is, “31 AUG 2020 [CALLSIGN] [CALLSIGN] Observes UAP,” is likely derived from an infrared sensor aboard a U.S. military platform operating within the United States Central Command area of responsibility in 2020. A user uploaded this video to a classified network in August 2020.

Video Duration: 00:04:58
Video Description:
00:00-01:21: No content.
01:22-01:55: An area of contrast enters the field-of-view in the upper left corner of the screen, transits the frame, and exits the bottom of the screen.
01:56-02:47: The sensor cycles its zoom level several times. An area of contrast becomes visible in the lower half of the screen.
02:48-03:08: Another area of contrast enters the field-of-view from the left side of the screen.
03:09-03:29: The sensor pans to track the second area of contrast. The first area of contrast exits the field-of-view at the left edge of the screen.
03:30-04:58: Several areas of contrast enter and exit the field-of-view. The sensor remains focused on the second-appearing area of contrast.

This video description is provided for informational purposes only. Readers should not interpret any part of this description as reflecting an analytical judgment, investigative conclusion, or factual determination regarding the described event’s validity, nature, or significance.",CENTCOM,True,not_classified,2020,year,2020,,,True,
entry_133b2315e0d7cf6b1131,NASA-UAP-D032,361,"NASA-UAP-D032, STS-80 Unidentified Object Image 3, 1996",agency_06552eff6885a0591452,release_2026-07-10,2026-07-10,IMG,"During STS-80, between November 19 and December 7, 1996, astronauts aboard Space Shuttle Columbia captured a series of three images of an unidentified object in low-Earth orbit. In the third photograph, the object is visible near the center of the frame, superimposed against the Earth. It appears to have continued along a trajectory passing between Columbia and the Earth.",Low-Earth Orbit,False,not_classified,1996,year,1996,,,True,
entry_13da6109b24f47208254,DOW-UAP-D028,90,"DOW-UAP-D028, Mission Report, Iraq, September 2024",agency_0e616debe8fcadbb45f7,release_2026-05-08,2026-05-08,PDF,"This document is a Mission Report (MISREP), a standardized reporting form the U.S. Military uses to record the circumstances surrounding its operations. U.S. military services often use MISREPs to report Unidentified Anomalous Phenomena (UAP) to AARO. The GENTEXT, or “general text” section of these reports often contains important qualitative, contextual information, distinguishing it from the more quantitative, or numerical, data found elsewhere in the report.
While conducting a weapons calibration test, U.S. military operators reported observing a lens flare via MX-20 and MX-25 IR sensors after firing an AGM-176 Griffin air-to-surface missile. The operators described the source of the flare as a UAP moving through the aircraft’s sensor’s field-of-view at a high rate of speed. The reporter assessed that the flare was associated with “a significant heat source.”
All descriptive and estimative language contained in this report reflects the reporter’s subjective interpretation at the time of the event. Such characterizations should not be interpreted as a conclusive indication of the presence or absence of any intrinsic object features or performance characteristics.",Iraq,True,not_classified,9/20/24,day,2024,9,2024-09-20,True,
entry_14133ca687194a581b7f,DOW-UAP-PR084,204,"DOW-UAP-PR084, ""17 Sept 2020 [CALLSIGN] observes UAP""",agency_0e616debe8fcadbb45f7,release_2026-05-22,2026-05-22,VID,"On March 6, 2026, eight members of the U.S. House of Representatives requested access to 51 potentially UAP-related records allegedly held by the Department of War and the Intelligence Community. The All-domain Anomaly Resolution Office (AARO) identified a collection of responsive materials held on a classified network. Many of these materials lack a substantiated chain-of-custody.

AARO assesses that this video, whose uploader-defined title is, “17 Sept 2020 [CALLSIGN] observes UAP,” is likely derived from a full-motion video camera aboard a U.S. military platform operating within the United States Central Command area of responsibility in 2020. A user uploaded this video to a classified network in September 2020.

Video Duration: 00:04:13
Video Description:
00:00-00:24: No Content.
00:25-00:27: An area of contrast enters from the lower right-hand side of the screen and exits the screen in the upper left.
00:28-04:13 No Content.

This video description is provided for informational purposes only. Readers should not interpret any part of this description as reflecting an analytical judgment, investigative conclusion, or factual determination regarding the described event’s validity, nature, or significance.",CENTCOM,True,not_classified,2020,year,2020,,,True,
entry_14d0cfcf8c9f0605cd17,NASA-UAP-D029,358,"NASA-UAP-D029, Apollo 17 Crew Medical Debriefing (Continued), 1972",agency_06552eff6885a0591452,release_2026-07-10,2026-07-10,AUD,"This file contains segment 2 of 2 of the Apollo 17 post-mission medical debriefing at the Manned Spacecraft Center (now Johnson Space Center), Houston, Texas. In this continued segment, crew members and debriefers further discuss the “light flash phenomena,” a then novel, now well-documented biological effect where high-energy cosmic rays pass through the eye and strike the retina, causing the perception of light streaks or flashes. Two of the three crew members reported observing these flashes at various points during the mission, including in lunar orbit and while on the lunar surface.",Texas,False,not_classified,12/21/72,day,1972,12,1972-12-21,True,
entry_14d461d6e914fea3ef59,DOW-UAP-PR047,166,"DOW-UAP-PR047, Unresolved UAP Report, INDOPACOM, 2023",agency_0e616debe8fcadbb45f7,release_2026-05-08,2026-05-08,VID,"The United States Indo-Pacific Command submitted a report of an unidentified anomalous phenomenon to the All-domain Anomaly Resolution Office (AARO) consisting of one minute and 59 seconds of video footage from an infrared sensor aboard a U.S. military platform in 2023. The reporter did not provide any oral or written description of the observation.

Video Description:
00:00-01:59: The sensor tracks three distinct areas of contrast, maintaining their positions generally within the center of the frame. The areas of contrast appear to maintain a fixed position and orientation relative to one another.

This video description is provided for informational purposes only. Readers should not interpret any part of this description as reflecting an analytical judgment, investigative conclusion, or factual determination regarding the described event’s validity, nature, or significance.",Japan,True,not_classified,N/A,missing,,,,False,missing
entry_16011b6672ef29e14c01,65_HS1-834228961_62-HQ-83894_Serial_153,36,65_HS1-834228961_62-HQ-83894_Serial_153,agency_c6cd4cf936fd5ad884ed,release_2026-05-08,2026-05-08,PDF,"The FBI's 62-HQ-83894 case file includes investigative records, eyewitness testimonies, and public reports concerning Unidentified Flying Objects and flying discs documented between June 1947 and July 1968. The records include high-profile incident accounts, photographic evidence from sites like Oak Ridge, TN, and technical proposals regarding potential propulsion systems. Additional topics include convention programs, researcher accounts, and extensive media coverage from the period.  This file is partially posted on FBI vault with more redactions and some pages missing.  Included here is the complete case file with several newly declassified pages and only minor redactions.",N/A,False,not_classified,N/A,missing,,,,False,missing
entry_16308024a23f97021c6f,DOW-UAP-D083,121,"DOW-UAP-D083, Narrative Statement 5, Western United States Event, 2023",agency_0e616debe8fcadbb45f7,release_2026-06-12,2026-06-12,PDF,This memorandum presents the first-hand narrative from Witness 5 provided to the All-domain Anomaly Resolution Office (AARO). Witness 5 was one of several United States (U.S.) federal law enforcement special agents who reported observing unidentified anomalous phenomena (UAP) over a period of two days in October 2023 in the western United States.,Westen United States,True,not_classified,"October, 2023",month,2023,10,,True,
entry_1701c5f6cd14ccd1febd,DOW-UAP-PR068,188,"DOW-UAP-PR068, ""IIR 1 666 S0151 23/Video Footage of Unidentified Aerial Phenomenon (UAP) captured by fifth generation aircraft on 20 Jan 23""",agency_0e616debe8fcadbb45f7,release_2026-05-22,2026-05-22,VID,"On March 6, 2026, eight members of the U.S. House of Representatives requested access to 51 potentially UAP-related records allegedly held by the Department of War and the Intelligence Community. The All-domain Anomaly Resolution Office (AARO) identified a collection of responsive materials held on a classified network. Many of these materials lack a substantiated chain-of-custody.

AARO assesses that this video, whose uploader-defined title is, “IIR 1 666 S0151 23/Video Footage of Unidentified Aerial Phenomenon (UAP) captured by fifth generation aircraft on 20 Jan 23,” is likely derived from an infrared sensor aboard a U.S. military platform operating within the United States Northern Command area of responsibility in 2023. A user uploaded this video to a classified network in July 2023.

Video Duration: 00:01:03
Video Description:
00:00-00:31: A sensor tracks an area of contrast, keeping it generally within the center of the field-of-view.
00:32-01:03: The area of contrast briefly moves in and out of the field-of-view from the top of the frame as the sensor pans to track it.
00:48: A second area of contrast becomes visible in the upper right quarter of the screen.

This video description is provided for informational purposes only. Readers should not interpret any part of this description as reflecting an analytical judgment, investigative conclusion, or factual determination regarding the described event’s validity, nature, or significance.",NORTHCOM,True,not_classified,2023,year,2023,,,True,
entry_17577da153eb9f2b9038,DOW-UAP-D085_Transmission-of-CIA-Scientific-Advisory-Panel-Rept_1953,123,DOW-UAP-D085_Transmission-of-CIA-Scientific-Advisory-Panel-Rept_1953,agency_0e616debe8fcadbb45f7,release_2026-06-12,2026-06-12,PDF,"This file contains a copy of the CIA's 1953 ""Report of the Scientific Panel on Unidentified Flying Objects"" that was sent to the Secretary of Defense.",,False,not_classified,1953,year,1953,,,True,
entry_17c16402f5c3ee0a6270,FBI Photo B018,278,FBI Photo B018,agency_c6cd4cf936fd5ad884ed,release_2026-05-08,2026-05-08,PDF,"The Federal Bureau of Investigation (FBI) submitted a report of an unidentified anomalous phenomenon (UAP) to the All-domain Anomaly Resolution Office (AARO) consisting of a still image derived from a U.S. military system in 2025. The original imagery was altered with redactions before being submitted to AARO. An accompanying mission report was not provided. The operator reported that they were unable to positively identify the UAP. The date in the image is incorrect due to system date/time not being set.

Narrative Description: The monochrome image displays a grainy texture with a simplified central crosshair. Two small, dark, elongated objects are visible near the center of the frame in the lower left quadrant. This narrative description is provided for informational purposes only. Readers should not interpret any part of this description as reflecting an analytical judgment, investigative conclusion, or factual determination regarding the described event’s validity, nature, or significance.",Western United States,True,not_classified,Late 2025,approximate_within_year,2025,,,True,
entry_17f8546b452ceaa699d9,CIA-UAP-018,59,"CIA-UAP-018, Report of Unusual Flying Object Sightings and Attendant Scientific Activity",agency_9509941b7ce5f6527cf7,release_2026-06-12,2026-06-12,PDF,"A 1955 report on a UFO sighting in Hungary. The information came from a letter between Hungarian relatives, living in the USA and Budapest. A more redacted version of the report has been available on CIA's public website.",Hungary,False,not_classified,1955,year,1955,,,True,
entry_186f0ec566d7ffe0d0ab,FBI-UAP-D013,301,"FBI-UAP-D013, Washington State ‘UFO’ Investigation, 1952-1960",agency_c6cd4cf936fd5ad884ed,release_2026-06-12,2026-06-12,PDF,This file details an investigation of various sightings of Unidentified Flying Objects (UFOs) in Washington state between July 1952 and August 1960. This file includes memoranda and correspondence between the Federal Bureau of Investigation and the U.S. Air Force regarding UFO sightings.,"Washington State, United States",False,not_classified,July 1952-1960,multiple_years,,,,False,multiple_years
entry_1ab82b9f4225830fefa8,DOW-UAP-PR048,167,"DOW-UAP-PR048, Unresolved UAP Report, INDOPACOM, 2024",agency_0e616debe8fcadbb45f7,release_2026-05-08,2026-05-08,VID,"The United States Indo-Pacific Command submitted a report of an unidentified anomalous phenomenon to the All-domain Anomaly Resolution Office (AARO) consisting of one minute and 39 seconds of video footage from an infrared sensor aboard a U.S. military platform in 2024. The reporter did not provide any oral or written description of the observation.

Video Description:
00:00-01:39: The sensor tracks an area of contrast, maintaining its position generally within the center of the frame.

This video description is provided for informational purposes only. Readers should not interpret any part of this description as reflecting an analytical judgment, investigative conclusion, or factual determination regarding the described event’s validity, nature, or significance.",Indo-PACOM,True,not_classified,N/A,missing,,,,False,missing
entry_1b7c81e3a451f3580f29,FBI Photo B019,279,FBI Photo B019,agency_c6cd4cf936fd5ad884ed,release_2026-05-08,2026-05-08,PDF,"The Federal Bureau of Investigation (FBI) submitted a report of an unidentified anomalous phenomenon (UAP) to the All-domain Anomaly Resolution Office (AARO) consisting of a still image derived from a U.S. military system in 2025. The original imagery was altered with redactions before being submitted to AARO. An accompanying mission report was not provided. The operator reported that they were unable to positively identify the UAP. The date in the image is incorrect due to system date/time not being set.

Narrative Description: The monochrome image displays a grainy texture with a central crosshair reticle. A small cluster of dark pixels, forming an object, is visible at the exact center of the reticle. This narrative description is provided for informational purposes only. Readers should not interpret any part of this description as reflecting an analytical judgment, investigative conclusion, or factual determination regarding the described event’s validity, nature, or significance.",Western United States,True,not_classified,Late 2025,approximate_within_year,2025,,,True,
entry_1b826439d99bea22598f,FBI-UAP-PR002,322,"FBI-UAP-PR002, “Red Orb Rotation,” Northeastern United States, 2022",agency_c6cd4cf936fd5ad884ed,release_2026-06-12,2026-06-12,VID,"In March 2022, at approximately 1920 local time in the northeastern United States, an eyewitness observed two bright red luminous light sources hovering near the horizon at an estimated distance of 2,500 feet. Both luminous objects maintained generally stationary positions throughout the encounter. The lower light source appeared to rotate slowly relative to the upper light source, moving from an apparent 6 o’clock position to slightly beyond the apparent 9 o’clock position. The eyewitness did not hear any sounds from the light sources. The eyewitness captured this video using an iPhone 12 Pro at a location well known to them, which is sparsely populated.  

 The description above is derived from statements provided to the Federal Bureau of Investigation (FBI) by an eyewitness to the event. The FBI assesses the individual who reported this event as highly credible. The subject matter described in files FBI-UAP-D004 through FBI-UAP-D008 and depicted in the video footage FBI-UAP-PR001 through FBI-UAP-PR003 corresponds to reports originating from the same general area in the northeastern United States.",Northeastern United States,False,not_classified,"March, 2022",month,2022,3,,True,
entry_1b9a50fc866674f8fcf1,DOW-UAP-PR069,189,"DOW-UAP-PR069, ""F/A-18 FLIR UAP""",agency_0e616debe8fcadbb45f7,release_2026-05-22,2026-05-22,VID,"On March 6, 2026, eight members of the U.S. House of Representatives requested access to 51 potentially UAP-related records allegedly held by the Department of War and the Intelligence Community. The All-domain Anomaly Resolution Office (AARO) identified a collection of responsive materials held on a classified network. Many of these materials lack a substantiated chain-of-custody.

AARO assesses that this video, whose uploader-defined title is, “F/A-18 FLIR UAP,” is likely derived from an infrared sensor aboard a U.S. military platform operating within the United States Northern Command area of responsibility in 2022. A user uploaded this video to a classified network in July 2023.

Video Duration: 00:00:29
Video Description: A sensor pans to track an area of contrast. At the 14 second mark, a reticle surrounds the area of contrast. At the 27 second mark, the reticle loses its track on the area of contrast.

This video description is provided for informational purposes only. Readers should not interpret any part of this description as reflecting an analytical judgment, investigative conclusion, or factual determination regarding the described event’s validity, nature, or significance.",NORTHCOM,True,not_classified,,missing,,,,False,missing
entry_1bc4637d7e2c5fa70e56,CIA-UAP-013,54,"CIA-UAP-013, Report of Unusual Flying Object Sightings and Attendant Scientific Activity",agency_9509941b7ce5f6527cf7,release_2026-06-12,2026-06-12,PDF,"This 1956 CIA Information Report describes flying object sightings reported by a Budapest-based sub-source, including a sketch showing the objects' suspected formation and flight path between Budapest and Moscow. A more redacted version of this report has been available on CIA's public website.","Budapest, Hungary",False,not_classified,1956,year,1956,,,True,
entry_1cce74750587ab8153bf,DOE-UAP-D001,66,"DOE-UAP-D001, Enhanced PANTEX Imagery",agency_4d042d764d542694c43b,release_2026-05-22,2026-05-22,PDF,A Pantex Unidentified Object Incident Report that includes an enhanced image from ground surveillance radar tower.,,True,not_classified,,missing,,,,False,missing
entry_1cf4739af4852da7cea4,65_HS1-834228961_62-HQ-83894_Section_003,27,65_HS1-834228961_62-HQ-83894_Section_003,agency_c6cd4cf936fd5ad884ed,release_2026-05-08,2026-05-08,PDF,"The FBI's 62-HQ-83894 case file includes investigative records, eyewitness testimonies, and public reports concerning Unidentified Flying Objects and flying discs documented between June 1947 and July 1968. The records include high-profile incident accounts, photographic evidence from sites like Oak Ridge, TN, and technical proposals regarding potential propulsion systems. Additional topics include convention programs, researcher accounts, and extensive media coverage from the period.  This file is partially posted on FBI vault with more redactions and some pages missing.  Included here is the complete case file with several newly declassified pages and only minor redactions.",N/A,False,not_classified,N/A,missing,,,,False,missing
entry_1d3f0cbb70de604cec5a,CIA-UAP-015,56,"CIA-UAP-015, Project Blue Book Special Report No. 14 (Analysis of Reports of Unidentified Aerial Objects)",agency_9509941b7ce5f6527cf7,release_2026-06-12,2026-06-12,PDF,"This is the USAF Project Blue Book with a CIA cover sheet stating the document is ""Official Record Copy."" With the exception of the handwritten note on the first page, the content of this document has been available on CIA's public website.",,False,not_classified,,missing,,,,False,missing
entry_1dcd06f090c48b04303c,DOW-UAP-D089,127,"DOW-UAP-D089, Range Fouler Debrief, Eastern United States, 2020",agency_0e616debe8fcadbb45f7,release_2026-07-10,2026-07-10,PDF,"This document is a Range Fouler Debrief, a standardized reporting form the U.S. Navy uses to record the circumstances surrounding an unauthorized intrusion into controlled airspace during active military operations or training. These reports contain a narrative description of the observer’s experiences. This report accompanies the video titled “DOW-UAP-PR106.”

A U.S. military operator reported observing an object, describing it as “quite small” and as “continu[ing] in a constant direction.” The report characterizes the shape of the phenomenon as “indistinguishable,” with a metallic appearance and reflective underside.

All descriptive and estimative language contained in this report reflects the reporter’s subjective interpretation at the time of the event. Such characterizations should not be interpreted as a conclusive indication of the presence or absence of any intrinsic object features or performance characteristics.",Eastern United States,True,not_classified,2020,year,2020,,,True,
entry_1e0ed6ef1a35075ac51a,DOW-UAP-PR050,169,"DOW-UAP-PR050, ""4 UAP Formation Iran 26 Aug 2022 over water [CALLSIGN]""",agency_0e616debe8fcadbb45f7,release_2026-05-22,2026-05-22,VID,"On March 6, 2026, eight members of the U.S. House of Representatives requested access to 51 potentially UAP-related records allegedly held by the Department of War and the Intelligence Community. The All-domain Anomaly Resolution Office (AARO) identified a collection of responsive materials held on a classified network. Many of these materials lack a substantiated chain-of-custody.

AARO assesses that this video, whose uploader-defined title is, “4 UAP Formation Iran 26 Aug 2022 over water [CALLSIGN],” is likely derived from an infrared sensor aboard a U.S. military platform operating within the United States Central Command area of responsibility in 2022. A user uploaded this video to a classified network in June 2024.

Video Duration: 00:00:20
Video Description:
00:01-00:04: Four areas of contrast transit the sensor field-of-view, entering from the lower third of the left side of the screen and exiting near the center of the bottom of the frame.
00:05-00:06: An area of contrast enters the sensor field-of-view from the top left corner of the screen.

This video description is provided for informational purposes only. Readers should not interpret any part of this description as reflecting an analytical judgment, investigative conclusion, or factual determination regarding the described event’s validity, nature, or significance.",CENTCOM,True,not_classified,2022,year,2022,,,True,
entry_1f1559e92d77af959192,DOW-UAP-PR110,230,"DOW-UAP-PR110, Unresolved UAP Report, Eastern United States, 2020",agency_0e616debe8fcadbb45f7,release_2026-07-10,2026-07-10,VID,"The United States Northern Command submitted a report of an unidentified anomalous phenomenon to the All-domain Anomaly Resolution Office (AARO) consisting of 27 seconds of video footage from an infrared sensor aboard a U.S. military platform in 2020.

Video Description:
00:01-00:02: No content.
00:03-00:10: An area of contrast become visible to the right of the center of the frame. The sensor pans to track the area of contrast, causing it to appear to move about the field-of-view.
00:11-00:19: An auto-tracking reticle surrounds the area of contrast. The area of contrast gradually increases in angular size.
00:20-00:22: The area of contrast exits the sensor field-of-view to the right side of the frame.

This video description is provided for informational purposes only. Readers should not interpret any part of this description as reflecting an analytical judgment, investigative conclusion, or factual determination regarding the described event’s validity, nature, or significance.",Eastern United States,False,not_classified,2020,year,2020,,,True,
entry_21c064eecf29985d895a,DOW-UAP-D092,130,"DOW-UAP-D092, Department of the Air Force Committee to Review Project Bluebook, 1966-1967",agency_0e616debe8fcadbb45f7,release_2026-07-10,2026-07-10,PDF,This file documents the 1966-1967 deliberations and recommendations of the U.S. Air Force (USAF) Scientific Advisory Board’s Ad Hoc Committee to Review Project Blue Book. Project Blue Book was a 1952-1969 USAF program to investigate the nature and origin of unidentified flying objects (UFO). The Committee recommended that the USAF contract a scientific team composed of university-affiliated representatives to investigate selected UFO sightings. The USAF subsequently adopted the Committee’s recommendation.,Various,False,not_classified,4/17/67,day,1967,4,1967-04-17,True,
entry_238747a8e9ea8244ed7d,DOW-UAP-D014,81,"DOW-UAP-D014, Mission Report, Iraq, May 2022",agency_0e616debe8fcadbb45f7,release_2026-05-08,2026-05-08,PDF,"This document is a Mission Report (MISREP), a standardized reporting form the U.S. Military uses to record the circumstances surrounding its operations. U.S. military services often use MISREPs to report Unidentified Anomalous Phenomena (UAP) to AARO. The GENTEXT, or “general text” section of these reports often contains important qualitative, contextual information, distinguishing it from the more quantitative, or numerical, data found elsewhere in the report.
A U.S. military operator reported observing one UAP flying north to northeast. The observer reported following the UAP for as long as possible but was unable to positively identify it.
All descriptive and estimative language contained in this report reflects the reporter’s subjective interpretation at the time of the event. Such characterizations should not be interpreted as a conclusive indication of the presence or absence of any intrinsic object features or performance characteristics.",Syria,True,not_classified,5/29/22,day,2022,5,2022-05-29,True,
entry_24ef18654cb272d7e723,DOW-UAP-PR108,228,"DOW-UAP-PR108, Unresolved UAP Report, Western United States, 2020",agency_0e616debe8fcadbb45f7,release_2026-07-10,2026-07-10,VID,"The United States Northern Command submitted a report of an unidentified anomalous phenomenon to the All-domain Anomaly Resolution Office (AARO) consisting of 2 minutes and 16 seconds of video footage from an infrared sensor aboard a U.S. military platform in 2020.

Video Description: 
00:01-00:15: No content.
00:16-00:19: The footage flashes between normal operation and a black screen several times as the sensor changes display modes.
00:20-00:27: No content.
00:28-00:33: The sensor zooms in and pans to track an area of contrast, keeping it generally within the center of the frame.
00:34-00:57: An auto-tracking reticle surrounds the area of contrast as the sensor continues to track it against the background.
00:58-01:10: The sensor adjusts its zoom level and contrast settings several times.
01:11-01:34: The area of contrast leaves the sensor field-of-view to the left of the frame. The sensor adjusts its zoom level and contrast settings several times. No content.

This video description is provided for informational purposes only. Readers should not interpret any part of this description as reflecting an analytical judgment, investigative conclusion, or factual determination regarding the described event’s validity, nature, or significance.",Western United States,False,not_classified,2020,year,2020,,,True,
entry_252f0d41585339b606ca,DOW-UAP-PR115,235,"DOW-UAP-PR115, Unresolved UAP Report, Gulf of America, 2019",agency_0e616debe8fcadbb45f7,release_2026-07-10,2026-07-10,VID,"The United States Air Force submitted a report of an unidentified anomalous phenomenon to the All-domain Anomaly Resolution Office (AARO) consisting of 8 seconds of video footage from an infrared sensor aboard a U.S. military platform in 2019.

00:01-00:02: An area of contrast is visible near the center of the sensor field-of-view, partially obscured by visual elements of the heads-up display.
00:03-00:06: The sensor zooms and pans to track the area of contrast, which visually flickers in the display.
00:07-00:08: No content.

This video description is provided for informational purposes only. Readers should not interpret any part of this description as reflecting an analytical judgment, investigative conclusion, or factual determination regarding the described event’s validity, nature, or significance.

AARO Comment: Infrared sensor systems capture information within a specific range of electromagnetic wavelengths. When a tracked source’s temperature is similar to that of the surrounding environment, it can visually blend into the background or appear to flicker due to dynamic contrast adjustments applied by the system’s auto-gain control filters.",Gulf of America,True,not_classified,2019,year,2019,,,True,
entry_25b25df82312e3c7b012,FBI-UAP-D016,305,"FBI-UAP-D016, Digital Rendering, Narrative Statement 2-1, Western United States Event, 2023",agency_c6cd4cf936fd5ad884ed,release_2026-06-12,2026-06-12,IMG,"This image is an artistic interpretation of a reported incident near a sensitive national security site in the western United States involving unidentified anomalous phenomena (UAP) over a period of two days in October 2023. This image is based upon a first-hand description provided by a federal law enforcement special agent, as described in DOW-UAP-D080. The Federal Bureau of Investigation prepared this digital rendering at the request of the Department of War in 2026.",Western United States,False,artistic_interpretation,"October, 2023",month,2023,10,,True,
entry_25f0a77c853be9248d79,DOW-UAP-PR026,145,"DOW-UAP-PR026, Unresolved UAP Report, United Arab Emirates, October 2023",agency_0e616debe8fcadbb45f7,release_2026-05-08,2026-05-08,VID,"The United States Central Command submitted a report of an unidentified anomalous phenomenon to the All-domain Anomaly Resolution Office (AARO) consisting of 43 seconds of video footage from an infrared sensor aboard a U.S. military platform in 2023. An accompanying mission report, DoW-UAP-D23, mentions a UAP was observed during the mission.

Video Description:
00:00-00:17: An area of contrast remains generally within the top left quarter of the display.
00:17-00:18: The sensor pans from right to left, causing the area of contrast to pass through the center of the display. The sensor then pans from left to right, causing the area of contrast to return to its approximate initial position within the sensor field-of-view.
00:29: The sensor stops tracking the area of contrast, causing it to leave the sensor field-of-view on the left side of the screen.
00:30-00:43: The sensor resumes its motion relative to the background but does not reacquire the area of contrast.

This video description is provided for informational purposes only. Readers should not interpret any part of this description as reflecting an analytical judgment, investigative conclusion, or factual determination regarding the described event’s validity, nature, or significance.",United Arab Emirates,True,not_classified,N/A,missing,,,,False,missing
entry_276d6b5ee0373cb99514,DOW-UAP-D081,119,"DOW-UAP-D081, Narrative Statement 3, Western United States Event, 2023",agency_0e616debe8fcadbb45f7,release_2026-06-12,2026-06-12,PDF,This memorandum presents the first-hand narrative from Witness 3 provided to the All-domain Anomaly Resolution Office (AARO). Witness 3 was one of several United States (U.S.) federal law enforcement special agents who reported observing unidentified anomalous phenomena (UAP) over a period of two days in October 2023 in the western United States.,Westen United States,False,not_classified,"October, 2023",month,2023,10,,True,
entry_27e85cb414d0a5629ccb,DOW-UAP-D088,126,"DOW-UAP-D088, U.S. Air Force Analysis of Flying Objects in the United States, 101-172",agency_0e616debe8fcadbb45f7,release_2026-06-12,2026-06-12,PDF,"Includes a ""Check-List - Unidentified Flying Objects"" that contains details about the incident. Many summaries also include witness lists or statements and other narrative reports or descriptions.",,False,not_classified,,missing,,,,False,missing
entry_2926c279c3af26d64f20,DOW-UAP-PR067,187,"DOW-UAP-PR067, ""Multiple Spherical UAP USO near Sub. [CALLSIGN] 2022/03/25 in and out of water""",agency_0e616debe8fcadbb45f7,release_2026-05-22,2026-05-22,VID,"On March 6, 2026, eight members of the U.S. House of Representatives requested access to 51 potentially UAP-related records allegedly held by the Department of War and the Intelligence Community. The All-domain Anomaly Resolution Office (AARO) identified a collection of responsive materials held on a classified network. Many of these materials lack a substantiated chain-of-custody.

AARO assesses that this video, whose uploader-defined title is, “Multiple Spherical UAP USO near Sub. [CALLSIGN] 2022/03/25 in and out of water,” is likely derived from an infrared sensor aboard a U.S. military platform. A user uploaded this video to a classified network in May 2024.

Video Duration: 00:04:50
Video Description:
00:45-00:56: An area of contrast enters the field-of-view from the bottom left side of the screen and moves to the bottom right of the screen. The sensor pans to track the area of contrast. 
00:57-01:10: A second area of contrast enters the field-of-view from the bottom right side of the screen. The sensor pans to keep both objects in its field-of-view, but the second object briefly leaves the field of view off the right side of the screen. The first area of contrast leaves the field-of-view off the right side of the frame, and the sensor pans to continue tracking the second object, which then appears from the middle of the left side of the frame.
01:11-01:35: The sensor continues to pan to track the second area of contrast.
01:36: The sensor zooms out, losing view of the second area of contrast.
02:11-03:05: An area of contrast enters the field-of-view from the lower right side of the screen, moves off the left side of the screen, and the sensor pans to track it. The area of contrast reenters the field-of-view from the lower right side of the screen and the sensor continues to pan to track it.
04:09-04:37: An area of contrast enters the field-of-view from the right side of the screen, crosses the field-of-view, and the sensor pans to track it.

This video description is provided for informational purposes only. Readers should not interpret any part of this description as reflecting an analytical judgment, investigative conclusion, or factual determination regarding the described event’s validity, nature, or significance.",,True,not_classified,,missing,,,,False,missing
entry_293e2fc71396e060908a,DOW-UAP-D033,92,"DOW-UAP-D033, Mission Report, Greece, October 2023",agency_0e616debe8fcadbb45f7,release_2026-05-08,2026-05-08,PDF,"This document is a Mission Report (MISREP), a standardized reporting form the U.S. Military uses to record the circumstances surrounding its operations. U.S. military services often use MISREPs to report Unidentified Anomalous Phenomena (UAP) to AARO. The GENTEXT, or “general text” section of these reports often contains important qualitative, contextual information, distinguishing it from the more quantitative, or numerical, data found elsewhere in the report.
A U.S. military operator reported observing a UAP “flying just above the surface of the ocean.” The report describes the UAP as taking “multiple 90-degree turns at an estimated 80 mph.”
All descriptive and estimative language contained in this report reflects the reporter’s subjective interpretation at the time of the event. Such characterizations should not be interpreted as a conclusive indication of the presence or absence of any intrinsic object features or performance characteristics.",Aegean Sea ,True,not_classified,10/27/23,day,2023,10,2023-10-27,True,
entry_296b01113048830fa060,DOW-UAP-PR057a,176,"DOW-UAP-PR057a, ""Spherical UAP in clouds""",agency_0e616debe8fcadbb45f7,release_2026-05-22,2026-05-22,VID,"On March 6, 2026, eight members of the U.S. House of Representatives requested access to 51 potentially UAP-related records allegedly held by the Department of War and the Intelligence Community. The All-domain Anomaly Resolution Office (AARO) identified a collection of responsive materials held on a classified network. Many of these materials lack a substantiated chain-of-custody. 
AARO assesses that this video, whose uploader-defined title is, “Spherical UAP in clouds,” is likely derived from an infrared sensor aboard a U.S. military platform operating above the Yellow Sea in January 2023. A user uploaded this video to a classified network in June 2024.

Video Duration: 1:10
Video Description: 
00:00-00:06: No content.
00:07-00:08: An area of contrast enters the sensor field-of-view from left and exits near the center of the right side of the frame.
00:09-00:20: The sensor pans and cycles zoom levels multiple times.
00:21-00:31: An area of contrast enters the frame from the left side of the screen. The area of contrast becomes indistinguishable against the background.
00:32-00:34: The sensor zooms in. An area of contrast becomes distinguishable against the background near the center of the frame.
00:35-00:52: The sensor pans to track the area of contrast from left to right.
00:53-00:56: The sensor zooms in. An area of contrast transits the sensor field-of-view from left to right in the bottom third of the frame. 
00:57-01:10: No content.

This video description is provided for informational purposes only. Readers should not interpret any part of this description as reflecting an analytical judgment, investigative conclusion, or factual determination regarding the described event’s validity, nature, or significance.

AARO Comment: This media is a duplicate of DOW-UAP-PR57b, alternately titled, “[Platform] observes UAP in East China Sea 05 JAN 2023 INDOPACOM.” This discrepancy exists because two uploaders titled the underlying material differently on a classified network.",Yellow Sea,True,not_classified,2023,year,2023,,,True,
entry_29ec395b64313b72fbd7,NASA-UAP-D028,357,"NASA-UAP-D028, Apollo 17 Crew Medical Debriefing, 1972",agency_06552eff6885a0591452,release_2026-07-10,2026-07-10,AUD,"This file contains segment 1 of 2 of the Apollo 17 post-mission medical debriefing at the Manned Spacecraft Center (now Johnson Space Center), Houston, Texas. In the recording, crew members discuss the “light flash phenomena,” a then novel, now well-documented biological effect where high-energy cosmic rays pass through the eye and strike the retina, causing the perception of light streaks or flashes. Two of the three crew members reported observing these flashes at various points during the mission, including in lunar orbit and while on the lunar surface. The debriefing continues in the next file (NASA-UAP-D029).",Texas,False,not_classified,12/21/72,day,1972,12,1972-12-21,True,
entry_29f20182fde37f674392,DOW-UAP-D023,87,"DOW-UAP-D023, Mission Report, United Arab Emirates, October 2023",agency_0e616debe8fcadbb45f7,release_2026-05-08,2026-05-08,PDF,"This document is a Mission Report (MISREP), a standardized reporting form the U.S. Military uses to record the circumstances surrounding its operations. U.S. military services often use MISREPs to report Unidentified Anomalous Phenomena (UAP) to AARO. The GENTEXT, or “general text” section of these reports often contains important qualitative, contextual information, distinguishing it from the more quantitative, or numerical, data found elsewhere in the report.
A U.S. military operator reported observing one UAP.
All descriptive and estimative language contained in this report reflects the reporter’s subjective interpretation at the time of the event. Such characterizations should not be interpreted as a conclusive indication of the presence or absence of any intrinsic object features or performance characteristics.",Arabian Gulf,True,not_classified,10/31/23,day,2023,10,2023-10-31,True,
entry_2baf1571ee82a3090f22,DOW-UAP-PR037,156,"DOW-UAP-PR037, Unresolved UAP Report, Middle East, 2020",agency_0e616debe8fcadbb45f7,release_2026-05-08,2026-05-08,VID,"The United States Central Command submitted a report of an unidentified anomalous phenomenon to the All-domain Anomaly Resolution Office (AARO) consisting of nine seconds of video footage from an infrared sensor aboard a U.S. military platform in 2020. The reporter did not provide any oral or written description of the observation.

Video Description:
00:06-00:08: An area of contrast enters the sensor field-of-view from the bottom left quarter of the screen, follows a generally linear path from the bottom of the screen to the top, and exits from the top left quarter.

This video description is provided for informational purposes only. Readers should not interpret any part of this description as reflecting an analytical judgment, investigative conclusion, or factual determination regarding the described event’s validity, nature, or significance.",Arabian Gulf,True,not_classified,N/A,missing,,,,False,missing
entry_2cafcb21386e70ab1c6c,DOW-UAP-PR040,159,"DOW-UAP-PR040, Unresolved UAP Report, Middle East, 2020",agency_0e616debe8fcadbb45f7,release_2026-05-08,2026-05-08,VID,"The United States Central Command submitted a report of an unidentified anomalous phenomenon to the All-domain Anomaly Resolution Office (AARO) consisting of one minute and three seconds of video footage from an infrared sensor aboard a U.S. military platform in 2020. The original reporter digitally altered the imagery by pausing the video playback and adding a white line encircling an area of interest at timestamp 00:10, annotated with the phrase “U/I SMALL THERMAL SIGNATURE.” AARO did not edit the originally reported material, and this media is presented as received.

Video Description:
00:00-00:09: An area of contrast brightens within the sensor field-of-view, becoming increasingly distinct against the background.
00:10-00:14: Playback pauses to display a white line encircling an area of interest, annotated with the phrase “U/I SMALL THERMAL SIGNATURE.”
00:15-01:03: Playback resumes, with the sensor panning to track the area of contrast against the background, generally maintaining the area of contrast’s position within the top third of the display area. During this period, the sensor cycles through several contrast and zoom settings.

This video description is provided for informational purposes only. Readers should not interpret any part of this description as reflecting an analytical judgment, investigative conclusion, or factual determination regarding the described event’s validity, nature, or significance.",Arabian Gulf,True,not_classified,N/A,missing,,,,False,missing
entry_2d33c164438ce52c00df,NASA-UAP-D009,338,"NASA-UAP-D009, Apollo 17 Audio Excerpt, December 7, 1972",agency_06552eff6885a0591452,release_2026-05-22,2026-05-22,AUD,"During the eleventh and final crewed mission in the Apollo program, Apollo 17 Commander Gene Cernan, Lunar Module Pilot Harrison Schmitt, and Command Module Pilot Ronald Evans report seeing small lights outside the Apollo spacecraft during transit to the moon. 
The crew describe bright “particles” or “fragments” as being “jagged,” “angular,” and drifting near the Apollo spacecraft and the separated Saturn S-IVB stage. The Apollo 17 crew speculate that paint chips or ice chips are likely the source of these lights and note that they “twinkle” and move away from the Saturn S-IVB stage.",Cislunar Space,False,not_classified,12/7/72,day,1972,12,1972-12-07,True,
entry_311c1f094b0451813752,DOW-UAP-PR029,148,"DOW-UAP-PR029, Unresolved UAP Report, United Arab Emirates, June 2024",agency_0e616debe8fcadbb45f7,release_2026-05-08,2026-05-08,VID,"The United States Northern Command submitted a report of an unidentified anomalous phenomenon (UAP) to the All-domain Anomaly Resolution Office (AARO) consisting of 21 seconds of video footage from an infrared sensor aboard a U.S. military platform in 2024. An accompanying mission report, DoW-UAP-D8, described the UAP as consisting of an object with a vertical pole or bar attached to the bottom of the object. The observer also reported that the UAP may instead be a reflection from an object in the water.

Video Description:
00:00-00:21: An area of contrast visually resembling an inverted teardrop with a vertically linear trailing mass suspended below remains generally within the center of the sensor field-of-view throughout the video.

This video description is provided for informational purposes only. Readers should not interpret any part of this description as reflecting an analytical judgment, investigative conclusion, or factual determination regarding the described event’s validity, nature, or significance.",Gulf of Oman,True,not_classified,N/A,missing,,,,False,missing
entry_3253a2a67e81f67c03ba,DOW-UAP-PR083,203,"DOW-UAP-PR083, ""7 October 2020 [CALLSIGN] observes UAP""",agency_0e616debe8fcadbb45f7,release_2026-05-22,2026-05-22,VID,"On March 6, 2026, eight members of the U.S. House of Representatives requested access to 51 potentially UAP-related records allegedly held by the Department of War and the Intelligence Community. The All-domain Anomaly Resolution Office (AARO) identified a collection of responsive materials held on a classified network. Many of these materials lack a substantiated chain-of-custody.

AARO assesses that this video, whose uploader-defined title is, “7 October 2020 [CALLSIGN] observes UAP,” is likely derived from an infrared sensor aboard a U.S. military platform operating within the United States Central Command area of responsibility in October 2020. A user uploaded this video to a classified network in October 2020.
Video Duration: 00:04:34
Video Description:
00:09-00:25: An area of contrast enters the right side of the sensor field-of-view. The sensor pans to track the area of contrast, keeping it generally within the center of the frame.
00:26-03:20: The sensor cycles its zoom level multiple times, panning to track the area of contrast.
03:21-04:08: The sensor cycles modalities and zoom levels multiple times to focus on a faint area of contrast.
04:09: The area of contrast loses distinctiveness against the background.
04:10-04:26: No content.
04:27-04:34: An area of contrast appears on the right side of the sensor field-of-view, and the sensor pans to bring the area of contrast to the center of the display.

This video description is provided for informational purposes only. Readers should not interpret any part of this description as reflecting an analytical judgment, investigative conclusion, or factual determination regarding the described event’s validity, nature, or significance.",CENTCOM,True,not_classified,2020,year,2020,,,True,
entry_32f79bc1bc61cc547721,FBI-UAP-D002,290,"FBI-UAP-D002, FD-1057, Unresolved UAP Report, Colorado Springs, 2022",agency_c6cd4cf936fd5ad884ed,release_2026-06-12,2026-06-12,PDF,"This document is an FBI FD-1057, a form the Federal Bureau of Investigation (FBI) uses to record investigative activity. This FD-1057 contains a first-hand narrative description of unidentified anomalous phenomena (UAP) reported near Colorado Springs, Colorado. The interviewee provided this statement to FBI special agents to aid in producing a digital artistic interpretation of the incident.","Colorado Springs, Colorado, U.S.",True,artistic_interpretation,2022,year,2022,,,True,
entry_33074b8ba49fe1454820,DOW-UAP-PR086,206,"DOW-UAP-PR086, ""UAP from Dec 2019 (East Coast)""",agency_0e616debe8fcadbb45f7,release_2026-05-22,2026-05-22,VID,"On March 6, 2026, eight members of the U.S. House of Representatives requested access to 51 potentially UAP-related records allegedly held by the Department of War and the Intelligence Community. The All-domain Anomaly Resolution Office (AARO) identified a collection of responsive materials held on a classified network. Many of these materials lack a substantiated chain-of-custody.

AARO assesses that this video, whose uploader-defined title is, “UAP from Dec 2019 (East Coast),” is likely derived from an infrared sensor aboard a U.S. military platform operating within the United States Northern Command area of responsibility in 2019. A user uploaded this video to a classified network in September 2020.
Video Duration: 00:00:34
Video Description:
00:00-00:02: The sensor pans to track an area of contrast.
00:03-00:21: The sensor switches contrast modes while tracking an area of contrast.
00:22-00:23: The sensor pans to track an area of contrast.
00:24-00:34: No content.

This video description is provided for informational purposes only. Readers should not interpret any part of this description as reflecting an analytical judgment, investigative conclusion, or factual determination regarding the described event’s validity, nature, or significance.",NORTHCOM,True,not_classified,2019,year,2019,,,True,
entry_335997e4de6cc3e8559f,FBI-UAP-D021,310,"FBI-UAP-D021, Digital Rendering, Narrative Statement 1-3, Western United States Event, 2023",agency_c6cd4cf936fd5ad884ed,release_2026-06-12,2026-06-12,IMG,"This image is an artistic interpretation of a reported incident near a sensitive national security site in the western United States involving unidentified anomalous phenomena (UAP) over a period of two days in October 2023. This image is based upon a first-hand description provided by a federal law enforcement special agent, as described in DOW-UAP-D079. The Federal Bureau of Investigation prepared this digital rendering at the request of the Department of War in 2026.",Western United States,False,artistic_interpretation,"October, 2023",month,2023,10,,True,
entry_3392aca15255c9d5bd5d,FBI Photo B001,261,FBI Photo B001,agency_c6cd4cf936fd5ad884ed,release_2026-05-08,2026-05-08,PDF,"The Federal Bureau of Investigation (FBI) submitted a report of an unidentified anomalous phenomenon (UAP) to the All-domain Anomaly Resolution Office (AARO) consisting of a still image derived from a U.S. military system in 2025. The original imagery was altered with redactions before being submitted to AARO. An accompanying mission report was not provided. The operator reported that they were unable to positively identify the UAP. The date in the image is incorrect due to system date/time not being set. 

Narrative Description: The monochrome image displays a grainy texture with a central crosshair reticle. A small, dark, circular object is visible in the upper right quadrant, near the center of the frame. The background appears to show an indistinct mountain range or cloud formation.This narrative description is provided for informational purposes only. Readers should not interpret any part of this description as reflecting an analytical judgment, investigative conclusion, or factual determination regarding the described event’s validity, nature, or significance.",Western United States,True,not_classified,Late 2025,approximate_within_year,2025,,,True,
entry_3417720dabb446f7456b,FBI Photo A008,260,FBI Photo A008,agency_c6cd4cf936fd5ad884ed,release_2026-05-08,2026-05-08,IMG,"The Federal Bureau of Investigation (FBI) submitted a report of an unidentified anomalous phenomenon (UAP) to the All-domain Anomaly Resolution Office (AARO) consisting of a still image derived from a U.S. government system. The date and location of the event have not been provided.  The original imagery was altered with redactions before being submitted to AARO. An accompanying mission report was not provided. The operator reported that they were unable to positively identify the UAP.

Narrative Description: The monochrome image displays a background with faint, swirling patterns and a central crosshair reticle. A small, dark, irregular object is visible just below and to the right of the center of the reticle. This narrative description is provided for informational purposes only. Readers should not interpret any part of this description as reflecting an analytical judgment, investigative conclusion, or factual determination regarding the described event’s validity, nature, or significance.",N/A,True,not_classified,Late 2025,approximate_within_year,2025,,,True,
entry_3445e6ec27fe263d4195,DOW-UAP-PR028,147,"DOW-UAP-PR028, Unresolved UAP Report, Greece, January 2024",agency_0e616debe8fcadbb45f7,release_2026-05-08,2026-05-08,VID,"The United States Central Command submitted a report of an unidentified anomalous phenomenon (UAP) to the All-domain Anomaly Resolution Office (AARO) consisting of one minute and five seconds of video footage captured via multiple sensor modalities aboard a U.S. military platform in 2024. An accompanying mission report, DoW-UAP-D7, described the UAP as “diamond-shaped” and moving at approximately 434 knots. The observer also reported that the UAP was only detectable via short-wave infrared (SWIR) sensor.

Video Description: The screen is split into two viewing areas for the first ten seconds of the video, with the right side displaying electro-optical footage and the left side displaying SWIR footage.
00:04: An area of contrast becomes distinguishable against the background in the center of the right frame.
00:10: The display shifts to a full-screen view of the SWIR feed to better focus on the area of contrast.
00:55: The area of contrast remains generally within the center of the sensor field-of-view. The area of contrast visually resembles an inverted teardrop with a vertically linear trailing mass suspended below.
00:56: The operator switches the sensor modality to visible spectrum, losing the subject against the background.
00:57-01:05: The operator switches the sensor modality to SWIR (Black-Hot) but does not reacquire the area of contrast.

This video description is provided for informational purposes only. Readers should not interpret any part of this description as reflecting an analytical judgment, investigative conclusion, or factual determination regarding the described event’s validity, nature, or significance.",Greece,True,not_classified,N/A,missing,,,,False,missing
entry_348a45b88d6be099e6da,EOP-UAP-D001,252,"EOP-UAP-D001, NASC Inquiry into Bahia, Brazil Incident, November 13, 1963",agency_9c38e26a15a91461278a,release_2026-08-07,2026-08-07,PDF,"This document is a Central Intelligence Agency (CIA) Foreign Broadcast Information Service (FBIS) wire report dated November 9, 1963, tracking a local Portuguese-language radio broadcast from Rio de Janeiro, Brazil, regarding an alleged crash of a “large metal sphere” containing a deceased occupant in Conde, Bahia, Brazil. This FBIS report is excerpted from the files of Edward C. Welsh, Executive Secretary of the National Aeronautics and Space Council (NASC). NASC was a cabinet-level advisory body within the Executive Office of the President responsible for coordinating U.S. space policy from 1958 to 1973.

Handwritten annotations dated November 13, 1963, document a communication between officials at NASC and the U.S. Department of State. The note records a NASC request to a State Department official to query the U.S. Embassy in Rio de Janeiro for local verification of the reporting. This inter-agency request precedes a subsequent diplomatic cable sent by the Embassy the following day, cataloged in this collection under the title “DOS-UAP-D001.”","Bahia, Brazil",False,not_classified,11/13/63,day,1963,11,1963-11-13,True,
entry_350c329b0aeb535daccd,FBI Photo B022,282,FBI Photo B022,agency_c6cd4cf936fd5ad884ed,release_2026-05-08,2026-05-08,PDF,"The Federal Bureau of Investigation (FBI) submitted a report of an unidentified anomalous phenomenon (UAP) to the All-domain Anomaly Resolution Office (AARO) consisting of a still image derived from a U.S. military system in 2025. The original imagery was altered with redactions before being submitted to AARO. An accompanying mission report was not provided. The operator reported that they were unable to positively identify the UAP. The date in the image is incorrect due to system date/time not being set.

Narrative Description: The monochrome image displays a grainy texture with a simplified central crosshair. Two small, dark, elongated objects are visible near the center of the frame in the upper right quadrant.This narrative description is provided for informational purposes only. Readers should not interpret any part of this description as reflecting an analytical judgment, investigative conclusion, or factual determination regarding the described event’s validity, nature, or significance.",Western United States,True,not_classified,Late 2025,approximate_within_year,2025,,,True,
entry_350d544f93f493cc5fca,NASA-UAP-VM001,362,"NASA-UAP-VM001, Apollo 12, 1969",agency_06552eff6885a0591452,release_2026-05-08,2026-05-08,IMG,"This archival photograph depicts the lunar surface as viewed from the landing site of Apollo 12. This image features a highlighted area of interest slightly to the right of the vertical axis of the frame, above the horizon, in which unidentified phenomena are visible. 

This image has been modified from its original state to assist viewers in identifying specific areas of interest. These highlights are provided for contextual purposes only. Such alterations do not constitute an analytical judgment, investigative conclusion, or factual determination regarding the nature or significance of the subject matter.",Moon,False,not_classified,1969,year,1969,,,True,
entry_35ab41c4b938ab305040,FBI Photo B006,266,FBI Photo B006,agency_c6cd4cf936fd5ad884ed,release_2026-05-08,2026-05-08,PDF,"The Federal Bureau of Investigation (FBI) submitted a report of an unidentified anomalous phenomenon (UAP) to the All-domain Anomaly Resolution Office (AARO) consisting of a still image derived from a U.S. military system in 2025. The original imagery was altered with redactions before being submitted to AARO. An accompanying mission report was not provided. The operator reported that they were unable to positively identify the UAP.  The date in the image is incorrect due to system date/time not being set.

Narrative Description: The monochrome image displays a grainy texture with a central crosshair reticle. A dark, structured object with an appendage on its left side is visible just at the top of the reticle. A second, smaller, dark circular object is visible below the reticle in the bottom right quadrant. This narrative description is provided for informational purposes only. Readers should not interpret any part of this description as reflecting an analytical judgment, investigative conclusion, or factual determination regarding the described event’s validity, nature, or significance.",Western United States,True,not_classified,Late 2025,approximate_within_year,2025,,,True,
entry_3618a72ec55163a0a1c9,65_HS1-834228961_62-HQ-83894_Section_005,29,65_HS1-834228961_62-HQ-83894_Section_005,agency_c6cd4cf936fd5ad884ed,release_2026-05-08,2026-05-08,PDF,"The FBI's 62-HQ-83894 case file includes investigative records, eyewitness testimonies, and public reports concerning Unidentified Flying Objects and flying discs documented between June 1947 and July 1968. The records include high-profile incident accounts, photographic evidence from sites like Oak Ridge, TN, and technical proposals regarding potential propulsion systems. Additional topics include convention programs, researcher accounts, and extensive media coverage from the period.  This file is partially posted on FBI vault with more redactions and some pages missing.  Included here is the complete case file with several newly declassified pages and only minor redactions.",N/A,False,not_classified,N/A,missing,,,,False,missing
entry_366f999e54d0354907b1,DOW-UAP-D017,83,"DOW-UAP-D017, UAP Reported at Sandia Base, 1948-1950",agency_0e616debe8fcadbb45f7,release_2026-05-22,2026-05-22,PDF,"This file contains 116 pages of documentation from the Armed Forces Special Weapons Program (AFSWP) – the direct, post-World War II successor to the Manhattan Project – and from the U.S. Air Force – relating to a series of sightings and investigations in Sandia, New Mexico, from 1948-1950. This file contains 209 sightings of “green orbs,” “discs,” and “fireballs” reported near the military base. Witnesses reported unidentified anomalous phenomena (UAP) maneuvering, flying out of sight, disappearing, or exploding. The documents also include the results of contemporary investigations into residual copper powder found in some areas where sightings were reported. A few of these investigations became the basis for Project Grudge, which collected reports of unidentified flying objects from various other military installations – also included in this collection.",New Mexico,False,not_classified,1948-1950,multiple_years,,,,False,multiple_years
entry_38226e927ee56e7ee162,DOW-UAP-PR064,184,"DOW-UAP-PR064, ""AFSOC Kabul UAP Jul 2017""",agency_0e616debe8fcadbb45f7,release_2026-05-22,2026-05-22,VID,"On March 6, 2026, eight members of the U.S. House of Representatives requested access to 51 potentially UAP-related records allegedly held by the Department of War and the Intelligence Community. The All-domain Anomaly Resolution Office (AARO) identified a collection of responsive materials held on a classified network. Many of these materials lack a substantiated chain-of-custody.

AARO assesses that this video, whose uploader-defined title is, “AFSOC Kabul UAP Jul 2017,” is likely derived from an infrared sensor aboard a U.S. military platform operating within the United States Central Command area of responsibility. A user uploaded this video to a classified network in June 2024.

Video Duration: 00:00:17
Video Description:
00:00-00:13: No content.
00:14-00:15: An area of contrast moves into the sensor field-of-view from the left edge and moves to the right edge out of the field-of-view.

This video description is provided for informational purposes only. Readers should not interpret any part of this description as reflecting an analytical judgment, investigative conclusion, or factual determination regarding the described event’s validity, nature, or significance.",CENTCOM,True,not_classified,,missing,,,,False,missing
entry_3916963e4be0d4cdff24,FBI Photo B011,271,FBI Photo B011,agency_c6cd4cf936fd5ad884ed,release_2026-05-08,2026-05-08,PDF,"The Federal Bureau of Investigation (FBI) submitted a report of an unidentified anomalous phenomenon (UAP) to the All-domain Anomaly Resolution Office (AARO) consisting of a still image derived from a U.S. military system in 2025. The original imagery was altered with redactions before being submitted to AARO. An accompanying mission report was not provided. The operator reported that they were unable to positively identify the UAP. The date in the image is incorrect due to system date/time not being set.

Narrative Description: The monochrome image displays a grainy texture with a central crosshair reticle. A small, dark, circular object is visible in the upper right quadrant of the frame. The background appears to show an indistinct mountain range. This narrative description is provided for informational purposes only. Readers should not interpret any part of this description as reflecting an analytical judgment, investigative conclusion, or factual determination regarding the described event’s validity, nature, or significance.",Western United States,True,not_classified,Late 2025,approximate_within_year,2025,,,True,
entry_3919f2504491b09c0a70,DOW-UAP-PR121,241,"DOW-UAP-PR121, Unresolved UAP Report, Gulf of Oman, 2021",agency_0e616debe8fcadbb45f7,release_2026-08-07,2026-08-07,VID,"The United States Central Command submitted a report of an unidentified anomalous phenomenon to the All-domain Anomaly Resolution Office (AARO) consisting of 34 seconds of video footage. This footage is a secondary capture, recorded via a cellular device, of an infrared sensor display aboard a U.S. Special Operations Forces AC-130J Gunship. This footage does not represent native primary sensor data, and the secondary recording method introduces limitations in fidelity, resolution, and overall visual quality. Artifacts inherent to filming a screen, such as blurring or flickering, may be present. The footage contained within DOW-UAP-PR117 through DOW-UAP-PR122 was captured contemporaneously. An accompanying Intelligence Information Report, DOW-UAP-D101, describes the phenomena as “cold orbs” approximately four feet in diameter.

Video description:

00:00-00:12: An area of contrast remains generally within the center of the sensor field-of-view. Visual elements of the sensor display enter and exit the frame throughout the duration of the video.

00:13-00:18: A relatively larger area of contrast transits from the bottom of the frame to the top of the sensor’s field-of-view, then re-enters from the top left to the bottom left of the frame. The relatively smaller area of contrast exits the bottom of the frame, and re-enters from the upper-right quarter of the frame.

00:19-00:34: The sensor adjusts, and an area of contrast enters the sensor field-of-view from the top of the frame, and remains generally within the center of the frame.

AARO Comment: This video footage significantly overlaps in content with DOW-UAP-PR122. 

This video description is provided for informational purposes only. Readers should not interpret any part of this description as reflecting an analytical judgment, investigative conclusion, or factual determination regarding the described event’s validity, nature, or significance.",,False,not_classified,9/8/21,day,2021,9,2021-09-08,True,
entry_3a7efbcac6dc7269dd08,CIA-UAP-004,45,"CIA-UAP-004, CASE 17708 (CLOSED) and DR. Leon Davidson",agency_9509941b7ce5f6527cf7,release_2026-06-12,2026-06-12,PDF,"This 1958 CIA memorandum discussing a phone conversation with Dr. Leon Davidson regarding concerns about a destroyed ""space message and its transmitter."" A redacted version of this memorandum has been available on CIA's public website.",,False,not_classified,1958,year,1958,,,True,
entry_3aeaa5ffd176e2cbf0f1,DOW-UAP-PR106,226,"DOW-UAP-PR106, Unresolved UAP Report, Eastern United States, 2020",agency_0e616debe8fcadbb45f7,release_2026-07-10,2026-07-10,VID,"The United States Northern Command submitted a report of an unidentified anomalous phenomenon to the All-domain Anomaly Resolution Office (AARO) consisting of 11 seconds of video footage from an infrared sensor aboard a U.S. military platform in 2020. An accompanying Range Fouler Debrief, DOW-UAP-D089, describes the phenomenon as “quite small” and as “continu[ing] in a constant direction.” The report characterizes the shape of the phenomenon as “indistinguishable,” with a metallic appearance and reflective underside.

Video Description: This media was digitally altered before being reported to AARO, and is presented as received.
00:01-00:01: An area of contrast is visible above the center of the frame. 
00:02-00:04: The sensor switches modes, causing the area of contrast to rapidly move about within the field-of-view. The area of contrast leaves the sensor field-of-view from the top of the frame.

This video description is provided for informational purposes only. Readers should not interpret any part of this description as reflecting an analytical judgment, investigative conclusion, or factual determination regarding the described event’s validity, nature, or significance.",Eastern United States,False,not_classified,2020,year,2020,,,True,
entry_3b76ccdf99bb73fed648,DOW-UAP-PR066,186,"DOW-UAP-PR066, ""USCG C-144 Tyndall UAP 1 TIC TAC IR hot 24 April 2024""",agency_0e616debe8fcadbb45f7,release_2026-05-22,2026-05-22,VID,"On March 6, 2026, eight members of the U.S. House of Representatives requested access to 51 potentially UAP-related records allegedly held by the Department of War and the Intelligence Community. The All-domain Anomaly Resolution Office (AARO) identified a collection of responsive materials held on a classified network. Many of these materials lack a substantiated chain-of-custody.

AARO assesses that this video, whose uploader-defined title is, “USCG C-144 Tyndall UAP 1 TIC TAC IR hot 24 April 2024,” is likely derived from an infrared sensor aboard a U.S. Coast Guard platform operating in the Southeastern United States in 2024. A user uploaded this video to a classified network in June 2024.

Video Duration: 00:00:48
Video Description:
00:09-00:15: An area of contrast appears from the upper right side of the screen. The sensor does not pan to track the area of contrast, causing it to leave the field-of-view on the left side of the frame. 
00:33-00:48: An area of contrast enters the field-of-view from the lower right side of the screen and leaves the field-of-view on the lower left side of the screen. The sensor pans to the left, but is unable to track the area of contrast.

This video description is provided for informational purposes only. Readers should not interpret any part of this description as reflecting an analytical judgment, investigative conclusion, or factual determination regarding the described event’s validity, nature, or significance.",Southeastern United States,True,not_classified,2024,year,2024,,,True,
entry_3ba530e4f0af5b279c49,DOW-UAP-D025,88,"DOW-UAP-D025, Mission Report, Greece, January 2024",agency_0e616debe8fcadbb45f7,release_2026-05-08,2026-05-08,PDF,"This document is a Mission Report (MISREP), a standardized reporting form the U.S. Military uses to record the circumstances surrounding its operations. U.S. military services often use MISREPs to report Unidentified Anomalous Phenomena (UAP) to AARO. The GENTEXT, or “general text” section of these reports often contains important qualitative, contextual information, distinguishing it from the more quantitative, or numerical, data found elsewhere in the report.
A U.S. military operator reported observing one UAP, estimating its speed as “approximately 434 knots (499 mph)”. The observer described the UAP as diamond-shaped, with a non-maneuvering probe at the bottom. The observer noted that the UAP was only visible when viewed via an onboard Short-Wave Infrared (SWIR) sensor. The observer reported that the event occurred over a duration of approximately two minutes. 
All descriptive and estimative language contained in this report reflects the reporter’s subjective interpretation at the time of the event. Such characterizations should not be interpreted as a conclusive indication of the presence or absence of any intrinsic object features or performance characteristics.",Mediterranean Sea ,True,not_classified,1/25/24,day,2024,1,2024-01-25,True,
entry_3beffbe3fdceae6cb046,FBI Photo B007,267,FBI Photo B007,agency_c6cd4cf936fd5ad884ed,release_2026-05-08,2026-05-08,PDF,"The Federal Bureau of Investigation (FBI) submitted a report of an unidentified anomalous phenomenon (UAP) to the All-domain Anomaly Resolution Office (AARO) consisting of a still image derived from a U.S. military system in 2025. The original imagery was altered with redactions before being submitted to AARO. An accompanying mission report was not provided. The operator reported that they were unable to positively identify the UAP. The date in the image is incorrect due to system date/time not being set.

Narrative Description: The monochrome image displays a grainy texture with a central crosshair reticle. A dark object, consistent in appearance with a helicopter, is visible in the upper right quadrant. A second, smaller, dark circular object is visible below the reticle. The background is indistinct. This narrative description is provided for informational purposes only. Readers should not interpret any part of this description as reflecting an analytical judgment, investigative conclusion, or factual determination regarding the described event’s validity, nature, or significance.",Western United States,True,not_classified,Late 2025,approximate_within_year,2025,,,True,
entry_3cd8ea001a3d4495ea96,38_143685_box7_Incident_Summaries_1-100,20,38_143685_box7_Incident_Summaries_1-100,agency_0e616debe8fcadbb45f7,release_2026-05-08,2026-05-08,PDF,"Each of these incident summaries includes a ""Check-List - Unidentified Flying Objects"" that contains details about the incident. Many summaries also include witness lists or statements and other narrative reports or descriptions.",N/A,False,not_classified,N/A,missing,,,,False,missing
entry_3ed72aececa7176d582e,DOW-UAP-PR091,211,"DOW-UAP-PR091, ""21 AUG [CALLSIGN] Observes UAP in Persian Gulf""",agency_0e616debe8fcadbb45f7,release_2026-05-22,2026-05-22,VID,"On March 6, 2026, eight members of the U.S. House of Representatives requested access to 51 potentially UAP-related records allegedly held by the Department of War and the Intelligence Community. The All-domain Anomaly Resolution Office (AARO) identified a collection of responsive materials held on a classified network. Many of these materials lack a substantiated chain-of-custody.

AARO assesses that this video, whose uploader-defined title is, “21 AUG 2020 [CALLSIGN] Observes UAP in Persian Gulf,” is likely derived from an infrared sensor aboard a U.S. military platform operating within the United States Central Command area of responsibility in 2020. A user uploaded this video to a classified network in August 2020.

Video Duration: 00:04:48
Video Description:
00:00-03:07: No content.
03:08-03:10: The sensor zooms out. An area of contrast transits from the top of the screen to the bottom, exiting the frame.
03:11-03:48: The sensor zooms out and back in. The sensor pans to track the area of contrast.
03:49-04:48: The area of contrast becomes indistinguishable from the grain of the video and the sensor zooms out.

This video description is provided for informational purposes only. Readers should not interpret any part of this description as reflecting an analytical judgment, investigative conclusion, or factual determination regarding the described event’s validity, nature, or significance.",CENTCOM,True,not_classified,2020,year,2020,,,True,
entry_3f3439a6ea8d61e81c1e,DOW-UAP-PR127,247,"DOW-UAP-PR127, Unresolved UAP Report, Pacific Ocean, 2019",agency_0e616debe8fcadbb45f7,release_2026-08-07,2026-08-07,VID,"The United States Navy Unidentified Anomalous Phenomena Task Force (UAPTF) transferred this media to the All-domain Anomaly Resolution Office (AARO) in 2022. The video contains 2 minutes and 29 seconds of footage captured via a hand-held recording device by a U.S. military service member in 2019. Low-light conditions at the time of capture influence the overall visual quality of the footage. The footage contained within DOW-UAP-PR123 through DOW-UAP-PR127 was captured contemporaneously. This media was digitally altered before being reported to AARO, and is presented as it was received. 

Video description: 

00:00-00:17: The camera pans to track an apparent light source.

00:18-00:26: No content.

00:27-00:43: The camera pans to track an apparent light source.

00:44-00:47: No content.

00:47-00:49: The camera pans to track an apparent light source.

00:50-00:52: No content.

00:53-00:57: The camera pans to track an apparent light source.

00:57-01:02: No content.

01:02-02:28: The camera pans to track an apparent light source.

This video description is provided for informational purposes only. Readers should not interpret any part of this description as reflecting an analytical judgment, investigative conclusion, or factual determination regarding the described event’s validity, nature, or significance.",Pacific Ocean,False,not_classified,2019,year,2019,,,True,
entry_3f3d83b24f72d1eb4936,65_HS1-834228961_62-HQ-83894_Serial_403,39,65_HS1-834228961_62-HQ-83894_Serial_403,agency_c6cd4cf936fd5ad884ed,release_2026-05-08,2026-05-08,PDF,"The FBI's 62-HQ-83894 case file includes investigative records, eyewitness testimonies, and public reports concerning Unidentified Flying Objects and flying discs documented between June 1947 and July 1968. The records include high-profile incident accounts, photographic evidence from sites like Oak Ridge, TN, and technical proposals regarding potential propulsion systems. Additional topics include convention programs, researcher accounts, and extensive media coverage from the period.  This file is partially posted on FBI vault with more redactions and some pages missing.  Included here is the complete case file with several newly declassified pages and only minor redactions.",N/A,False,not_classified,N/A,missing,,,,False,missing
entry_4009abaf84512b8f7524,NASA-UAP-D023,352,"NASA-UAP-D023, Interview Excerpt with Astronaut Gordon Cooper, 1962",agency_06552eff6885a0591452,release_2026-06-12,2026-06-12,AUD,"In November 1962, journalist Walter Cronkite interviewed astronaut Gordon Cooper. In this excerpt from that interview, Cronkite asks Cooper about his views regarding the nature of unidentified flying objects, having previously expressed an interest in the subject. Cooper opines that “a large number of exceptionally well-qualified people have seen objects” without a “logical explanation” and speculates on the existence of other planets with “a livable atmosphere” and that maybe there are “some type of human life” out there. Interview was conducted in November 1962.",,False,not_classified,"November, 1962",month,1962,11,,True,
entry_40842f0011723e9f8543,NASA-UAP-D019,348,"NASA-UAP-D019, Gemini 5 Technical Debriefing, Part I, 1965",agency_06552eff6885a0591452,release_2026-06-12,2026-06-12,PDF,"This document is a preliminary transcript (Part I) derived from voice recordings of the Gemini 5 flight crew technical debriefing. NASA conducted this debriefing between August 30, 1965, and September 2, 1965, at the Crew Quarters, Cape Kennedy, Florida.","Cape Kennedy, Florida",False,not_classified,"August 2 - September 2, 1965",period_within_year,1965,,,True,
entry_41154c5f9d18591b265f,DOW-UAP-D094,132,"DOW-UAP-D094, Analysis of Flying Object Incidents in the United States, 1949",agency_0e616debe8fcadbb45f7,release_2026-07-10,2026-07-10,PDF,"This file contains a U.S. Air Force (USAF) Air Intelligence Division study, “Analysis of Flying Object Incidents in the United States,” Study No. 203, dated 04/28/1949. The analysis includes an assessment of various reported unidentified flying object (UFO) incidents and theories to account for their nature and origin. Overall, the study assesses that “it appears that some object has been seen; however, the identification of that object cannot be readily accomplished.” The study offers that two “reasonable” origins might account for the phenomena: technologies of a domestic or foreign origin. It also suggests that, if foreign, it is prudent for the United States to assume that UFO observations are attributable to scientific, military, or intelligence activities of the Soviet Union, and, in that case, to take seriously the threat such objects may pose. The file also contains selected contemporary UFO reports and examples of experimental “flying wing” type aircraft planforms that might account for certain commonly reported UFO characteristics.

AARO Comment: This file appears to be a later revision of the file contained in DOW-UAP-D093, whose content is substantively similar.",Virginia,False,not_classified,4/28/49,day,1949,4,1949-04-28,True,
entry_446aefea54cc74e94ebf,FBI-UAP-D010,298,"FBI-UAP-D010, FD-302-71, “Northeastern Orb Sighting,” 2026",agency_c6cd4cf936fd5ad884ed,release_2026-06-12,2026-06-12,PDF,"This document is an FBI FD-302, a form the Federal Bureau of Investigation uses to record interviews. This FD-302 records an interview with a U.S. person regarding their first-hand account of an incident potentially involving unidentified anomalous phenomena. 

 The subject matter described in files FBI-UAP-D009 and FBI-UAP-D010 and depicted in the video footage FBI-UAP-PR004 corresponds to reports originating from the same general area in the northeastern United States.",Northeastern United States,True,not_classified,2026,year,2026,,,True,
entry_44f1f903e437d7208bf7,DOW-UAP-D051,100,"DOW-UAP-D051, Email Correspondence, Pacific Time Zone, March 2023",agency_0e616debe8fcadbb45f7,release_2026-05-08,2026-05-08,PDF,"This document is email correspondence describing the content of a mission report and requesting clarification on its content.
All descriptive and estimative language contained in this report reflects the reporter’s subjective interpretation at the time of the event. Such characterizations should not be interpreted as a conclusive indication of the presence or absence of any intrinsic object features or performance characteristics.",Pacific Time Zone,True,not_classified,3/23/26,day,2026,3,2026-03-23,True,
entry_45480f17f8b90336f8f3,FBI Photo B020,280,FBI Photo B020,agency_c6cd4cf936fd5ad884ed,release_2026-05-08,2026-05-08,PDF,"The Federal Bureau of Investigation (FBI) submitted a report of an unidentified anomalous phenomenon (UAP) to the All-domain Anomaly Resolution Office (AARO) consisting of a still image derived from a U.S. military system in 2025. The original imagery was altered with redactions before being submitted to AARO. An accompanying mission report was not provided. The operator reported that they were unable to positively identify the UAP. The date in the image is incorrect due to system date/time not being set.

Narrative Description: The monochrome image displays a grainy texture with a central crosshair reticle. One to two small, dark, objects are visible just above and to the right of the center of the reticle. This narrative description is provided for informational purposes only. Readers should not interpret any part of this description as reflecting an analytical judgment, investigative conclusion, or factual determination regarding the described event’s validity, nature, or significance.",Western United States,True,not_classified,Late 2025,approximate_within_year,2025,,,True,
entry_45c5d2f73baf0a5305d9,FBI September 2023 Sighting - Serial 004,287,FBI September 2023 Sighting - Serial 004,agency_c6cd4cf936fd5ad884ed,release_2026-05-08,2026-05-08,PDF,"This is an FBI 302 interview conducted with a US citizen regarding their first-hand account of a UAP encounter at a US test site. USPER described an object ""metallic/gray in color.""",United States,True,not_classified,9/1/23,day,2023,9,2023-09-01,True,
entry_463e0e008b30f0a16251,FBI-UAP-D014,303,"FBI-UAP-D014, Digital Rendering, Narrative Statement 1-1, Western United States Event, 2023",agency_c6cd4cf936fd5ad884ed,release_2026-06-12,2026-06-12,IMG,"This image is an artistic interpretation of a reported incident near a sensitive national security site in the western United States involving unidentified anomalous phenomena (UAP) over a period of two days in October 2023. This image is based upon a first-hand description provided by a federal law enforcement special agent, as described in DOW-UAP-D079. The Federal Bureau of Investigation prepared this digital rendering at the request of the Department of War in 2026.",Westen United States,False,artistic_interpretation,"October, 2023",month,2023,10,,True,
entry_467786750848c62af234,DOW-UAP-D096,134,"DOW-UAP-D096, Correspondence Relating to Project Blue Book, 1955",agency_0e616debe8fcadbb45f7,release_2026-07-10,2026-07-10,PDF,"This file contains correspondence relating to Project Blue Book, a 1952-1969 U.S. Air Force program to investigate the nature and origin of unidentified flying objects (UFO). The correspondence includes letters and memoranda sent between various departments and agencies of the U.S. Government, the Legislative Branch, and private citizens concerning UFO sightings and the research and findings of Project Blue Book.",Various,False,not_classified,1955,year,1955,,,True,
entry_46c8fbeb08ad187cdc21,65_HS1-834228961_62-HQ-83894_Section_010,34,65_HS1-834228961_62-HQ-83894_Section_010,agency_c6cd4cf936fd5ad884ed,release_2026-05-08,2026-05-08,PDF,"The FBI's 62-HQ-83894 case file includes investigative records, eyewitness testimonies, and public reports concerning Unidentified Flying Objects and flying discs documented between June 1947 and July 1968. The records include high-profile incident accounts, photographic evidence from sites like Oak Ridge, TN, and technical proposals regarding potential propulsion systems. Additional topics include convention programs, researcher accounts, and extensive media coverage from the period.  This file is partially posted on FBI vault with more redactions and some pages missing.  Included here is the complete case file with several newly declassified pages and only minor redactions.",N/A,False,not_classified,N/A,missing,,,,False,missing
entry_471b5e5ae550e7a386b6,NASA-UAP-D003,331,"NASA-UAP-D003, Gemini 7 Transcript, 1965",agency_06552eff6885a0591452,release_2026-05-08,2026-05-08,PDF,"Gemini 7 was the tenth crewed American spaceflight. This document is a transcript of communications between the flight crew, Astronauts James “Jim” Lovell and Frank Borman, and the Manned Flight Center (now known as Johnson Space Center) in Houston, Texas. The transcript begins with Borman’s report of a “bogey,” contemporary nomenclature for an unknown aircraft, as well as a debris field. Borman described the debris field as consisting of “very, very many […] hundreds of little particles.” He estimated the particles’ distance from the spacecraft to be four miles. Lovell described observing a “brilliant body in the sun against a black background with trillions of particles on it.”
This document also includes handwritten notes documenting the encounter, annotated with the phrase “UFO Sighting by Borman” in the top right corner.",Low Earth Orbit,False,not_classified,12/5/65,day,1965,12,1965-12-05,True,
entry_474ae5c7eddf350eccd8,65_HS1-834228961_62-HQ-83894_Section_002,26,65_HS1-834228961_62-HQ-83894_Section_002,agency_c6cd4cf936fd5ad884ed,release_2026-05-08,2026-05-08,PDF,"The FBI's 62-HQ-83894 case file includes investigative records, eyewitness testimonies, and public reports concerning Unidentified Flying Objects and flying discs documented between June 1947 and July 1968. The records include high-profile incident accounts, photographic evidence from sites like Oak Ridge, TN, and technical proposals regarding potential propulsion systems. Additional topics include convention programs, researcher accounts, and extensive media coverage from the period.  This file is partially posted on FBI vault with more redactions and some pages missing.  Included here is the complete case file with several newly declassified pages and only minor redactions.",N/A,False,not_classified,N/A,missing,,,,False,missing
entry_479e3b24e7790c394913,FBI Photo B017,277,FBI Photo B017,agency_c6cd4cf936fd5ad884ed,release_2026-05-08,2026-05-08,PDF,"The Federal Bureau of Investigation (FBI) submitted a report of an unidentified anomalous phenomenon (UAP) to the All-domain Anomaly Resolution Office (AARO) consisting of a still image derived from a U.S. military system in 2025. The original imagery was altered with redactions before being submitted to AARO. An accompanying mission report was not provided. The operator reported that they were unable to positively identify the UAP. The date in the image is incorrect due to system date/time not being set.

Narrative Description: The monochrome image displays a grainy texture with a simplified central crosshair. Two small, dark, circular objects are visible near the center of the frame. This narrative description is provided for informational purposes only. Readers should not interpret any part of this description as reflecting an analytical judgment, investigative conclusion, or factual determination regarding the described event’s validity, nature, or significance.",Western United States,True,not_classified,Late 2025,approximate_within_year,2025,,,True,
entry_47e944662bb693d95e84,NASA-UAP-D024,353,"NASA-UAP-D024, “Apollo 16 Scientific Debriefing”",agency_06552eff6885a0591452,release_2026-06-12,2026-06-12,AUD,"This debriefing includes presentations from principal investigators of various Apollo experiments. The principal investigators describe preliminary results of their work to educate the Apollo crews about what they’ve obtained from Apollo 16 to help prepare for Apollo 17. They also describe anomalies, such as a “flash” that was observed that had not yet been reported. The flash is mentioned beginning at 25:15.","Houston, Texas",False,not_classified,,missing,,,,False,missing
entry_47fffd71a5cd0eb9a396,NASA-UAP-VM004,365,"NASA-UAP-VM004, Apollo 12, 1969",agency_06552eff6885a0591452,release_2026-05-08,2026-05-08,IMG,"This archival photograph depicts the lunar surface as viewed from the landing site of Apollo 12. This image features a highlighted area of interest slightly to the left of the vertical axis of the frame, above the horizon, in which unidentified phenomena are visible. 
This image has been modified from its original state to assist viewers in identifying specific areas of interest. These highlights are provided for contextual purposes only. Such alterations do not constitute an analytical judgment, investigative conclusion, or factual determination regarding the nature or significance of the subject matter.",Moon,False,not_classified,1969,year,1969,,,True,
entry_482c3c008d3505898893,NASA-UAP-VM006,367,"NASA-UAP-VM006, Apollo 17, 1972",agency_06552eff6885a0591452,release_2026-05-08,2026-05-08,IMG,"As part of the review of historical UAP materials under PURSUE, DOW has opened a case to investigate the accompanying NASA photograph from the Apollo 17 mission, taken December 1972. The image contains three “dots” in a triangular formation in the lower right quadrant of the lunar sky that is clearly visible upon magnification of the image. While this photo has been previously released and discussed by keen observers, there is no consensus about the nature of the anomaly. New preliminary US government analysis suggests the image feature is potentially the result of a physical object in the scene. Additionally, as part of this investigation, the government has obtained the original film from the Apollo 17 mission and the results of the full NASA and DOW analysis will be released when completed.",Moon,False,not_classified,1972,year,1972,,,True,
entry_485c46fbfcb12bff2e14,FBI-UAP-PR004,324,"FBI-UAP-PR004, “Northeastern Orb Sighting,” 2025",agency_c6cd4cf936fd5ad884ed,release_2026-06-12,2026-06-12,VID,"In July 2025, at approximately 2100 local time in the northeastern United States, an eyewitness observed an intense bright light in their backyard as they parked their car upon returning home from work. The light was hovering approximately 25 feet off the ground, below a tree line near the center of their backyard, at an estimated distance of 90 feet. The eyewitness exited their vehicle briefly before retrieving their phone to record the event. The spouse of the eyewitness came outside to assess the situation. The spouse also witnessed the light, describing it as a “brilliant red sphere” about one meter in diameter. The center of the red sphere appeared to be a white plasma “sun” about the size of a basketball. The orb slowly rose and moved to the left, and both eyewitnesses observed a second, identical orb, hovering above the other orb.  

The eyewitness then began recording the event using an iPhone 14 Pro Max, capturing the footage depicted in this video. As the eyewitness began recording, the orbs moved westward together above a nearby tree line. The witnesses described the orbs’ motion as silent and smooth, and as moving in tandem as though they were flying in formation or tethered together. As the orbs moved out of sight, both eyewitnesses saw them appear to merge. The eyewitnesses estimated that the orbs moved from their initial position before disappearing from view at an estimated distance of 75 yards. This observation occurred within 25 miles of the “Triangle Orbs,” “Red Orb Rotation,” and “Orbs Over the Pond,” sightings at a location well known to them, which is sparsely populated. 

 The description above is derived from statements provided to the Federal Bureau of Investigation (FBI) by eyewitnesses to the event. The FBI assesses the individuals who reported this event as credible. The subject matter described in files FBI-UAP-D009 through FBI-UAP-D010 and depicted in the video footage FBI-UAP-PR004 corresponds to reports originating from the same general area in the northeastern United States.",Northeastern United States,False,not_classified,"July, 2025",month,2025,7,,True,
entry_48748f089a5d21c4bad0,341_110448_Records_Relating_to_the_Collection_and_Dissemination_of_Intelligence_1948-1955-TS_CONT_No.2_2-5300-2-5399,15,341_110448_Records_Relating_to_the_Collection_and_Dissemination_of_Intelligence_1948-1955-TS_CONT_No.2_2-5300-2-5399,agency_0e616debe8fcadbb45f7,release_2026-05-08,2026-05-08,PDF,An Air Force intelligence report from November 1948 relating to unidentified flying objects and flying saucers.,Netherlands,False,not_classified,11/8/48,day,1948,11,1948-11-08,True,
entry_499a06d53317d7334053,DOW-UAP-PR072,192,"DOW-UAP-PR072, ""ADMINISTRATIVE REVISION: IIR 1777 J0032 22 Kazakhstan - UAP in the vicinity of Karaganda International Airport""",agency_0e616debe8fcadbb45f7,release_2026-05-22,2026-05-22,VID,"On March 6, 2026, eight members of the U.S. House of Representatives requested access to 51 potentially UAP-related records allegedly held by the Department of War and the Intelligence Community. The All-domain Anomaly Resolution Office (AARO) identified a collection of responsive materials held on a classified network. Many of these materials lack a substantiated chain-of-custody.

AARO assesses that this video, whose uploader-defined title is, “ADMINISTRATIVE REVISION: IIR 1777 J0032 22 Kazakhstan - UAP in the vicinity of Karaganda International Airport,” is likely derived from a commercially available cellular device’s rear-facing camera in February 2022. A user uploaded this video to a classified network in April 2023. 

Video Duration: 00:00:17
Video Description: This media was digitally altered prior to its upload to a classified network, and is presented as received.

00:00-00:03: No Content.
00:04-00:12: The video fades in from black to show a luminous phenomenon with trails of diminishing brightness extending from the center. The camera pans left and right, and zooms in on the phenomenon.
00:13: Video fades to black.
00:14-00:17: No content.

This video description is provided for informational purposes only. Readers should not interpret any part of this description as reflecting an analytical judgment, investigative conclusion, or factual determination regarding the described event’s validity, nature, or significance.",Kazakhstan,False,not_classified,2022,year,2022,,,True,
entry_49d05ba238488efc60e4,FBI Photo B021,281,FBI Photo B021,agency_c6cd4cf936fd5ad884ed,release_2026-05-08,2026-05-08,PDF,"The Federal Bureau of Investigation (FBI) submitted a report of an unidentified anomalous phenomenon (UAP) to the All-domain Anomaly Resolution Office (AARO) consisting of a still image derived from a U.S. military system in 2025. The original imagery was altered with redactions before being submitted to AARO. An accompanying mission report was not provided. The operator reported that they were unable to positively identify the UAP. The date in the image is incorrect due to system date/time not being set.

Narrative Description: The monochrome image displays a grainy texture with a central crosshair reticle. One to two small, dark, objects are visible just above and to the right of the center of the reticle. This narrative description is provided for informational purposes only. Readers should not interpret any part of this description as reflecting an analytical judgment, investigative conclusion, or factual determination regarding the described event’s validity, nature, or significance.",Western United States,True,not_classified,Late 2025,approximate_within_year,2025,,,True,
entry_4a0d69714ab926713cdd,DOW-UAP-PR097,217,"DOW-UAP-PR097, ""Hi-Res: [CALLSIGN] Observes UAP on 25SEP19 at 2135Z""",agency_0e616debe8fcadbb45f7,release_2026-05-22,2026-05-22,VID,"On March 6, 2026, eight members of the U.S. House of Representatives requested access to 51 potentially UAP-related records allegedly held by the Department of War and the Intelligence Community. The All-domain Anomaly Resolution Office (AARO) identified a collection of responsive materials held on a classified network. Many of these materials lack a substantiated chain-of-custody.

AARO assesses that this video, whose uploader-defined title is, “Hi-Res: [CALLSIGN] Observes UAP on 25SEP19 at 2135Z,” is likely derived from an infrared sensor aboard a U.S. military platform operating within the United States Central Command area of responsibility in 2019. A user uploaded this video to a classified network in October 2019.

Video Duration: 00:04:59
Video Description:
00:00-00:33: No Content.
00:34-00:36: An area of contrast enters the sensor field-of-view at the bottom of the screen.
00:37-00:44: The sensor rotates clockwise and corrects slightly counterclockwise to center the area of contrast in the frame.
00:37-01:37: The sensor cycles through several contrast and zoom levels while tracking the area of contrast.
01:38-02:10: At a higher magnification level, the area of contrast appears as a several areas grouped together in the center of the field-of-view.
02:11-03:06: The sensor changes contrast settings several times, causing the screen to flash black and white. The sensor continues to track the areas of contrast.
03:07-04:59: No content.

This video description is provided for informational purposes only. Readers should not interpret any part of this description as reflecting an analytical judgment, investigative conclusion, or factual determination regarding the described event’s validity, nature, or significance.",CENTCOM,True,not_classified,2019,year,2019,,,True,
entry_4a18a3ec0711d06cd0ec,NASA-UAP-D007,336,"NASA-UAP-D007, Skylab Technical Crew Debriefing 1973",agency_06552eff6885a0591452,release_2026-05-08,2026-05-08,PDF,"Launched on May 14, 1973, Skylab was the United States’ first laboratory in space. From 1973 to 1974, the station was visited by three crews. This document contains excerpts from all three crews to visit the station. In the first excerpt taken from Skylab 1/2 [first crew] Technical Debriefing from June 30, 1973, highlights crew observations of light flashes. The second excerpt taken from Skylab 1/3 Technical Crew Debriefing from October 4, 1973, highlights two observations—a satellite in similar orbit and another object with a “reddish hue to it.” The final excerpt taken from the Skylab 1/4 Technical Crew Debriefing from February 22, 1974, highlights an observation of flashing lights outside Skylab.
•	Skylab 2 crew observation: 
o	Page 23-20. [Science Pilot for Skylab 2, Joesph Kerwin] “We saw light flashes. I think all of us saw them. I saw them most often when I was in the sack at night with my eyes closed but awake naturally. They tended to wax and wane in frequency.”
•	Skylab 3 crew observations: 
o	Page 7-4. [Science Pilot for Skylab 3, Owen Garriott] “We saw that satellite about a week before splashdown. That was one of the most unusual things that we saw and I guess Jack [Lousma] noticed it looking out the window. This bright reddish object was out there and we tracked it for about 5 or 10 minutes. It was obviously a satellite in a very similar orbit to our own.”
o	Page 20-1. [Science Pilot for Skylab 3, Owen Garriott] “Jack [Lousma] first noticed this rather large red star out the wardroom window. Upon close examination, it was much brighter than Jupiter or any of the other planets. It had a reddish hue to it, even though it was well above the horizon.”
•	Skylab 4 crew observation 
o	Page 7-8. [Commander for Skylab 4, Gerald P. Carr] “One other area of unusual events that we reported on the dump tapes was that on occasion we saw some lights flashing outside with very a definite motion relative to ours. We presumed that they were other pieces of Skylab, or possibly other satellites.”",,False,not_classified,1973,year,1973,,,True,
entry_4aad3a7cdd11b32f817f,FBI-UAP-D030,316,"FBI-UAP-D030, FD-302, “Large Triangle with Red Lights,” 2023",agency_c6cd4cf936fd5ad884ed,release_2026-08-07,2026-08-07,PDF,"This document is an FBI FD-302, a form the Federal Bureau of Investigation (FBI) uses to record interviews. This FD-302 records an October 2025 interview with a U.S. Person, in which the interviewee describes an incident potentially involving unidentified anomalous phenomena (UAP) in Colorado Springs, Colorado, in October 2023. An FBI digital rendering based upon the observer’s description accompanies this document, under the title FBI-UAP-D031.","Colorado Springs, Colorado",True,artistic_interpretation,2023,year,2023,,,True,
entry_4bee63ff3b6ea42c8412,DOW-UAP-PR114,234,"DOW-UAP-PR114, Unresolved UAP Report, Atlantic Ocean, 2016",agency_0e616debe8fcadbb45f7,release_2026-07-10,2026-07-10,VID,"The United States Northern Command submitted a report of an unidentified anomalous phenomenon to the All-domain Anomaly Resolution Office (AARO) consisting of 39 seconds of video footage from an infrared sensor aboard a U.S. military platform in 2016.

Video Description: 
00:01-00:11: The sensor zooms in and out to track on an area of contrast, panning to keep it generally within the center of the frame.
00:12-00:29: The sensor switches modes. A white reticle surrounds the area of contrast.
00:30-00:36: The sensor stops tracking the object, causing it to exit the right side of the frame.
00:37-00:38: An area of contrast enters the sensor field-of-view from the right side of the frame.

This video description is provided for informational purposes only. Readers should not interpret any part of this description as reflecting an analytical judgment, investigative conclusion, or factual determination regarding the described event’s validity, nature, or significance.",Atlantic Ocean,True,not_classified,2016,year,2016,,,True,
entry_4cb93586b3e4ee7daf39,38_143685_box_Incident_Summaries_101-172,18,38_143685_box_Incident_Summaries_101-172,agency_0e616debe8fcadbb45f7,release_2026-05-08,2026-05-08,PDF,"Each of these incident summaries includes a ""Check-List - Unidentified Flying Objects"" that contains details about the incident. Many summaries also include witness lists or statements and other narrative reports or descriptions.",N/A,False,not_classified,N/A,missing,,,,False,missing
entry_4d27baba778f981c00f4,CIA-UAP-019,60,"CIA-UAP-019, Australian Dept of Defense Scientific and Intel Aspects of the UFO Problem",agency_9509941b7ce5f6527cf7,release_2026-06-12,2026-06-12,PDF,"Dated to 1971, an Australian review of the USAF Project Blue Book. This document was released by the National Archives of Australia.",Australia,False,not_classified,1971,year,1971,,,True,
entry_4dd49b67a6d0d18cc584,FBI-UAP-D022,311,"FBI-UAP-D022, Digital Rendering, Narrative Statement 2-6, Western United States Event, 2026",agency_c6cd4cf936fd5ad884ed,release_2026-06-12,2026-06-12,IMG,"This image is an artistic interpretation of a reported incident near a sensitive national security site in the western United States involving unidentified anomalous phenomena (UAP) over a period of two days in October 2023. This image is based upon a first-hand description provided by a federal law enforcement special agent, as described in DOW-UAP-D080. The Federal Bureau of Investigation prepared this digital rendering at the request of the Department of War in 2026.",Western United States,False,artistic_interpretation,"October, 2023",month,2023,10,,True,
entry_4de4e52f0c41f57e28e2,USG-UAP-D001,374,"USG-UAP-D001, Congressional, White House, UFO-related Constituent Correspondence, 1998",agency_cf08cb54ab0b6e4ff3a0,release_2026-06-12,2026-06-12,PDF,"This collection of documents, primarily from 1998, contains draft and final correspondence from the White House and the offices of members of Congress responding to constituent inquiries about Unidentified Flying Objects, or “UFOs.” These inquiries cover a diverse range of topics, including alleged UFO sightings by NASA astronauts, questions regarding the authenticity of photos collected during U.S. missions to Mars, alleged improper withholding of information by the U.S. Government, questions regarding the appropriateness of “UFO-related” governmental spending, and calls for congressional hearings regarding the nature and existence of “UFOs.” The official responses consistently state that, circa 1998, the U.S. Government is not aware of evidence supporting the existence of extraterrestrial technology, and that NASA does not actively investigate “UFOs.” The collection includes references to materials of both confirmed and unconfirmed authenticity, as provided by constituents, as well as references to historical, scientific literature addressing specific “UFO” sighting claims.",,True,not_classified,1998,year,1998,,,True,
entry_4f4d2751e686865050ba,DOW-UAP-D100,137,"DOW-UAP-D100, Air Materiel Command Report on Unidentified Flying Objects, 1947-1948",agency_0e616debe8fcadbb45f7,release_2026-08-07,2026-08-07,PDF,"This file is a collection of U.S. Government memoranda and correspondence relating to “Project Sign,” a 1948 U.S. Air Force program to investigate reports of high-performance airborne objects. The documents characterize some of these reports as being consistent with “real” objects rather than fabrications or resulting from perceptual errors. The U.S. Air Force cites the reported characteristics of the phenomena, e.g., high speed and maneuverability, as exceeding known performance envelopes of U.S. military aircraft and thereby presenting a potential national security threat, if validated. This potential threat prompted the Air Force to call on the Air Materiel Command (AMC), the Service’s Major Command for logistics and procurement from 1946 to 1961, to gather further evidence to assess the validity of the reports. The Air Force emphasized that there was an “imperative need” for such evidence to enable appropriate countermeasures. The stated urgency of this request reflects the strategic environment of the early Cold War, a period characterized by heightened national defense concerns amid rapid global advancements in aerospace design and development. In framing the call for an investigation, the Air Force noted that sustained public interest and persistent inquiries from the press may eventually require an official statement in response.

AMC’s investigation found that observers were generally not mistaken when reporting that they had seen an airborne object, but that their characterizations of those objects as unusual was likely a reflection of the “limits of their personal experience.” It identified “a great many” of the objects reported with a rounded appearance as “weather or upper air scientific balloons of some type.” It also identified several cases in which the reported objects were most likely celestial phenomena, such as Venus. AMC found that a small number of reports lacked a “reasonable everyday explanation,” but that “so far, no physical evidence of the existence of the unidentified sightings has been obtained.” AMC expressly considered whether the phenomena may have been “vehicles from another planet,” but found no evidence supporting such an origin. Ultimately, AMC found that “there is as yet no conclusive proof that unidentified flying objects, other than those which are known to be balloons, are real aircraft.” In light of these findings, AMC recommended that the Department of War should avoid publicly commenting on the subject of “flying discs.” Responding to the Air Force’s anticipated concerns regarding public interest in the subject, AMC recommended that the Department should reply in terms that minimize the investigation’s inconclusive findings, focusing on positive determinations in cases assessed to be weather balloons and celestial phenomena.",N/A,False,not_classified,1947-1948,multiple_years,,,,False,multiple_years
entry_50a2e2279c4e92e0c591,65_HS1-101634279_100-DE-18221_Serial_844,23,65_HS1-101634279_100-DE-18221_Serial_844,agency_c6cd4cf936fd5ad884ed,release_2026-05-08,2026-05-08,PDF,"An FBI memo from 1958 reporting a UFO sighting by a Detroit man who described a ""circular object with a crystal-type dome,"" and recommending that the information be forwarded to ""proper air force authorities.""","Detroit, MI",False,not_classified,4/17/58,day,1958,4,1958-04-17,True,
entry_50b8fd4d590caf963ac2,DOW-UAP-D010,79,"DOW-UAP-D010, Mission Report, Middle East, May 2022",agency_0e616debe8fcadbb45f7,release_2026-05-08,2026-05-08,PDF,"This document is a Mission Report (MISREP), a standardized reporting form the U.S. Military uses to record the circumstances surrounding its operations. U.S. military services often use MISREPs to report Unidentified Anomalous Phenomena (UAP) to AARO. The GENTEXT, or “general text” section of these reports often contains important qualitative, contextual information, distinguishing it from the more quantitative, or numerical, data found elsewhere in the report. 
A U.S. military operator reported observing “5x UAP fly across the screen.” The report continues by describing one of those observations as a “possible missile” and the remaining four as “possible birds.”
All descriptive and estimative language contained in this report reflects the reporter’s subjective interpretation at the time of the event. Such characterizations should not be interpreted as a conclusive indication of the presence or absence of any intrinsic object features or performance characteristics.",Iraq,True,not_classified,5/6/22,day,2022,5,2022-05-06,True,
entry_5168599f58ec0ad704c0,FBI-UAP-D017,306,"FBI-UAP-D017, Digital Rendering, Narrative Statement 2-2, Western United States Event, 2023",agency_c6cd4cf936fd5ad884ed,release_2026-06-12,2026-06-12,IMG,"This image is an artistic interpretation of a reported incident near a sensitive national security site in the western United States involving unidentified anomalous phenomena (UAP) over a period of two days in October 2023. This image is based upon a first-hand description provided by a federal law enforcement special agent, as described in DOW-UAP-D080. The Federal Bureau of Investigation prepared this digital rendering at the request of the Department of War in 2026.",Western United States,False,artistic_interpretation,"October, 2023",month,2023,10,,True,
entry_51b73d5a0a5cb1984542,NASA-UAP-D031,360,"NASA-UAP-D031, STS-80 Unidentified Object Image 2, 1996",agency_06552eff6885a0591452,release_2026-07-10,2026-07-10,IMG,"During STS-80, between November 19 and December 7, 1996, astronauts aboard Space Shuttle Columbia captured a series of three images of an unidentified object in low-Earth orbit. In the second photograph, the object is visible near the center of the frame, to the right of the limb of the Earth. It appears to have rotated or tumbled about its major axis, which is consistent with the behavior of a free-floating object.",Low-Earth Orbit,False,not_classified,1996,year,1996,,,True,
entry_521dc7ae2d7fcdf84f59,FBI-UAP-D001,289,"FBI-UAP-D001, FD-302, Unresolved UAP Report, Colorado Springs, 2022",agency_c6cd4cf936fd5ad884ed,release_2026-06-12,2026-06-12,PDF,"This document is a Federal Bureau of Investigation (FBI) FD-302, a form the FBI uses to record interviews. This FD-302 contains a summary of an interview with a U.S. military service member in March 2025 regarding a February 2022 incident potentially involving unidentified anomalous phenomena (UAP). The individual described the phenomenon as being “bean shaped,” “matte white” or “off-white” in color, with a surface covered in “intersecting lines or ridges which formed an abstract polygon pattern.” The individual described the phenomenon as “motionless” and that “no sound could be heard coming from it.” FBI Note: AARO has since been in contact with the interviewee to conduct subsequent interviews to inform its analysis of this incident.","Colorado Springs, Colorado, U.S.",True,not_classified,"February, 2022",month,2022,2,,True,
entry_56e64166a4c7d7602af1,FBI-UAP-D007,295,"FBI-UAP-D007, FD-1057-06, Northeastern United States, 2024",agency_c6cd4cf936fd5ad884ed,release_2026-06-12,2026-06-12,PDF,"This document is an FBI FD-1057, a form the Federal Bureau of Investigation (FBI) uses to record investigative activity. This FBI FD-1057 documents first-hand observations made by two FBI special agents’ during the course of an ongoing investigation in November 2024. 

The subject matter described in files FBI-UAP-D004 through FBI-UAP-D008 and depicted in the video footage FBI-UAP-PR001 through FBI-UAP-PR003 corresponds to reports originating from the same general area in the northeastern United States.",Northeastern United States,True,not_classified,"November, 2024",month,2024,11,,True,
entry_5720d3b0c9a171cd022c,FBI-UAP-D040,320,"FBI-UAP-D040, FD-302, “Multiple Red Lights,” 2026",agency_c6cd4cf936fd5ad884ed,release_2026-08-07,2026-08-07,PDF,"This document is an FBI FD-302, a form the Federal Bureau of Investigation (FBI) uses to record interviews. This FD-302 records a 2026 telephonic interview with a U.S. person, in which the interviewee describes two incidents potentially involving unidentified anomalous phenomena (UAP) in the western United States in 2026. A second individual who was present during the incidents at the time also provided an interview, recorded in this collection as “FBI-UAP-D037.” Two FBI digital renderings based upon the observers’ descriptions accompany this document, under the titles FBI-UAP-D041 and FBI-UAP-D042.",Western United States,True,artistic_interpretation,2026,year,2026,,,True,
entry_57e3724c4333599c652e,65_HS1-834228961_62-HQ-83894_SUB_A,42,65_HS1-834228961_62-HQ-83894_SUB_A,agency_c6cd4cf936fd5ad884ed,release_2026-05-08,2026-05-08,PDF,"The FBI's 62-HQ-83894 case file includes investigative records, eyewitness testimonies, and public reports concerning Unidentified Flying Objects and flying discs documented between June 1947 and July 1968. The records include high-profile incident accounts, photographic evidence from sites like Oak Ridge, TN, and technical proposals regarding potential propulsion systems. Additional topics include convention programs, researcher accounts, and extensive media coverage from the period.  This file is partially posted on FBI vault with more redactions and some pages missing.  Included here is the complete case file with several newly declassified pages and only minor redactions.",N/A,False,not_classified,N/A,missing,,,,False,missing
entry_58594611794eaa0e8dd5,DOW-UAP-D004,74,"DOW-UAP-D004, Mission Report, Arabian Gulf, 2020",agency_0e616debe8fcadbb45f7,release_2026-05-08,2026-05-08,PDF,"This document is a Mission Report (MISREP), a standardized reporting form the U.S. Military uses to record the circumstances surrounding its operations. U.S. military services often use MISREPs to report Unidentified Anomalous Phenomena (UAP) to AARO. The GENTEXT, or “general text” section of these reports often contains important qualitative, contextual information, distinguishing it from the more quantitative, or numerical, data found elsewhere in the report.
A U.S. military operator reported observing a UAP traveling at an estimated speed of 321 knots (369 mph). The observer reported that the UAP “increased speed and changed direction towards the east.”
All descriptive and estimative language contained in this report reflects the reporter’s subjective interpretation at the time of the event. Such characterizations should not be interpreted as a conclusive indication of the presence or absence of any intrinsic object features or performance characteristics.",N/A,True,not_classified,N/A,missing,,,,False,missing
entry_5961c06d8f2a8462f42a,DOW-UAP-D050,99,"DOW-UAP-D050, Email Correspondence, INDOPACOM, April 2025",agency_0e616debe8fcadbb45f7,release_2026-05-08,2026-05-08,PDF,"This document is email correspondence describing the content of a mission report and requesting clarification on its content.
All descriptive and estimative language contained in this report reflects the reporter’s subjective interpretation at the time of the event. Such characterizations should not be interpreted as a conclusive indication of the presence or absence of any intrinsic object features or performance characteristics.",N/A,True,not_classified,4/10/2025-4/11/2025,period_within_year,2025,,,True,
entry_5a9f9d6a1b103be8d3bb,DOW-UAP-D063,110,"DOW-UAP-D063, Mission Report, Strait of Hormuz, October 2020",agency_0e616debe8fcadbb45f7,release_2026-05-08,2026-05-08,PDF,"This document is a Mission Report (MISREP), a standardized reporting form the U.S. Military uses to record the circumstances surrounding its operations. U.S. military services often use MISREPs to report Unidentified Anomalous Phenomena (UAP) to AARO. The GENTEXT, or “general text” section of these reports often contains important qualitative, contextual information, distinguishing it from the more quantitative, or numerical, data found elsewhere in the report.
A U.S. military operator reported observing a UAP.
All descriptive and estimative language contained in this report reflects the reporter’s subjective interpretation at the time of the event. Such characterizations should not be interpreted as a conclusive indication of the presence or absence of any intrinsic object features or performance characteristics.",Strait of Hormuz ,True,not_classified,10/1/20,day,2020,10,2020-10-01,True,
entry_5b20f85762b82eb6c219,342_HS1-416511228_319.1 Flying Discs 1949,17,342_HS1-416511228_319.1 Flying Discs 1949,agency_0e616debe8fcadbb45f7,release_2026-05-08,2026-05-08,PDF,"This file primarily contains incident reports on Unidentified Flying Objects (UFOs) written in compliance with the 1948 Flight Service Regulation (FSR) 200-4. The incidents were witnessed by military sources, as well as by some Civilian Aviation Authority (CAA) ones. The reports typically include information such as dates, locations, weather, and altitude, plus detailed descriptions of appearance and movement. Some messages from the Military Air Transport Service (MATS) and Army Airways Communications System (AACS) are also included, as well as additional military intelligence reports, several diagrams, and a report from a weather station in Japan.",N/A,False,not_classified,1/9/50,day,1950,1,1950-01-09,True,
entry_5b58214c21770d28fa7d,DOW-UAP-D019,85,"DOW-UAP-D019, Mission Report, Syria, February 21, 2023",agency_0e616debe8fcadbb45f7,release_2026-05-08,2026-05-08,PDF,"This document is a Mission Report (MISREP), a standardized reporting form the U.S. Military uses to record the circumstances surrounding its operations. U.S. military services often use MISREPs to report Unidentified Anomalous Phenomena (UAP) to AARO. The GENTEXT, or “general text” section of these reports often contains important qualitative, contextual information, distinguishing it from the more quantitative, or numerical, data found elsewhere in the report.
A U.S. military operator reported observing one “possible balloon” at approximately 2,100 feet.
All descriptive and estimative language contained in this report reflects the reporter’s subjective interpretation at the time of the event. Such characterizations should not be interpreted as a conclusive indication of the presence or absence of any intrinsic object features or performance characteristics.",Syria,True,not_classified,2/21/23,day,2023,2,2023-02-21,True,
entry_5bec9719505f4a1b3221,FBI Photo B016,276,FBI Photo B016,agency_c6cd4cf936fd5ad884ed,release_2026-05-08,2026-05-08,PDF,"The Federal Bureau of Investigation (FBI) submitted a report of an unidentified anomalous phenomenon (UAP) to the All-domain Anomaly Resolution Office (AARO) consisting of a still image derived from a U.S. military system in 2025. The original imagery was altered with redactions before being submitted to AARO. An accompanying mission report was not provided. The operator reported that they were unable to positively identify the UAP. The date in the image is incorrect due to system date/time not being set.

Narrative Description: The monochrome image displays a grainy texture with a simplified central crosshair. Two dark, irregular-shaped objects are visible just right of the center in the upper right quadrant. This narrative description is provided for informational purposes only. Readers should not interpret any part of this description as reflecting an analytical judgment, investigative conclusion, or factual determination regarding the described event’s validity, nature, or significance.",Western United States,True,not_classified,Late 2025,approximate_within_year,2025,,,True,
entry_5c366c9f409feb825372,DOW-UAP-D032,91,"DOW-UAP-D032, Mission Report, Syria, October 2024",agency_0e616debe8fcadbb45f7,release_2026-05-08,2026-05-08,PDF,"This document is a Mission Report (MISREP), a standardized reporting form the U.S. Military uses to record the circumstances surrounding its operations. U.S. military services often use MISREPs to report Unidentified Anomalous Phenomena (UAP) to AARO. The GENTEXT, or “general text” section of these reports often contains important qualitative, contextual information, distinguishing it from the more quantitative, or numerical, data found elsewhere in the report.
A U.S. military operator reported observing a “misshapen and uneven ball of white light,” describing multiple “glares or light” emanating from an “unknown origin.” The reporter described the UAP as a “light/glare halo effect” at the top of the Full-Motion Video (FMV) feed.
All descriptive and estimative language contained in this report reflects the reporter’s subjective interpretation at the time of the event. Such characterizations should not be interpreted as a conclusive indication of the presence or absence of any intrinsic object features or performance characteristics.",Syria,True,not_classified,10/20/24,day,2024,10,2024-10-20,True,
entry_5d142ec912684ada6208,FBI Photo B002,262,FBI Photo B002,agency_c6cd4cf936fd5ad884ed,release_2026-05-08,2026-05-08,PDF,"The Federal Bureau of Investigation (FBI) submitted a report of an unidentified anomalous phenomenon (UAP) to the All-domain Anomaly Resolution Office (AARO) consisting of a still image derived from a U.S. military system in 2025. The original imagery was altered with redactions before being submitted to AARO. An accompanying mission report was not provided. The operator reported that they were unable to positively identify the UAP. The date in the image is incorrect due to system date/time not being set.

Narrative Description: The monochrome image displays a grainy texture with a central crosshair reticle. A small, dark, circular object is visible in the upper right quadrant. The background shows an indistinct mountain range or cloud formation. This narrative description is provided for informational purposes only. Readers should not interpret any part of this description as reflecting an analytical judgment, investigative conclusion, or factual determination regarding the described event’s validity, nature, or significance.",Western United States,True,not_classified,Late 2025,approximate_within_year,2025,,,True,
entry_5d89e84273e670449fa7,DOW-UAP-PR070,190,"DOW-UAP-PR070, ""IIR 1 655 S0301 23/Eglin AFB Aircrew Observed Unidentified Aerial Phenomena (UAP) on 13 Feb 23""",agency_0e616debe8fcadbb45f7,release_2026-05-22,2026-05-22,VID,"On March 6, 2026, eight members of the U.S. House of Representatives requested access to 51 potentially UAP-related records allegedly held by the Department of War and the Intelligence Community. The All-domain Anomaly Resolution Office (AARO) identified a collection of responsive materials held on a classified network. Many of these materials lack a substantiated chain-of-custody.

AARO assesses that this video, whose uploader-defined title is, “IIR 1 655 S0301 23/Eglin AFB Aircrew Observed Unidentified Aerial Phenomena (UAP) on 13 Feb 23,” is likely derived from an infrared sensor aboard a U.S. military platform operating within the United States Northern Command area of responsibility in 2023. A user uploaded this video to a classified network in March 2023.

Video Duration: 00:00:30
Video Description: A sensor pans to keep an area of contrast in the center of its field-of-view, cycling contrast modes multiple times. At the 22 second mark, the area of contrast loses distinctiveness against the background.

This video description is provided for informational purposes only. Readers should not interpret any part of this description as reflecting an analytical judgment, investigative conclusion, or factual determination regarding the described event’s validity, nature, or significance.",Southeastern United States,True,not_classified,2023,year,2023,,,True,
entry_5e65dc6afeb8fdc26372,DOW-UAP-D095,133,"DOW-UAP-D095, Joint U.S.-Canadian Aviation Projects and UFO Sighting Reports, 1954-1955",agency_0e616debe8fcadbb45f7,release_2026-07-10,2026-07-10,PDF,"This file contains reports, memoranda, and correspondence concerning various then-developmental vertical take-off and landing (VTOL) aircraft. The file includes assessments of the experimental potential of the “Avro Project Y2,” a joint U.S.-Canadian near-circular VTOL aircraft that is similar in appearance to contemporary popular descriptions of unidentified flying objects (UFO). A 1954 memorandum opines that VTOL aircraft with a circular planform may be mistaken for UFOs to observers unfamiliar with such technologies. It also recommends that UFO reports in the vicinity of Soviet military operations or assets be re-examined to assess whether they may be attributable to previously unknown advanced VTOL aircraft of foreign design.

The file also contains correspondence relating to a UFO incident involving a U.S. Air Force (USAF) KC-97 flying near Newfoundland, Canada in July 1955. A USAF committee found that the characteristics described in the report were inconsistent with those of known Soviet, American, or Canadian military systems. The committee was also “unable to explain the simultaneous ground radar returns and aircrew visual sightings.”

It also contains correspondence relating to the potential value of data from incidental radar collection of meteors entering the atmosphere. USAF Air Research and Development Command recommended using that data to improve the performance of the AN/FPS-17 radar system. Finally, the file contains correspondence indicating support for the Communications Instructions for Reporting Vital Intelligence Sightings (CIRVIS) program, a joint U.S.-Canadian civil-military program to standardize reporting methods for unusual or unidentified airborne and maritime hazards and threats.",Various,False,not_classified,1955,year,1955,,,True,
entry_5fb8b7d896b9b1c042a2,State Department UAP Cable 003,371,"State Department UAP Cable 003, Tbilisi, Georgia, October 30, 2001",agency_066b1b9fe8463307ff8b,release_2026-05-08,2026-05-08,PDF,"On October 28-29, there was an incident alleged by the Georgian Foreign Ministry that Russian aircraft had violated Georgian airspace and bombed areas of the Kodori Gorge.  Russians denied any of the claims and said that it could have been UFOs.  Cable authors note that Russians typically engage in the “bold lie” when they wish to conceal actions.",Georgia,False,not_classified,10/28/2001-10/29/2001,period_within_year,2001,,,True,
entry_60429881f03d7514c522,CIA-UAP-D023,65,"CIA-UAP-D023, Briefing Notes for Mr. Walter Elder",agency_9509941b7ce5f6527cf7,release_2026-08-07,2026-08-07,PDF,"This document contains briefing material prepared for Mr. Walter N. Elder, Executive Assistant to the Director of the Central Intelligence Agency (CIA), regarding a November 19, 1964, incident allegedly involving unidentified aircraft in the vicinity of Puerto Rico. The previous entry in this collection, CIA-UAP-D022, contains CIA memoranda on the same subject matter. The briefing includes additional details regarding that incident, including a characterization of the meteorological conditions and sensing capabilities of nearby U.S. military collection systems.

The briefing states that a radar system aboard USS Gyatt, a guided missile destroyer operating in the vicinity, detected a contact tracking more than 3,800 knots (approximately 4,373 mph) over a period of 21 minutes. The briefing contains visual estimates regarding the phenomenon’s apparent capabilities from the pilot of an F-8 Crusader who was present during the incident.",Caribbean Sea,False,not_classified,Undated,missing,,,,False,missing
entry_608354d6f1a7a88edfd6,FBI-UAP-D015,304,"FBI-UAP-D015, Digital Rendering, Narrative Statement 1-2, Western United States Event, 2023",agency_c6cd4cf936fd5ad884ed,release_2026-06-12,2026-06-12,IMG,"This image is an artistic interpretation of a reported incident near a sensitive national security site in the western United States involving unidentified anomalous phenomena (UAP) over a period of two days in October 2023. This image is based upon a first-hand description provided by a federal law enforcement special agent, as described in DOW-UAP-D079. The Federal Bureau of Investigation prepared this digital rendering at the request of the Department of War in 2026.",Western United States,False,artistic_interpretation,"October, 2023",month,2023,10,,True,
entry_622300eb0548df926266,DOW-UAP-PR049,168,"DOW-UAP-PR049, Unresolved UAP Report, Department of the Army, 2026",agency_0e616debe8fcadbb45f7,release_2026-05-08,2026-05-08,VID,"The Department of the Army submitted a report of an unidentified anomalous phenomenon to the All-domain Anomaly Resolution Office (AARO) consisting of one minute and 49 seconds of video from an infrared sensor aboard a U.S. military platform in 2026. The reporter did not provide any oral or written description of the observation.

Video Description:
00:00-00:08: The sensor tracks an initial area of interest.
00:09-00:16: The sensor disengages from its previous area of focus and pans from right to left to track two areas of contrast, narrowing the field-of-view to zoom in while panning to maintain the objects' positions generally within the center of the frame.
00:17-01:03: The sensor widens its field-of-view to zoom out, keeping the areas of contrast generally centered within the display.
01:04-01:08: The sensor field-of-view rapidly cycles between levels of zoom, causing the areas of contrast to appear to rapidly increase and decrease in size.
01:09-01:48: The sensor tracks the areas of contrast while maintaining a generally centered position, intermittently cycling between contrast settings.

This video description is provided for informational purposes only. Readers should not interpret any part of this description as reflecting an analytical judgment, investigative conclusion, or factual determination regarding the described event’s validity, nature, or significance.",North America,True,not_classified,N/A,missing,,,,False,missing
entry_6335bcee3b617441a8ea,CIA-UAP-D020,62,"CIA-UAP-D020, Memorandum on Unconventional Aircraft Sightings, 1955",agency_9509941b7ce5f6527cf7,release_2026-07-10,2026-07-10,PDF,"This memorandum summarizes a Central Intelligence Agency (CIA) debriefing of a group of four individuals who reported observing a “flying saucer” or “unconventional aircraft” in 1955. The group, which included U.S. Senator Richard Russell, a U.S. military service member, and two U.S. Government officials, reported observing a luminescent “greenish-yellow” phenomenon, as seen from aboard a train while traveling within the Soviet Union, in present-day Azerbaijan, between Baku and Tiflis (Tbilisi, Georgia). The document concludes by stating that the observation can “probably be explained as steep climbing aircraft or missiles,” and that “the evidence does not appear sufficiently firm to warrant the conclusion that the Soviets have developed […] a radically new type of aircraft.” The document “CIA-UAP-D021” contains a contemporary analysis of the incident.",Azerbaijan,False,not_classified,1955,year,1955,,,True,
entry_641a9cabe102ca51b58a,FBI-UAP-D033,318,"FBI-UAP-D033, FD-302, “Thermally Elevated Aerial Object,” 2026",agency_c6cd4cf936fd5ad884ed,release_2026-08-07,2026-08-07,PDF,"This document is an FBI FD-302, a form the Federal Bureau of Investigation (FBI) uses to record interviews. This FD-302 records a 2026 interview with a U.S. Government Special Agent, in which the interviewee describes an incident potentially involving unidentified anomalous phenomena (UAP) in the western United States, at approximately 9:00 PM local time, in 2026.",Western United States,True,not_classified,2026,year,2026,,,True,
entry_643b514d91955be6b924,FBI-UAP-D011,299,"FBI-UAP-D011, D/FBI Correspondence Referral, 1949",agency_c6cd4cf936fd5ad884ed,release_2026-06-12,2026-06-12,PDF,"This collection of documents contains correspondence between the Director of the Federal Bureau of Investigation (FBI), J. Edgar Hoover, and Rev. Charles Barnes concerning Barnes’ account of an incident potentially involving unidentified anomalous phenomena (UAP). Rev. Barnes described observing four beams of light “converging in the Cascade Mountains,” at an altitude of approximately 10,000 feet, with a “great explosion” visible at the convergence point of those beams for at least ten minutes. Director Hoover replied to Rev. Barnes thanking him for his letter and informing him that he had forwarded it to the Atomic Energy Commission (AEC). Director Hoover conveyed to the AEC that Rev. Barnes believed that the event may relate to a military or scientific experiment within the commission’s purview.",,False,not_classified,1949,year,1949,,,True,
entry_6575b01a6ffc64b1a8e8,DOE-UAP-D002,67,"DOE-UAP-D002, James Tuck Correspondence, 1970s",agency_4d042d764d542694c43b,release_2026-05-22,2026-05-22,PDF,"Personal correspondence to and from James Tuck, a Los Alamos National Laboratory-affiliated physicist, regarding his interest in unidentified anomalous phenomena circa 1970s.",,True,not_classified,1970s,decade,,,,False,multiple_years
entry_66872a1dc8877b5ebdf0,FBI Photo B013,273,FBI Photo B013,agency_c6cd4cf936fd5ad884ed,release_2026-05-08,2026-05-08,PDF,"The Federal Bureau of Investigation (FBI) submitted a report of an unidentified anomalous phenomenon (UAP) to the All-domain Anomaly Resolution Office (AARO) consisting of a still image derived from a U.S. military system in 2025. The original imagery was altered with redactions before being submitted to AARO. An accompanying mission report was not provided. The operator reported that they were unable to positively identify the UAP. The date in the image is incorrect due to system date/time not being set.

Narrative Description: The monochrome image displays a grainy texture with a simplified central crosshair. Two small, dark, elongated objects are visible near the center of the frame in the bottom right quadrant. This narrative description is provided for informational purposes only. Readers should not interpret any part of this description as reflecting an analytical judgment, investigative conclusion, or factual determination regarding the described event’s validity, nature, or significance.",Western United States,True,not_classified,Late 2025,approximate_within_year,2025,,,True,
entry_66aad266cfd6ac0de1a8,FBI-UAP-D009,297,"FBI-UAP-D009, FD-302-67, “Northeastern Orb Sighting,” 2026",agency_c6cd4cf936fd5ad884ed,release_2026-06-12,2026-06-12,PDF,"This document is an FBI FD-302, a form the Federal Bureau of Investigation uses to record interviews. This FD-302 records a February 2026 interview with a U.S. person, in which they described incidents potentially involving unidentified anomalous phenomena. 

 The subject matter described in files FBI-UAP-D009 and FBI-UAP-D010 and depicted in the video footage FBI-UAP-PR004 corresponds to reports originating from the same general area in the northeastern United States.",Northeastern United States,True,not_classified,2026,year,2026,,,True,
entry_67ffd72fa1266e694c1b,DOW-UAP-PR113,233,"DOW-UAP-PR113, Unresolved UAP Report, Western United States, 1996",agency_0e616debe8fcadbb45f7,release_2026-07-10,2026-07-10,VID,"The United States Navy Unidentified Anomalous Phenomena Task Force (UAPTF) transferred this media to the All-domain Anomaly Resolution Office (AARO) in 2022. The video contains 2 minutes and 57 seconds of footage likely captured by an infrared sensor aboard a U.S. military platform in 1996.

Video Description: No formal data handling practices for UAP-related records existed at the time this media was reported to the UAPTF. This media was digitally altered before being reported to the UAPTF, and is presented as it was received by AARO.
00:01-00:13: No content.
00:14-00:17: An area of contrast transits the sensor field-of-view, entering near the upper right corner and exiting near the lower left corner of the frame.
00:18-01:21: The footage repeats frame-by-frame.
01:22-02:13: The footage repeats at a slower playback speed.
02:14-02:56: The footage holds on a frame extracted from the first 17 seconds of the video.

This video description is provided for informational purposes only. Readers should not interpret any part of this description as reflecting an analytical judgment, investigative conclusion, or factual determination regarding the described event’s validity, nature, or significance.",Western United States,True,not_classified,1996,year,1996,,,True,
entry_6a0db17aa0f5b6f1be92,DOW-UAP-PR093,213,"DOW-UAP-PR093, ""May 05 2020 Gulf of Arabia [CALLSIGN] (Platform) Dual UAP""",agency_0e616debe8fcadbb45f7,release_2026-05-22,2026-05-22,VID,"On March 6, 2026, eight members of the U.S. House of Representatives requested access to 51 potentially UAP-related records allegedly held by the Department of War and the Intelligence Community. The All-domain Anomaly Resolution Office (AARO) identified a collection of responsive materials held on a classified network. Many of these materials lack a substantiated chain-of-custody.

AARO assesses that this video, whose uploader-defined title is, “May 05 2020 Gulf of Arabia [CALLSIGN] (Platform) Dual UAP,” is likely derived from an infrared sensor aboard a U.S. military platform operating within the United States Central Command area of responsibility in 2020. A user uploaded this video to a classified network in July 2020.

Video Duration: 00:00:30
Video Description:
00:00-00:07: The sensor pans to track an area of contrast.
00:07-00:30: Several areas of contrast enter and exit the field-of-view. The sensor adjusts contrast settings.

This video description is provided for informational purposes only. Readers should not interpret any part of this description as reflecting an analytical judgment, investigative conclusion, or factual determination regarding the described event’s validity, nature, or significance.

AARO Comment: DOW-UAP-PR093 and DOW-UAP-PR095 are not duplicates. Both videos share an uploader-defined title and depict highly similar subject matter, but are distinct.",CENTCOM,True,not_classified,2020,year,2020,,,True,
entry_6ac340c387ddd1a41e9d,DOW-UAP-PR058,178,"DOW-UAP-PR058, ""[CALLSIGN] (Mission) UAP""",agency_0e616debe8fcadbb45f7,release_2026-05-22,2026-05-22,VID,"On March 6, 2026, eight members of the U.S. House of Representatives requested access to 51 potentially UAP-related records allegedly held by the Department of War and the Intelligence Community. The All-domain Anomaly Resolution Office (AARO) identified a collection of responsive materials held on a classified network. Many of these materials lack a substantiated chain-of-custody.

AARO assesses that this video, whose uploader-defined title is, “[CALLSIGN] (Mission) UAP,” is likely derived from an infrared sensor aboard a U.S. military platform operating within the United States Indo-Pacific Command area of responsibility. A user uploaded this video to a classified network in June 2024. 

Video Duration: 00:10:48
Video Description: This media was digitally altered prior to its upload to a classified network, and is presented as received.

00:01-00:04: A black screen appears featuring the phrase, “[CALLSIGN] recording - 8x speed possible changes of shape stabilized and enhanced 38 secs.”
00:05-00:41: An area of contrast remains centered within the frame. Visual elements of the sensor display enter and exit the frame intermittently throughout.
00:42-00:45: A black screen appears featuring the phrase, “UAP recording original speed stabilized, sharpened, contrast enhanced 5 min.”
00:46-05:45: An area of contrast remains generally within the center of the frame. The sensor cycles contrast modes multiple times.
05:46-05:48: A black screen appears featuring the phrase, “UAP recording original clip 5 minutes.” 
05:49-10:48: The sensor pans to track an area of contrast keeping it generally within the center of the frame. The overall quality of the footage progressively degrades throughout.

This video description is provided for informational purposes only. Readers should not interpret any part of this description as reflecting an analytical judgment, investigative conclusion, or factual determination regarding the described event’s validity, nature, or significance.",INDOPACOM,True,not_classified,,missing,,,,False,missing
entry_6b21c991cbc059481cfe,FBI September 2023 Sighting - Composite Sketch,285,FBI September 2023 Sighting - Composite Sketch,agency_c6cd4cf936fd5ad884ed,release_2026-05-08,2026-05-08,PDF,"Actual site photo with FBI Lab rendered graphic overlay depicting corroborating eyewitness reports from September 2023 of an apparent ellipsoid bronze metallic object materializing out of a bright light in the sky, 130-195 feet in length, and disappearing instantaneously.",United States,False,artistic_interpretation,9/1/23,day,2023,9,2023-09-01,True,
entry_6b5489426f648dd17074,DOW-UAP-PR055,174,"DOW-UAP-PR055, ""Spherical UAP over AFG in and out of clouds 23 Nov 2020""",agency_0e616debe8fcadbb45f7,release_2026-05-22,2026-05-22,VID,"On March 6, 2026, eight members of the U.S. House of Representatives requested access to 51 potentially UAP-related records allegedly held by the Department of War and the Intelligence Community. The All-domain Anomaly Resolution Office (AARO) identified a collection of responsive materials held on a classified network. Many of these materials lack a substantiated chain-of-custody.

AARO assesses that this video, whose uploader-defined title is, “Spherical UAP over AFG in and out of clouds 23 Nov 2020,” is likely derived from an infrared sensor aboard a U.S. military platform operating in the United States Central Command area of responsibility in November 2020. A user uploaded this video to a classified network in June 2024.

Video Duration: 00:00:47
Video Description: This media was digitally altered prior to its upload to a classified network, and is presented as received.

00:00-00:02: A black screen appears featuring the phrase “zoomed in.”
00:03-00:10: An area of contrast becomes visible near the top left corner of the screen, transiting from left to right before losing distinctiveness against the background.
00:11-00:12: A black screen appears featuring the phrase “sharpened, zoomed motion tracked contrast enhanced slow to 60% speed.”
00:12-00:28: The video replays at reduced speed and increased zoom level.
00:28-00:29: A black screen appears featuring the phrase, “original video.”
00:30-00:47: An area of contrast appears near the center of the top of the frame, transits downward to the left, before moving to the right and losing distinctiveness against the background.

This video description is provided for informational purposes only. Readers should not interpret any part of this description as reflecting an analytical judgment, investigative conclusion, or factual determination regarding the described event’s validity, nature, or significance.",CENTCOM,True,not_classified,2020,year,2020,,,True,
entry_6b9bd37f1f553731dd1d,FBI-UAP-PR007,327,"FBI-UAP-PR007, “Slow-moving Objects,” 2026",agency_c6cd4cf936fd5ad884ed,release_2026-08-07,2026-08-07,VID,"A U.S. Government Special Agent captured this video footage via hand-held optical thermal imaging device during a 2026 incident in the western United States, as described in FBI-UAP-D032. The footage features two, slow-moving “black-hot” areas of contrast, visible in infrared imaging.",Western United States,False,not_classified,2026,year,2026,,,True,
entry_6ba015e7d53a2d1e241e,FBI-UAP-PR006,326,"FBI-UAP-PR006, Digital Recreation, Narrative Statement 3-2, Western United States Event, 2023",agency_c6cd4cf936fd5ad884ed,release_2026-06-12,2026-06-12,VID,"This video is an artistic interpretation of a reported incident near a sensitive national security site in the western United States involving unidentified anomalous phenomena (UAP) over a period of two days in October 2023. This digital recreation is based upon a first-hand description provided by a federal law enforcement special agent, as described in DOW-UAP-D081. The Federal Bureau of Investigation prepared this digital recreation at the request of the Department of War in 2026",Western United States,False,artistic_interpretation,"October, 2023",month,2023,10,,True,
entry_6be1a0322cc6e8c57ae0,65_HS1-101634279_100-DE-26505,24,65_HS1-101634279_100-DE-26505,agency_c6cd4cf936fd5ad884ed,release_2026-05-08,2026-05-08,PDF,"An FBI report from 1957 detailing the interview with Wladyslaw Krasuski, who recounted seeing a large, circular, vertically-rising vehicle in 1944 Germany near a German military compound.",Germany,True,not_classified,11/7/57,day,1957,11,1957-11-07,True,
entry_6d0105d0e5e08b046043,DOW-UAP-PR126,246,"DOW-UAP-PR126, Unresolved UAP Report, Pacific Ocean, 2019",agency_0e616debe8fcadbb45f7,release_2026-08-07,2026-08-07,VID,"The United States Navy Unidentified Anomalous Phenomena Task Force (UAPTF) transferred this media to the All-domain Anomaly Resolution Office (AARO) in 2022. The video contains 2 minutes and 32 seconds of footage captured via hand-held recording device by a U.S. military service member in 2019. Low-light conditions at the time of capture influence the overall visual quality of the footage. The footage contained within DOW-UAP-PR123 through DOW-UAP-PR127 was captured contemporaneously. This media was digitally altered before being reported to AARO, and is presented as it was received.

Video description: 

00:00-00:08: The camera pans against the background, bringing two apparent light sources into frame from the top left corner. The recording device focuses on the light sources, keeping them generally within the center of the frame.

00:09-00:53: The camera pans against the background. As the camera pans, it repeatedly brings several apparent light sources into and out of the frame. 

00:54-01:23: The sensor zooms in on the light source in the lower left quarter of the frame, focusing to bring it into the center of the field-of-view. 

01:24-02:32: The sensor zooms out and continues to pan to track apparent light sources. As the camera pans, it repeatedly brings several apparent light sources into and out of the frame.

This video description is provided for informational purposes only. Readers should not interpret any part of this description as reflecting an analytical judgment, investigative conclusion, or factual determination regarding the described event’s validity, nature, or significance.",Pacific Ocean,False,not_classified,2019,year,2019,,,True,
entry_6d0f11ca67329c23489d,DOW-UAP-D064,111,"DOW-UAP-D064, Mission Report, Iran, November 2020",agency_0e616debe8fcadbb45f7,release_2026-05-08,2026-05-08,PDF,"This document is a Mission Report (MISREP), a standardized reporting form the U.S. Military uses to record the circumstances surrounding its operations. U.S. military services often use MISREPs to report Unidentified Anomalous Phenomena (UAP) to AARO. The GENTEXT, or “general text” section of these reports often contains important qualitative, contextual information, distinguishing it from the more quantitative, or numerical, data found elsewhere in the report.
A U.S. military operator reported observing two UAP on November 2, 2020, at 2143Z and at 2148Z. The first observation occurred at an unknown altitude. The reporter described the second UAP’s direction of travel as proceeding to the northwest.
All descriptive and estimative language contained in this report reflects the reporter’s subjective interpretation at the time of the event. Such characterizations should not be interpreted as a conclusive indication of the presence or absence of any intrinsic object features or performance characteristics.",Iran,True,not_classified,11/2/20,day,2020,11,2020-11-02,True,
entry_6d7caa1aa3a2eba8681f,CIA-UAP-007,48,"CIA-UAP-007, Current Status Of Unidentified Flying Objects (UFO) Project.",agency_9509941b7ce5f6527cf7,release_2026-06-12,2026-06-12,PDF,"This December 1953 memorandum provides a status update on the Air Force's UFO project activities, including ongoing intelligence operations, equipment procurement for photographing UFOs, and Canada’s establishment of a ""laboratory"" for recording observable phenomena. A more redacted version of this memorandum has been available on CIA's public website.",,False,not_classified,"December, 1953",month,1953,12,,True,
entry_6e39fe6f64493a4ef09b,DOW-UAP-PR149,251,"DOW-UAP-PR149, Unresolved UAP Report, Middle East, 2023",agency_0e616debe8fcadbb45f7,release_2026-08-07,2026-08-07,VID,"The United States Central Command submitted a report of an unidentified anomalous phenomenon to the All-domain Anomaly Resolution Office (AARO) consisting of 51 seconds of video footage from an infrared sensor aboard a U.S. military platform in 2023.

Video description: 

00:00-00:04: An area of contrast transits the frame from the bottom right edge to the lower left edge of the sensor field-of-view.

00:05-00:51: The sensor pans to track the area of contrast, keeping it generally within the center of the frame.

This video description is provided for informational purposes only. Readers should not interpret any part of this description as reflecting an analytical judgment, investigative conclusion, or factual determination regarding the described event’s validity, nature, or significance.",Middle East,True,not_classified,2023,year,2023,,,True,
entry_6e3da72dff1ca434eca4,DOW-UAP-D061,108,"DOW-UAP-D061, Mission Report, Arabian Gulf, August 2020",agency_0e616debe8fcadbb45f7,release_2026-05-08,2026-05-08,PDF,"This document is a Mission Report (MISREP), a standardized reporting form the U.S. Military uses to record the circumstances surrounding its operations. U.S. military services often use MISREPs to report Unidentified Anomalous Phenomena (UAP) to AARO. The GENTEXT, or “general text” section of these reports often contains important qualitative, contextual information, distinguishing it from the more quantitative, or numerical, data found elsewhere in the report.
A U.S. military operator reported observing a “formation of unknown flying objects” traveling northeast to northwest along the coast for approximately two minutes. The report notes that light cloud coverage “prevented the continuous tracking of the formation.”
All descriptive and estimative language contained in this report reflects the reporter’s subjective interpretation at the time of the event. Such characterizations should not be interpreted as a conclusive indication of the presence or absence of any intrinsic object features or performance characteristics.",Arabian Gulf,True,not_classified,8/27/20,day,2020,8,2020-08-27,True,
entry_6e5fe26829e58bc3e298,DOW-UAP-PR142,250,"DOW-UAP-PR142, Unresolved UAP Report, Middle East, 2025",agency_0e616debe8fcadbb45f7,release_2026-08-07,2026-08-07,VID,"The United States Central Command submitted a report of an unidentified anomalous phenomenon to the All-domain Anomaly Resolution Office (AARO) consisting of 14 seconds of video footage from an infrared sensor aboard a U.S. military platform in 2025.

Video description: 

00:00-00:04: No content.

00:05-00:08: An area of contrast enters the sensor field-of-view from the left edge, transits from left to right, and exits the right edge of the frame. 

00:09-00:14: No content.

This video description is provided for informational purposes only. Readers should not interpret any part of this description as reflecting an analytical judgment, investigative conclusion, or factual determination regarding the described event’s validity, nature, or significance.",Middle East,True,not_classified,2025,year,2025,,,True,
entry_6f4e5907aa60ee51d67b,DOW-UAP-PR090,210,"DOW-UAP-PR090, ""24 AUG 2020 [CALLSIGN] (Mission) Observes UAP""",agency_0e616debe8fcadbb45f7,release_2026-05-22,2026-05-22,VID,"On March 6, 2026, eight members of the U.S. House of Representatives requested access to 51 potentially UAP-related records allegedly held by the Department of War and the Intelligence Community. The All-domain Anomaly Resolution Office (AARO) identified a collection of responsive materials held on a classified network. Many of these materials lack a substantiated chain-of-custody.

AARO assesses that this video, whose uploader-defined title is, “24 AUG 2020 [CALLSIGN] (Mission) Observes UAP,” is likely derived from an infrared sensor aboard a U.S. military platform operating within the United States Central Command area of responsibility in 2020. A user uploaded this video to a classified network in August 2020.

Video Duration: 00:04:57
Video Description:
00:00-00:03: The sensor tracks an area of contrast as it moves down the left side of the screen.
00:03-00:21: The sensor pans to track the area of contrast within the center of its field-of-view.
00:22-01:04: The sensor zooms in on the area of contrast.
01:05-01:14: The area of contrast exits and re-enters the field of view several times.
01:15-04:57: No content.

This video description is provided for informational purposes only. Readers should not interpret any part of this description as reflecting an analytical judgment, investigative conclusion, or factual determination regarding the described event’s validity, nature, or significance.",CENTCOM,True,not_classified,2020,year,2020,,,True,
entry_71a29e7f0829e912cbf6,65_HS1-834228961_62-HQ-83894_Section_001,25,65_HS1-834228961_62-HQ-83894_Section_001,agency_c6cd4cf936fd5ad884ed,release_2026-05-08,2026-05-08,PDF,"The FBI's 62-HQ-83894 case file includes investigative records, eyewitness testimonies, and public reports concerning Unidentified Flying Objects and flying discs documented between June 1947 and July 1968. The records include high-profile incident accounts, photographic evidence from sites like Oak Ridge, TN, and technical proposals regarding potential propulsion systems. Additional topics include convention programs, researcher accounts, and extensive media coverage from the period.  This file is partially posted on FBI vault with more redactions and some pages missing.  Included here is the complete case file with several newly declassified pages and only minor redactions.",N/A,False,not_classified,N/A,missing,,,,False,missing
entry_72397cb9bde94cdbfaec,CIA-UAP-010,51,"CIA-UAP-010, Report on Conversations with Soviet Scientists on Subject of Unidentified Flying Objects in the USSR",agency_9509941b7ce5f6527cf7,release_2026-06-12,2026-06-12,PDF,This CIA document from August 1967 reports on conversations about UFO sightings with Soviet scientists during a US astrophysicist's trip to the USSR.,USSR,False,not_classified,"August, 1967",month,1967,8,,True,
entry_728df492b9d8afe12074,NASA-UAP-D002,330,"NASA-UAP-D002, Apollo 17 Transcript, 1972",agency_06552eff6885a0591452,release_2026-05-08,2026-05-08,PDF,"Apollo 17 was the ninth crewed U.S. mission to the Moon, and the sixth to land astronauts on the lunar surface. This document is an excerpt from the Apollo 17 Technical Air-to-Ground Voice Transcription, December 1972, highlighting three periods in which astronauts reported observing unidentified phenomenon: a nine minute period on the first day, a three hour period on the second day, and a six minute period on the third day. 
•	Day 00, Hour 03, Minute 34, Second 10 through Day 00, Hour 03, Minute 42, Second 29:
    o	Command Module Pilot (CMP), Ronald Evans, reported observing “very bright particles or fragments” drifting and “tumbling” near the spacecraft as it maneuvered. Lunar Module Pilot (LMP), Harrison “Jack” Schmitt, described the phenomenon as looking “like the Fourth of July.” The astronauts speculated that the phenomenon may be attributable to ice or paint fragments dislodging from a separated component of the spacecraft (S-IVB) but characterized that assessment as a “wild guess.”
•	Day 02, Hour 18, Minute 42, Second 34 through Day 02, Hour 21, Minute 07, Second 05:
    o	Mission Commander, Eugene A. Cernan, reported difficulty sleeping and described having observed “some sets of the streaks.” He also described an intense light flashing between his eyes, describing its intensity as comparable to that of a train headlight and characterizing it as “imposing.” Over the next three hours, Cernan described observing several flashing, rotating phenomenon that he assessed as corresponding to physical objects in space rather than a purely optical phenomenon. LMP Schmitt also reported observing similar phenomenon, though he again assessed the source of his observation to be a separated rocket stage (S-IVB). At 02:20:55:22, Cernan reported observing two additional distant flashing objects, though he assessed them as Spacecraft/Lunar Module Adapter panels (SLA panel), another separated component of the Saturn V rocket.
•	Day 03, Hour 15, Minute 33, Second 25 through Day 03, Hour 15, Minute 39, Second 46:
    o	At 03:15:38:09, LMP Schmitt exclaimed that he had observed a flash on the lunar surface north of Grimaldi (crater).",Moon,False,not_classified,1972,year,1972,,,True,
entry_731c16f60d5be7cc25e7,FBI Photo B010,270,FBI Photo B010,agency_c6cd4cf936fd5ad884ed,release_2026-05-08,2026-05-08,PDF,"The Federal Bureau of Investigation (FBI) submitted a report of an unidentified anomalous phenomenon (UAP) to the All-domain Anomaly Resolution Office (AARO) consisting of a still image derived from a U.S. military system in 2025. The original imagery was altered with redactions before being submitted to AARO. An accompanying mission report was not provided. The operator reported that they were unable to positively identify the UAP. The date in the image is incorrect due to system date/time not being set.

Narrative Description: The monochrome image displays a grainy texture with a central crosshair reticle. A small, dark, circular object is visible just to the top right quadrant of the center of the reticle. The background shows an indistinct mountain range.This narrative description is provided for informational purposes only. Readers should not interpret any part of this description as reflecting an analytical judgment, investigative conclusion, or factual determination regarding the described event’s validity, nature, or significance.",Western United States,True,not_classified,Late 2025,approximate_within_year,2025,,,True,
entry_738bb787bdf0381c5ae9,DOW-UAP-D035,93,"DOW-UAP-D035, Mission Report, Greece, October 2023",agency_0e616debe8fcadbb45f7,release_2026-05-08,2026-05-08,PDF,"This document is a Mission Report (MISREP), a standardized reporting form the U.S. Military uses to record the circumstances surrounding its operations. U.S. military services often use MISREPs to report Unidentified Anomalous Phenomena (UAP) to AARO. The GENTEXT, or “general text” section of these reports often contains important qualitative, contextual information, distinguishing it from the more quantitative, or numerical, data found elsewhere in the report.
A U.S. military operator reported observing a UAP “flying just above the surface of the ocean.” The report describes the UAP as “[flying] straight above the ocean towards lands.”
All descriptive and estimative language contained in this report reflects the reporter’s subjective interpretation at the time of the event. Such characterizations should not be interpreted as a conclusive indication of the presence or absence of any intrinsic object features or performance characteristics.",Aegean Sea ,True,not_classified,10/29/23,day,2023,10,2023-10-29,True,
entry_74a23c336609c9ecf5e7,CIA-UAP-017,58,"CIA-UAP-017, Placement on High Alert Due to Perceived Aggressive Foreign Posturing",agency_9509941b7ce5f6527cf7,release_2026-06-12,2026-06-12,PDF,A never before released July 2008 report on a UFO sighting at the Harare International Airport. Individuals debated if the sighting was an advanced reconnaissance device of a foreign government or of extraterrestrial origins.,"Harare, Zimbabwe",False,not_classified,"July, 2008",month,2008,7,,True,
entry_74cdedb29ce1f851c84c,DOW-UAP-D052,101,"DOW-UAP-D052, Email Correspondence, NA, August 2024",agency_0e616debe8fcadbb45f7,release_2026-05-08,2026-05-08,PDF,"This document is email correspondence describing the content of a mission report and requesting clarification on its content.
All descriptive and estimative language contained in this report reflects the reporter’s subjective interpretation at the time of the event. Such characterizations should not be interpreted as a conclusive indication of the presence or absence of any intrinsic object features or performance characteristics.",N/A,True,not_classified,10/31/24,day,2024,10,2024-10-31,True,
entry_76ab822ea51a90b1d34a,CIA-UAP-008,49,"CIA-UAP-008, Speculative Paper By N Kardashev and A Sakharov on Charged Mass in Space at Conference on Origins Of Life, Armenia, 6-8 September 1971/Low Scientific Level Of Other Soviet Papers",agency_9509941b7ce5f6527cf7,release_2026-06-12,2026-06-12,PDF,This 1972 CIA Intelligence Information Report summarizes a US attendee's observations of a speculative paper regarding charged mass behavior in space presented by Soviet scientists N.S. Kardashev and A. Sakharov at a conference in Armenia. A more redacted version of this report has been available on CIA's public website.,,False,not_classified,1972,year,1972,,,True,
entry_7836d84aa89ce5e97c8d,DOW-UAP-PR107,227,"DOW-UAP-PR107, Unresolved UAP Report, Eastern United States, 2020",agency_0e616debe8fcadbb45f7,release_2026-07-10,2026-07-10,VID,"The United States Northern Command submitted a report of an unidentified anomalous phenomenon to the All-domain Anomaly Resolution Office (AARO) consisting of 28 seconds of video footage from an infrared sensor aboard a U.S. military platform in 2020.

Video Description:
00:01-00:02: No content.
00:03-00:11: An area on contrast enters the sensor field-of-view from the top right of the frame. The sensor pans to track the area of contrast, which repeatedly leaves and re-enters the sensor field-of-view.
00:12-00:16: The sensor zooms out and in.
00:17-00:23: The sensor pans to track the area of contrast, which repeatedly leaves and re-enters the sensor field-of-view.

This video description is provided for informational purposes only. Readers should not interpret any part of this description as reflecting an analytical judgment, investigative conclusion, or factual determination regarding the described event’s validity, nature, or significance.",Eastern United States,True,not_classified,2020,year,2020,,,True,
entry_7863ab1746bf02ddb63b,65_HS1-834228961_62-HQ-83894_Serial_164,37,65_HS1-834228961_62-HQ-83894_Serial_164,agency_c6cd4cf936fd5ad884ed,release_2026-05-08,2026-05-08,PDF,"The FBI's 62-HQ-83894 case file includes investigative records, eyewitness testimonies, and public reports concerning Unidentified Flying Objects and flying discs documented between June 1947 and July 1968. The records include high-profile incident accounts, photographic evidence from sites like Oak Ridge, TN, and technical proposals regarding potential propulsion systems. Additional topics include convention programs, researcher accounts, and extensive media coverage from the period.  This file is partially posted on FBI vault with more redactions and some pages missing.  Included here is the complete case file with several newly declassified pages and only minor redactions.",N/A,False,not_classified,N/A,missing,,,,False,missing
entry_7aeb2f7fe07b10bdcecc,DOW-UAP-D038,94,"DOW-UAP-D038, Range Fouler Debrief, Middle East, May 2020",agency_0e616debe8fcadbb45f7,release_2026-05-08,2026-05-08,PDF,"This document is a Range Fouler Debrief, a standardized reporting form the U.S. Navy uses to record the circumstances surrounding an unauthorized intrusion into controlled airspace during active military operations or training. These reports contain a narrative description of the observer’s experiences. 
A U.S. military operator reported observing a “solid white object [fly] through the [field-of-view]. The reporter described the UAP as making erratic [movements] above the water.
All descriptive and estimative language contained in this report reflects the reporter’s subjective interpretation at the time of the event. Such characterizations should not be interpreted as a conclusive indication of the presence or absence of any intrinsic object features or performance characteristics.",Arabian Gulf,True,not_classified,5/14/20,day,2020,5,2020-05-14,True,
entry_7b22c519690e76235757,FBI-UAP-D003,291,"FBI-UAP-D003, Digital Rendering, Unresolved UAP Report, Colorado Springs, 2022",agency_c6cd4cf936fd5ad884ed,release_2026-06-12,2026-06-12,PDF,"This image is an artistic interpretation of a 2022 incident potentially involving unidentified anomalous phenomena (UAP) reported near Colorado Springs, Colorado. This image is derived from the first-hand narrative description contained in “FBI-UAP-D002, FD-1057, Unresolved UAP Report, Colorado Springs, 2022”.","Colorado Springs, Colorado, U.S.",False,artistic_interpretation,2022,year,2022,,,True,
entry_7b4d677b1092f3c1e561,ICA-UAP-D001,328,"ICA-UAP-D001, Analysis: Colorado Springs UAP Incident, 2022",agency_bdf5d70c3a430ec1cb4f,release_2026-06-12,2026-06-12,PDF,"This document contains analysis by an All-domain Anomaly Resolution Office (AARO) Intelligence Community (IC) partner to account for a 2022 incident involving an airborne object near Colorado Springs, Colorado. U.S. military service members reported the incident to AARO in 2023. AARO’s IC partner assessed, with low confidence, that the reported phenomenon, which observers characterized as resembling an “angular, non-symmetrical potato,” was attributable to sunlight backscattering, where sunlight reflecting from mountain snow cover illuminated the underside of low-altitude clouds. This low-confidence assessment contributes to AARO’s consideration of the incident, which remains unresolved as of June 2026.","Colorado Springs, Colorado, U.S.",True,not_classified,2022,year,2022,,,True,
entry_7c32d339f94fbb765194,FBI-UAP-D005,293,"FBI-UAP-D005, FD-1057-04, Northeastern United States, 2024",agency_c6cd4cf936fd5ad884ed,release_2026-06-12,2026-06-12,PDF,"This document is an FBI FD-1057, a form the Federal Bureau of Investigation (FBI) uses to record investigative activity. This FD-1057 documents an October 2024 interview with a US person regarding several incidents potentially involving unidentified anomalous phenomena in the northeastern United States over the previous three years. 

The subject matter described in files FBI-UAP-D004 through FBI-UAP-D008 and depicted in the video footage FBI-UAP-PR001 through FBI-UAP-PR003 corresponds to reports originating from the same general area in the northeastern United States.",Northeastern United States,True,not_classified,"October, 2024",month,2024,10,,True,
entry_7cc2a02f475bcfef37c4,DOW-UAP-PR105,225,"DOW-UAP-PR105, Unresolved UAP Report, East China Sea, 2025",agency_0e616debe8fcadbb45f7,release_2026-07-10,2026-07-10,VID,"The United States Indo-Pacific Command submitted a report of an unidentified anomalous phenomenon to the All-domain Anomaly Resolution Office (AARO) consisting of 5 minutes of video footage from an infrared sensor aboard a U.S. military platform in 2025.

Video Description: 
00:01-00:14: The sensor pans to track an area of contrast, keeping it generally centered within the center of the frame.
00:15-00:19: The sensor adjusts, and the image is momentarily overlaid with black rectangular areas.
00:20-1:34: The sensor pans to track an area of contrast, keeping it generally centered within the center of the frame. Portions of the area of contrast intermittently lose distinctiveness against the background throughout this segment.
01:35-02:05: The sensor zooms in, panning from right to left to track the area of contrast. The area of contrast exits the scene from the right edge of the frame several times. 
02:06-04:59: The sensor zooms out and in several times, and pans the field-of-view against the background. No content.

This video description is provided for informational purposes only. Readers should not interpret any part of this description as reflecting an analytical judgment, investigative conclusion, or factual determination regarding the described event’s validity, nature, or significance.",East China Sea,True,not_classified,2025,year,2025,,,True,
entry_7cf65ec6a374a35076b0,FBI-UAP-D037,319,"FBI-UAP-D037, FD-302, “Multiple Red Lights,” 2026",agency_c6cd4cf936fd5ad884ed,release_2026-08-07,2026-08-07,PDF,"This document is an FBI FD-302, a form the Federal Bureau of Investigation (FBI) uses to record interviews. This FD-302 records a 2026 interview with a U.S. person, in which the interviewee describes three incidents potentially involving unidentified anomalous phenomena (UAP) in the western United States occurring within a 5-hour period in 2026. A second individual who was present at the time also provided an interview, recorded in this collection as “FBI-UAP-D040.” Two FBI digital renderings based upon the observer’s descriptions accompany this document, under the titles FBI-UAP-D038 and FBI-UAP-D039.",Western United States,True,artistic_interpretation,2026,year,2026,,,True,
entry_7d60ad5b72723f8e7cc1,18_100754_ General 1946-7_Vol_2,11,18_100754_ General 1946-7_Vol_2,agency_0e616debe8fcadbb45f7,release_2026-05-08,2026-05-08,PDF,This file contains memorandums and correspondence related to flying disc/saucer sightings and that those are a matter of concern for the Air Materiel Command.,N/A,False,not_classified,12/30/47,day,1947,12,1947-12-30,True,
entry_7d8033080a7c69283cd8,FBI Photo B012,272,FBI Photo B012,agency_c6cd4cf936fd5ad884ed,release_2026-05-08,2026-05-08,PDF,"The Federal Bureau of Investigation (FBI) submitted a report of an unidentified anomalous phenomenon (UAP) to the All-domain Anomaly Resolution Office (AARO) consisting of a still image derived from a U.S. military system in 2025. The original imagery was altered with redactions before being submitted to AARO. An accompanying mission report was not provided. The operator reported that they were unable to positively identify the UAP. The date in the image is incorrect due to system date/time not being set.

Narrative Description: The monochrome image displays a grainy texture with a central crosshair reticle. A small, dark, circular object is visible in the upper right quadrant of the frame. The background shows an indistinct mountain range.This narrative description is provided for informational purposes only. Readers should not interpret any part of this description as reflecting an analytical judgment, investigative conclusion, or factual determination regarding the described event’s validity, nature, or significance.",Western United States,True,not_classified,Late 2025,approximate_within_year,2025,,,True,
entry_7dce8ff6e8daf04d30a6,DOW-UAP-PR074,194,"DOW-UAP-PR074, ""[CALLSIGN] (Mission)HD_20220613""",agency_0e616debe8fcadbb45f7,release_2026-05-22,2026-05-22,VID,"On March 6, 2026, eight members of the U.S. House of Representatives requested access to 51 potentially UAP-related records allegedly held by the Department of War and the Intelligence Community. The All-domain Anomaly Resolution Office (AARO) identified a collection of responsive materials held on a classified network. Many of these materials lack a substantiated chain-of-custody.

AARO assesses that this video, whose uploader-defined title is, “[CALLSIGN] (Mission) HD_20220613,” is likely derived from an infrared sensor aboard a U.S. military platform operating in the United States Central Command area of responsibility in June 2022. A user uploaded this video to a classified network in June 2022.

Video Duration: 00:04:45
Video Description:
00:00-00:10: The sensor pans from right to left tracking an area of contrast moving towards the center of the field-of-view, before losing distinctiveness against the background.
00:11-00:14: The sensor zooms in. An area of contrast transits the sensor field-of-view, entering from the right and exiting from the left side of the frame.
00:15-00:43: The sensor zooms out to track an area of contrast.  
00:44-00:47: The sensor zooms in. An area of contrast transits the sensor field-of-view, entering from the right and exiting from the left side of the frame.
00:48-01:05: The sensor cycles its zoom settings multiple times.
01:06-01:13: A small area of contrast transits from the right to the center of the sensor field-of-view.
01:14-01:18: The sensor zooms in on an area of contrast. The area of contrast transits from the right to the center of the frame while the sensor pans up.
01:19-02:05: The sensor zooms and pans to track the area of contrast until it exits the field-of-view at the top of the display.
02:06-03:42: No content.
03:43-03:47: Several areas of contrast become visible near the center of the sensor field-of-view.
03:48-03:50: No content.
03:51-04:00: Four small areas of contrast become visible in the center of the sensor field-of-view. The sensor pans to track the areas of contrast.
04:01-04:21: The sensor cycles its zoom level out and pans to the right to track an area of contrast in the bottom right of the field-of-view.
04:22-04:39: The sensor cycles its zoom level to focus on an area of contrast multiple times.
04:40-04:43: The sensor switches modalities and refocuses on an area of contrast centered in its field-of-view.

This video description is provided for informational purposes only. Readers should not interpret any part of this description as reflecting an analytical judgment, investigative conclusion, or factual determination regarding the described event’s validity, nature, or significance.",CENTCOM,True,not_classified,2022,year,2022,,,True,
entry_7eb69bfdae172df50b6a,NASA-UAP-D015,344,"NASA-UAP-D015, Astronaut Scientific Debriefings, 1962-1963",agency_06552eff6885a0591452,release_2026-06-12,2026-06-12,PDF,"This file contains memoranda, correspondence, reports, and other materials relating to contemporary scientific interest in investigating the nature of luminous phenomena reported by astronauts John Glenn and Walter Schirra during spaceflight. This collection includes transcripts from NASA interviews and debriefings with both astronauts regarding those observations. It also contains details relating to scientific observations of atmospheric phenomena, including brief descriptions of luminous particles, experiences while aboard spacecraft, and circa 1955 theoretical analysis of meteoric particles entering the atmosphere. Pages 34-35, 55-56, 57-63, 64-113, and 122-127 feature content relevant to the PURSUE initiative.",,False,not_classified,1962-1963,multiple_years,,,,False,multiple_years
entry_7fb4bdca207c9724a3a2,DOW-UAP-D006,76,"DOW-UAP-D006, Mission Report, Arabian Gulf, 2020",agency_0e616debe8fcadbb45f7,release_2026-05-08,2026-05-08,PDF,"This document is a Mission Report (MISREP), a standardized reporting form the U.S. Military uses to record the circumstances surrounding its operations. U.S. military services often use MISREPs to report Unidentified Anomalous Phenomena (UAP) to AARO. The GENTEXT, or “general text” section of these reports often contains important qualitative, contextual information, distinguishing it from the more quantitative, or numerical, data found elsewhere in the report.
A U.S. military operator reported observing a UAP.
All descriptive and estimative language contained in this report reflects the reporter’s subjective interpretation at the time of the event. Such characterizations should not be interpreted as a conclusive indication of the presence or absence of any intrinsic object features or performance characteristics.",Pacific Ocean,True,not_classified,N/A,missing,,,,False,missing
entry_8113346343b7958b6520,State Department UAP Cable 004,372,"State Department UAP Cable 004, Ashgabat, Turkmenistan, November 5, 2004",agency_066b1b9fe8463307ff8b,release_2026-05-08,2026-05-08,PDF,"UFOlogists of Turkmenistan has gained a positive reputation as a reliable partner for the United States in Turkmenistan to the bemusement of the cable’s author in the build up of civil society organizations within the country.  The reputation has become earned because everyone in Turkmenistan, apparently, “is interested in UFOs.”",Turkmenistan,False,not_classified,11/5/04,day,2004,11,2004-11-05,True,
entry_821fe75f6dbdedc93deb,NASA-UAP-D026,355,"NASA-UAP-D026, Apollo 14 Debriefing, 1971",agency_06552eff6885a0591452,release_2026-07-10,2026-07-10,AUD,"This file contains segment 1 of 2 of the Apollo 14 post-mission crew debriefing at the Manned Spacecraft Center (now Johnson Space Center), Houston, Texas. In the recording, crew members and debriefers discuss the “light flash phenomena,” a then novel, now well-documented biological effect where high-energy cosmic rays pass through the eye and strike the retina, causing the perception of light streaks or flashes. The questioners attempt to distinguish the characteristics of the observed phenomena. The debriefing continues in the next file (NASA-UAP-D027), which contains some overlapping audio content.",Texas,False,not_classified,2/18/71,day,1971,2,1971-02-18,True,
entry_87ce4cd66bf4d90fb602,DOW-UAP-D018,84,"DOW-UAP-D018, Mission Report, Iraq, December 2022",agency_0e616debe8fcadbb45f7,release_2026-05-08,2026-05-08,PDF,"This document is a Mission Report (MISREP), a standardized reporting form the U.S. Military uses to record the circumstances surrounding its operations. U.S. military services often use MISREPs to report Unidentified Anomalous Phenomena (UAP) to AARO. The GENTEXT, or “general text” section of these reports often contains important qualitative, contextual information, distinguishing it from the more quantitative, or numerical, data found elsewhere in the report.
A U.S. military operator reported observing one “possible UAP” flying from west to east. The observer did not pursue the UAP.
All descriptive and estimative language contained in this report reflects the reporter’s subjective interpretation at the time of the event. Such characterizations should not be interpreted as a conclusive indication of the presence or absence of any intrinsic object features or performance characteristics.",Iraq,True,not_classified,12/1/22,day,2022,12,2022-12-01,True,
entry_88569398dbea5f1e98ed,DOW-UAP-D091,129,"DOW-UAP-D091, Range Fouler Debrief, Atlantic Ocean, 2020",agency_0e616debe8fcadbb45f7,release_2026-07-10,2026-07-10,PDF,"This document is a Range Fouler Debrief, a standardized reporting form the U.S. Navy uses to record the circumstances surrounding an unauthorized intrusion into controlled airspace during active military operations or training. These reports contain a narrative description of the observer’s experiences. This report accompanies the video titled “DOW-UAP-PR116.”

A U.S. military operator reported observing an object, describing the phenomenon as “darker, maroonish color, approximately 12-15 feet in height.” The report describes the phenomenon “travel[ing] with the wind” and noted that it did not “maneuver or change direction.” It also describes the phenomenon as appearing as a “large, somewhat deformed balloon.”

All descriptive and estimative language contained in this report reflects the reporter’s subjective interpretation at the time of the event. Such characterizations should not be interpreted as a conclusive indication of the presence or absence of any intrinsic object features or performance characteristics.",Atlantic Ocean,True,not_classified,2020,year,2020,,,True,
entry_8869ad2705017ba728b7,DOW-UAP-PR080,200,"DOW-UAP-PR080, ""20 October 2020 [CALLSIGN] [CALLSIGN] Observes UAP""",agency_0e616debe8fcadbb45f7,release_2026-05-22,2026-05-22,VID,"On March 6, 2026, eight members of the U.S. House of Representatives requested access to 51 potentially UAP-related records allegedly held by the Department of War and the Intelligence Community. The All-domain Anomaly Resolution Office (AARO) identified a collection of responsive materials held on a classified network. Many of these materials lack a substantiated chain-of-custody.

AARO assesses that this video, whose uploader-defined title is, “20 October 2020 [CALLSIGN] [CALLSIGN] Observes UAP,” is likely derived from an infrared sensor aboard a U.S. military platform operating within the United States Central Command area of responsibility in 2020. A user uploaded this video to a classified network in October 2020.

Video Duration: 00:04:54
Video Description:
01:17-01:21: An area of contrast enters the sensor field-of-view from the top right of the screen. The sensor pans toward the object, then pans away. 
02:45-02:46: An area of contrast transits the sensor field-of-view across the bottom right quarter to the bottom middle edge of the screen.
03:12-03:13: An area of contrast transits the sensor field-of-view from the top right quarter to the bottom left quarter, after which the sensor changes modes and attempts to track the area of contrast.
03:20-03:21: An area of contrast transits the sensor field-of-view from the top right quarter to the bottom left quarter, after which the sensor changes modes and attempts to track the area of contrast.
03:35-03:36: An area of contrast transits the sensor field-of-view across the bottom right quarter, after which the sensor attempts to track the area of contrast.
03:40-03:41: An area of contrast transits the sensor field-of-view across the bottom right quarter to the bottom middle edge of the screen, after which the sensor attempts to track the area of contrast.
04:02-04:03: An area of contrast transits the sensor field-of-view across the bottom right quarter to the bottom middle edge of the screen, after which the sensor attempts to track the area of contrast.
04:22-04:23: An area of contrast transits the sensor field-of-view across the bottom left quarter.

This video description is provided for informational purposes only. Readers should not interpret any part of this description as reflecting an analytical judgment, investigative conclusion, or factual determination regarding the described event’s validity, nature, or significance.",CENTCOM,True,not_classified,2020,year,2020,,,True,
entry_88c116bd961157c7ef25,FBI-UAP-PR001,321,"FBI-UAP-PR001, “Triangle Orbs,” Northeastern United States, 2021",agency_c6cd4cf936fd5ad884ed,release_2026-06-12,2026-06-12,VID,"In November 2021, at approximately 0500 local time in the northeastern United States, an  eyewitness observed a bright light source near the horizon at an estimated distance of  2,000 feet. The light source initially appeared as a single intense luminous object before resolving into multiple lights exhibiting erratic rotational motion relative to one another. The object slowly moved laterally from left to right during the encounter. The eyewitness captured the video with a hand-held iPhone 12 Pro, resulting in unintended camera movement. The location was well known to the eyewitness and is sparsely populated.  
 
The description above is derived from statements provided to the Federal Bureau of Investigation (FBI) by the eyewitness to the event. The FBI assesses the individual who reported this event as highly credible. The subject matter described in files FBI-UAP-D004 through FBI-UAP-D008 and depicted in the video footage FBI-UAP-PR001 through FBI-UAP-PR003 corresponds to reports originating from the same general area in the northeastern United States.",Northeastern United States,False,not_classified,"November, 2021",month,2021,11,,True,
entry_895a0a20795a2baef864,DOW-UAP-PR023,143,"DOW-UAP-PR023, Unresolved UAP Report, Iraq, December 2022",agency_0e616debe8fcadbb45f7,release_2026-05-08,2026-05-08,VID,"The United States Central Command submitted a report of an unidentified anomalous phenomenon to the All-domain Anomaly Resolution Office (AARO) consisting of ten seconds of video footage from an infrared sensor aboard a U.S. military platform in 2022. An accompanying mission report, DoW-UAP-D18, described the UAP as ""flying west to east.""

Video Description: The video depicts an area of contrast moving from the bottom left to the top right of the sensor field-of-view. At approximately six seconds, the area of contrast leaves the sensor field-of-view near the top right corner of the frame.

This video description is provided for informational purposes only. Readers should not interpret any part of this description as reflecting an analytical judgment, investigative conclusion, or factual determination regarding the described event’s validity, nature, or significance.",Iraq,True,not_classified,N/A,missing,,,,False,missing
entry_8a4f80c68af4fb1093b2,NASA-UAP-D022,351,"NASA-UAP-D022, Gemini 9 Debriefing, 1966",agency_06552eff6885a0591452,release_2026-06-12,2026-06-12,PDF,"Gemini IX (renamed Gemini IX-A) was the seventh crewed flight of the Gemini series, launched on June 3, 1966. The mission’s primary objectives included a spacewalk and multiple scientific and medical experiments. This document, dated June 16, 1966, is a transcript of a NASA debriefing of astronauts Thomas Stafford and Eugene Cernan. Pages 2-5 of this document contain the astronauts’ accounts of their observations of “flashing lights” and “sparkles” during the mission.",Low Earth Orbit,False,not_classified,"June 3-6, 1966",period_within_year,1966,,,True,
entry_8ab7c138316f202a6888,FBI Photo A007,259,FBI Photo A007,agency_c6cd4cf936fd5ad884ed,release_2026-05-08,2026-05-08,IMG,"The Federal Bureau of Investigation (FBI) submitted a report of an unidentified anomalous phenomenon (UAP) to the All-domain Anomaly Resolution Office (AARO) consisting of a still image derived from a U.S. government system. The date and location of the event have not been provided.  The original imagery was altered with redactions before being submitted to AARO. An accompanying mission report was not provided. The operator reported that they were unable to positively identify the UAP.

Narrative Description: The monochrome image displays a smooth, grainy background with a central crosshair reticle. A light-colored, circular object with a bright specular highlight is visible just below the center of the reticle. This narrative description is provided for informational purposes only. Readers should not interpret any part of this description as reflecting an analytical judgment, investigative conclusion, or factual determination regarding the described event’s validity, nature, or significance.",N/A,True,not_classified,Late 2025,approximate_within_year,2025,,,True,
entry_8cbd9ba356f930b8fa15,FBI Photo A001,253,FBI Photo A001,agency_c6cd4cf936fd5ad884ed,release_2026-05-08,2026-05-08,IMG,"The Federal Bureau of Investigation (FBI) submitted a report of an unidentified anomalous phenomenon (UAP) to the All-domain Anomaly Resolution Office (AARO) consisting of a still image derived from a U.S. government system. The date and location of the event have not been provided.  The original imagery was altered with redactions before being submitted to AARO. An accompanying mission report was not provided. The operator reported that they were unable to positively identify the UAP.

Narrative Description: The monochrome image displays a uniform, grainy texture with a central crosshair reticle. A small, dark, and slightly irregular object is visible just below and to the right of the center of the reticle. This narrative description is provided for informational purposes only. Readers should not interpret any part of this description as reflecting an analytical judgment, investigative conclusion, or factual determination regarding the described event’s validity, nature, or significance.",N/A,True,not_classified,Late 2025,approximate_within_year,2025,,,True,
entry_8d9455b3bf9fd154a107,DOW-UAP-PR081,201,"DOW-UAP-PR081, ""18 Oct 2020 [CALLSIGN] observes UAP""",agency_0e616debe8fcadbb45f7,release_2026-05-22,2026-05-22,VID,"On March 6, 2026, eight members of the U.S. House of Representatives requested access to 51 potentially UAP-related records allegedly held by the Department of War and the Intelligence Community. The All-domain Anomaly Resolution Office (AARO) identified a collection of responsive materials held on a classified network. Many of these materials lack a substantiated chain-of-custody.

AARO assesses that this video, whose uploader-defined title is, “18 Oct 2020 [CALLSIGN] observes UAP,” is likely derived from an infrared sensor aboard a U.S. military platform operating within the United States Africa Command area of responsibility in 2020. A user uploaded this video to a classified network in October 2020.

Video Duration: 00:04:59
Video Description:
00:00-00:57: No content.
00:58-01:03: An area of contrast transits the sensor field-of-view, entering from near the top left corner of the screen and exiting near the bottom right corner of the screen.
01:04-04:59: No content.

This video description is provided for informational purposes only. Readers should not interpret any part of this description as reflecting an analytical judgment, investigative conclusion, or factual determination regarding the described event’s validity, nature, or significance.",AFRICOM,True,not_classified,2020,year,2020,,,True,
entry_8e168d34328be33a30d1,DOW-UAP-PR134,248,"DOW-UAP-PR134, Unresolved UAP Report, Middle East, 2025",agency_0e616debe8fcadbb45f7,release_2026-08-07,2026-08-07,VID,"The United States Central Command submitted a report of an unidentified anomalous phenomenon to the All-domain Anomaly Resolution Office (AARO) consisting of 1 minute and 39 seconds of video footage from an electro-optical and infrared sensor aboard a U.S. military platform in 2025.

Video description: 

00:00-01:39: The sensor pans to track an area of contrast from left to right across the background, keeping it generally centered within the frame. The sensor adjusts collection mode and level of magnification several times.

This video description is provided for informational purposes only. Readers should not interpret any part of this description as reflecting an analytical judgment, investigative conclusion, or factual determination regarding the described event’s validity, nature, or significance.",Middle East,True,not_classified,2025,year,2025,,,True,
entry_8ee0a94c9eeda67565c8,State Department UAP Cable 005,373,"State Department UAP Cable 005, Mexico, September 16, 2003",agency_066b1b9fe8463307ff8b,release_2026-05-08,2026-05-08,PDF,"On September 12, 20023 the Mexican Congress heard testimony on UAP from experts related to the debate about an Aerial Space Protection Law, which, if approved, would make Mexico the first country to formally acknowledge the presence of alien life on earth. Experts asked legislators to recognize UAP, guarantee airspace security, and allow UAP to be studied.  They presented to alleged alien corpses and videos of Mexican pilot’s encounters with fast-moving flying objects during flight. Disagreement about the efficacy and validity of the purported alien corpses.",Mexico,False,not_classified,9/12/03,day,2003,9,2003-09-12,True,
entry_8f23352a04f8060d748f,59_64634_711.5612[7-2852,22,59_64634_711.5612[7-2852,agency_066b1b9fe8463307ff8b,release_2026-05-08,2026-05-08,PDF,"This two page memorandum, dated July 28, 1952, relates to increased reports of unidentified flying objects (UFOs). Included in the record are possible explanations of increased sightings, such as technological improvements, historical records of UFOs, and U.S. Air Force opinions on UFOs.",N/A,False,not_classified,7/28/52,day,1952,7,1952-07-28,True,
entry_8f47a4220f5f4e2efda3,FBI-UAP-D029,5,"FBI-UAP-D029, Digital Rendering, “Dark Triangle with Lights,” 2011",agency_c6cd4cf936fd5ad884ed,release_2026-08-07,2026-08-07,IMG,"This image is an artistic interpretation of a reported incident potentially involving unidentified anomalous phenomena (UAP) in June or July of 2011. This image is based upon a first-hand description provided by two former U.S. military service members, as described in FBI-UAP-D028. The Federal Bureau of Investigation prepared this digital rendering in 2026 as a visual aid in support of the PURSUE initiative.",,False,artistic_interpretation,2011,year,2011,,,True,
entry_9063155cb4faed5d2f97,DOW-UAP-PR057b,177,"DOW-UAP-PR057b, ""[Platform] Observes UAP in East China Sea 05 JAN 2023 INDOPACOM""",agency_0e616debe8fcadbb45f7,release_2026-05-22,2026-05-22,VID,"On March 6, 2026, eight members of the U.S. House of Representatives requested access to 51 potentially UAP-related records allegedly held by the Department of War and the Intelligence Community. The All-domain Anomaly Resolution Office (AARO) identified a collection of responsive materials held on a classified network. Many of these materials lack a substantiated chain-of-custody. 

AARO assesses that this video, whose uploader-defined title is, “Spherical UAP in clouds,” is likely derived from an infrared sensor aboard a U.S. military platform operating above the Yellow Sea in January 2023. A user uploaded this video to a classified network in June 2024.

Video Duration: 1:10
Video Description: 
00:00-00:06: No content.
00:07-00:08: An area of contrast enters the sensor field-of-view from left and exits near the center of the right side of the frame.
00:09-00:20: The sensor pans and cycles zoom levels multiple times.
00:21-00:31: An area of contrast enters the frame from the left side of the screen. The area of contrast becomes indistinguishable against the background.
00:32-00:34: The sensor zooms in. An area of contrast becomes distinguishable against the background near the center of the frame.
00:35-00:52: The sensor pans to track the area of contrast from left to right.
00:53-00:56: The sensor zooms in. An area of contrast transits the sensor field-of-view from left to right in the bottom third of the frame. 
00:57-01:10: No content.

This video description is provided for informational purposes only. Readers should not interpret any part of this description as reflecting an analytical judgment, investigative conclusion, or factual determination regarding the described event’s validity, nature, or significance.

AARO Comment: This media is a duplicate of DOW-UAP-PR57a, alternately titled, “Spherical UAP in clouds.” This discrepancy exists because two uploaders titled the underlying material differently on a classified network.",Yellow Sea,True,not_classified,2023,year,2023,,,True,
entry_908beeb6625f5a361c34,FBI-UAP-D031,6,"FBI-UAP-D031, Digital Rendering, “Large Triangle with Red Lights,” 2023",agency_c6cd4cf936fd5ad884ed,release_2026-08-07,2026-08-07,IMG,"This image is an artistic interpretation of a reported incident potentially involving unidentified anomalous phenomena (UAP) near Colorado Springs, Colorado in 2023. This image is based upon a first-hand description provided by a U.S. Person, as described in FBI-UAP-D030. The Federal Bureau of Investigation prepared this digital rendering in 2026 as a visual aid in support of the PURSUE initiative.","Colorado Springs, Colorado",False,artistic_interpretation,2023,year,2023,,,True,
entry_916e852fdbbda20146c6,DOW-UAP-PR101,221,"DOW-UAP-PR101, Unresolved UAP Report, South China Sea, 2024",agency_0e616debe8fcadbb45f7,release_2026-07-10,2026-07-10,VID,"The United States Indo-Pacific Command submitted a report of an unidentified anomalous phenomenon to the All-domain Anomaly Resolution Office (AARO) consisting of 1 minute and 46 seconds of video footage from an infrared sensor aboard a U.S. military platform in 2024.

Video Description: 
00:01-00:12: The sensor tracks an area of contrast, keeping it generally within the center of the frame.
00:13-00:28: The sensor zooms in and tracks an elongated area of contrast, keeping it generally to the left of the center of the frame.
00:29-00:33: The sensor zooms in again. The area of contrast appears as a “line” of several areas of contrast moving across the sensor field-of-view from the bottom right to the top left.
00:34-01:44: The sensor pans to track the areas of contrast for approximately 1 minute. They become less distinct over time as their distance from the sensor increases. 

This video description is provided for informational purposes only. Readers should not interpret any part of this description as reflecting an analytical judgment, investigative conclusion, or factual determination regarding the described event’s validity, nature, or significance.",South China Sea,True,not_classified,2024,year,2024,,,True,
entry_91b223863fe569c30741,DOW-UAP-D098,2,"DOW-UAP-D098, Film Analysis of Unidentified Objects, 1953",agency_0e616debe8fcadbb45f7,release_2026-08-07,2026-08-07,PDF,"This file contains a memorandum relating to the U.S. Naval Photographic Interpretation Center’s assessment of two films allegedly depicting unidentified airborne objects, captured in Montana and Utah in 1950 and 1952, respectively. The file documents the Center’s analytic process, assumptions that constrained its confidence level, tentative conclusions, and recommendations for future research. The Center assessed, generally, that the objects depicted in the film demonstrated characteristics that were inconsistent with those of natural phenomena or commonly known aerospace technologies. The memorandum documents the Center’s recommendation for a more well-resourced investigation to corroborate its presumptive findings, citing a lack of funding and personnel. The accompanying charts compare the film’s luminosity with the apparent angular size of the phenomena, using contemporary mathematical modeling and photogrammetric analysis techniques.","Montana, Utah",False,not_classified,"1950, 1952",multiple_years,,,,False,multiple_years
entry_928f485a35fece1e2581,DOW-UAP-D020,86,"DOW-UAP-D020, Mission Report, Iraq, 2023",agency_0e616debe8fcadbb45f7,release_2026-05-08,2026-05-08,PDF,"This document is a Mission Report (MISREP), a standardized reporting form the U.S. Military uses to record the circumstances surrounding its operations. U.S. military services often use MISREPs to report Unidentified Anomalous Phenomena (UAP) to AARO. The GENTEXT, or “general text” section of these reports often contains important qualitative, contextual information, distinguishing it from the more quantitative, or numerical, data found elsewhere in the report.
A U.S. military operator reported observing “several bright objects maneuvering quickly” west to east northeast. The operator reported achieving a track on the UAP via an onboard targeting pod for approximately 20 seconds. The report describes that UAP then dimmed and disappeared from the targeting pod.
All descriptive and estimative language contained in this report reflects the reporter’s subjective interpretation at the time of the event. Such characterizations should not be interpreted as a conclusive indication of the presence or absence of any intrinsic object features or performance characteristics.",Iraq,True,not_classified,3/31/23,day,2023,3,2023-03-31,True,
entry_92bc15d48b7bb67a1850,DOW-UAP-PR104,224,"DOW-UAP-PR104, Unresolved UAP Report, Yellow Sea, 2025",agency_0e616debe8fcadbb45f7,release_2026-07-10,2026-07-10,VID,"The United States Indo-Pacific Command submitted a report of an unidentified anomalous phenomenon to the All-domain Anomaly Resolution Office (AARO) consisting of 18 seconds of video footage from an infrared sensor aboard a U.S. military platform in 2025.

Video Description: 
00:01-00:15: The sensor pans to track an area of contrast resembling a six-pointed star, keeping it generally centered within the center of the screen.

This video description is provided for informational purposes only. Readers should not interpret any part of this description as reflecting an analytical judgment, investigative conclusion, or factual determination regarding the described event’s validity, nature, or significance.",Yellow Sea,True,not_classified,2025,year,2025,,,True,
entry_935e4f2643170865a884,NASA-UAP-VM003,364,"NASA-UAP-VM003, Apollo 12, 1969",agency_06552eff6885a0591452,release_2026-05-08,2026-05-08,IMG,"This archival photograph depicts the lunar surface as viewed from the landing site of Apollo 12. This image features a highlighted area of interest near the right edge of the frame, above the horizon, in which unidentified phenomena are visible.
This image has been modified from its original state to assist viewers in identifying specific areas of interest. These highlights are provided for contextual purposes only. Such alterations do not constitute an analytical judgment, investigative conclusion, or factual determination regarding the nature or significance of the subject matter.",Moon,False,not_classified,1969,year,1969,,,True,
entry_94f6e2769dc5e3929a9f,DOW-UAP-PR035,154,"DOW-UAP-PR035, Unresolved UAP Report, Greece, October 2023",agency_0e616debe8fcadbb45f7,release_2026-05-08,2026-05-08,VID,"The United States Central Command submitted a report of an unidentified anomalous phenomenon (UAP) to the All-domain Anomaly Resolution Office (AARO) consisting of 24 seconds of video footage from an infrared sensor aboard a U.S. military platform in 2023. An accompanying mission report, DoW-UAP-D35, described the UAP as small and circular, flying near the surface of the ocean toward land.

Video Description:
00:02: The sensor narrows its field-of-view to zoom in on an area of contrast near the center of the screen.
00:03-00:19: The sensor tracks the area of contrast as it moves against the ocean background.
00:20: As the background scene transitions from being predominantly water to land, the area of contrast becomes indistinguishable.

This video description is provided for informational purposes only. Readers should not interpret any part of this description as reflecting an analytical judgment, investigative conclusion, or factual determination regarding the described event’s validity, nature, or significance.",Greece,True,not_classified,N/A,missing,,,,False,missing
entry_950070a4882d5ecc4b12,59_214434_SP 16 [7.18.1963],21,59_214434_SP 16 [7.18.1963],agency_066b1b9fe8463307ff8b,release_2026-05-08,2026-05-08,PDF,"This memorandum, dated July 18, 1963, from the Executive Office of the President, National Aeronautics and Space Council, relates to thoughts on the space alien race question. Included are details relating to plans if alien intelligence is discovered, expanding scientific knowledge, the possibility of life on Mars, and diplomatic policy.",N/A,False,not_classified,7/18/63,day,1963,7,1963-07-18,True,
entry_963da9a9cc4e9b384521,CIA-UAP-016,57,"CIA-UAP-016, Sightings of Unidentified Flying Objects in Ladakh, Nepal, Sikkim and Bhutan",agency_9509941b7ce5f6527cf7,release_2026-06-12,2026-06-12,PDF,"A 1968 report about UFO sightings in Ladakh, Nepal, Sikkim and Bhutan. Seven UFO sightings are listed that took place between 19 Feb. to 25 Mar. 1968. A more redacted version of the report has been available on CIA's public website.","Ladakh, Nepal | Sikkim, India | Bhutam",False,not_classified,1968,year,1968,,,True,
entry_96592578c40f1ee7d3cd,65_HS1-834228961_62-HQ-83894_Serial_220,38,65_HS1-834228961_62-HQ-83894_Serial_220,agency_c6cd4cf936fd5ad884ed,release_2026-05-08,2026-05-08,PDF,"The FBI's 62-HQ-83894 case file includes investigative records, eyewitness testimonies, and public reports concerning Unidentified Flying Objects and flying discs documented between June 1947 and July 1968. The records include high-profile incident accounts, photographic evidence from sites like Oak Ridge, TN, and technical proposals regarding potential propulsion systems. Additional topics include convention programs, researcher accounts, and extensive media coverage from the period.  This file is partially posted on FBI vault with more redactions and some pages missing.  Included here is the complete case file with several newly declassified pages and only minor redactions.",N/A,False,not_classified,N/A,missing,,,,False,missing
entry_967db0e97d5dc3645e59,DOW-UAP-PR065,185,"DOW-UAP-PR065, ""USCG C-144 Tyndall UAP 2 TIC TAC IR hot 24 April 2024""",agency_0e616debe8fcadbb45f7,release_2026-05-22,2026-05-22,VID,"On March 6, 2026, eight members of the U.S. House of Representatives requested access to 51 potentially UAP-related records allegedly held by the Department of War and the Intelligence Community. The All-domain Anomaly Resolution Office (AARO) identified a collection of responsive materials held on a classified network. Many of these materials lack a substantiated chain-of-custody.

AARO assesses that this video, whose uploader-defined title is, “USCG C-144 Tyndall UAP 2 TIC TAC IR hot 24 April 2024,” is likely derived from an infrared sensor aboard a U.S. Coast Guard platform operating in the Southeastern United States in 2024. A user uploaded this video to a classified network in June 2024.

Video Duration: 00:00:38
Video Description:
00:00-00:32: A sensor pans to keep an area of contrast in its field-of-view.
00:33: The sensor pans to the left causing the area of contrast to leave the field-of-view on the right side of the frame.

This video description is provided for informational purposes only. Readers should not interpret any part of this description as reflecting an analytical judgment, investigative conclusion, or factual determination regarding the described event’s validity, nature, or significance.",Southeastern United States,True,not_classified,2024,year,2024,,,True,
entry_9716f65c658d1670e169,NASA-UAP-D004,333,"NASA-UAP-D004, Apollo 11 Technical Crew Debriefing, 1969",agency_06552eff6885a0591452,release_2026-05-08,2026-05-08,PDF,"Apollo 11 was the third crewed mission to the Moon and the first to land Astronauts on the lunar surface. This document is an excerpt from the Apollo 11 Technical Crew Debriefing (Volumes 1 and 2) from July 31, 1969. The document highlights three observations: one, an object on the way out to the Moon; two, flashes of light inside the cabin; and three, a sighting on the return trip of a bright light tentatively assumed by the crew to be a laser.

•	Page 6-33 (Vol. 1). [Lunar Module Pilot for Apollo 11, Buzz Aldrin]: “The first unusual thing that we saw I guess was 1 day out or something pretty close to the moon. It had a sizeable dimension to it, so we put the monocular on it.” The crew speculated that it could have been the S-IVB stage of the Saturn V launch vehicle.
•	Page 6-37 (Vol. 1). [Lunar Module Pilot for Apollo 11, Buzz Aldrin] “The other observation that I made accumulated gradually. I don’t know whether I saw it the first night, but I’m sure I saw it the second night. I was trying to go to sleep with all the lights out. I observed what I thought were little flashes inside the cabin, spaced a couple of minutes apart…”
•	Page 21-1 (Vol. 2). [Lunar Module Pilot for Apollo 11, Buzz Aldrin] “I observed what appeared to be a fairly bright light source which we tentatively ascribed to a possible laser.”",,False,not_classified,1969,year,1969,,,True,
entry_98b3813d0d2e328bb9ce,NASA-UAP-D011,340,"NASA-UAP-D011, Mercury Atlas 9 Audio Excerpt, May 15, 1963",agency_06552eff6885a0591452,release_2026-05-22,2026-05-22,AUD,"During the final and longest flight of Project Mercury, Mercury-Atlas 9 mission (MA-9) Faith 7 Pilot L. Gordon Cooper Jr. describes the brilliant blue of sunrise beneath the haze layer of the Earth’s atmosphere. As he approaches sunrise, he describes small, luminous, brilliant white particles drifting away from the spacecraft. Cooper describes observing “fireflies” after deploying beacons, which are spherical mission-related equipment with xenon strobe lights.",Low Earth Orbit,False,not_classified,5/15/63,day,1963,5,1963-05-15,True,
entry_98bb9da6af40dd76cfe0,FBI-UAP-D028,315,"FBI-UAP-D028, FD-302, “Dark Triangle with Lights,” 2011",agency_c6cd4cf936fd5ad884ed,release_2026-08-07,2026-08-07,PDF,"This document is an FBI FD-302, a form the Federal Bureau of Investigation (FBI) uses to record interviews. This FD-302 records an April 2025 interview with two former U.S. military service members, in which the interviewees describe an incident potentially involving unidentified anomalous phenomena (UAP) in June or July of 2011. An FBI digital rendering based upon the observers’ descriptions accompanies this document, under the title FBI-UAP-D029.",,True,artistic_interpretation,2011,year,2011,,,True,
entry_98e071cb0533580e182a,FBI Photo A002,254,FBI Photo A002,agency_c6cd4cf936fd5ad884ed,release_2026-05-08,2026-05-08,IMG,"The Federal Bureau of Investigation (FBI) submitted a report of an unidentified anomalous phenomenon (UAP) to the All-domain Anomaly Resolution Office (AARO) consisting of a still image derived from a U.S. government system. The date and location of the event have not been provided.  The original imagery was altered with redactions before being submitted to AARO. An accompanying mission report was not provided. The operator reported that they were unable to positively identify the UAP.

Narrative Description: The monochrome image displays a mottled background with a central crosshair reticle. A dark, circular object is located at the center of the reticle. The background has a textured, uneven appearance suggesting a varied landscape or surface. This narrative description is provided for informational purposes only. Readers should not interpret any part of this description as reflecting an analytical judgment, investigative conclusion, or factual determination regarding the described event’s validity, nature, or significance.",N/A,True,not_classified,Late 2025,approximate_within_year,2025,,,True,
entry_9920d27a349af18b1398,FBI-UAP-D042,10,"FBI-UAP-D042, Digital Rendering 2, “Multiple Red Lights,” 2026",agency_c6cd4cf936fd5ad884ed,release_2026-08-07,2026-08-07,PDF,"This image is an artistic interpretation of a reported incident potentially involving unidentified anomalous phenomena (UAP) in the western United States in 2026. This image is based upon a first-hand description provided by two U.S. persons, as described in FBI-UAP-D040. The Federal Bureau of Investigation prepared this digital rendering in 2026 as a visual aid in support of the PURSUE initiative.",Western United States,False,artistic_interpretation,2026,year,2026,,,True,
entry_99c4c236f44a44d5a42e,CIA-UAP-003,44,"CIA-UAP-003, The Central Intelligence Agency and Overhead Reconnaissance; The U-2 and OXCART Programs, 1954-1974",agency_9509941b7ce5f6527cf7,release_2026-06-12,2026-06-12,PDF,"This CIA History Staff document chronicles the complete history of the U-2 and OXCART (A-12) high-altitude reconnaissance aircraft programs from 1954 to 1974, detailing their development, operations over the Soviet Union and other targets worldwide, the famous downing of Francis Gary Powers in 1960, organizational reforms following that incident, and the eventual transfer of operations from CIA to Air Force control. A more redacted version of this document has been available on CIA's public website.",,False,not_classified,1954-1974,multiple_years,,,,False,multiple_years
entry_9b56deb144a6f73e9cd6,FBI-UAP-PR005,325,"FBI-UAP-PR005, Digital Recreation, Narrative Statement 3-1, Western United States Event, 2023",agency_c6cd4cf936fd5ad884ed,release_2026-06-12,2026-06-12,VID,"This video is an artistic interpretation of a reported incident near a sensitive national security site in the western United States involving unidentified anomalous phenomena (UAP) over a period of two days in October 2023. This digital recreation is based upon a first-hand description provided by a federal law enforcement special agent, as described in DOW-UAP-D081. The Federal Bureau of Investigation prepared this digital recreation at the request of the Department of War in 2026",Western United States,False,artistic_interpretation,"October, 2023",month,2023,10,,True,
entry_9b956a6417fc700d0173,NASA-UAP-D020,349,"NASA-UAP-D020, Gemini 5 Technical Debriefing, Part II, 1965",agency_06552eff6885a0591452,release_2026-06-12,2026-06-12,PDF,"This document is a preliminary transcript (Part II) derived from voice recordings of the Gemini 5 flight crew technical debriefing. NASA conducted this debriefing between August 30, 1965, and September 2, 1965, at the Crew Quarters, Cape Kennedy, Florida. Astronauts L. Gordon Cooper and Charles “Pete” Conrad described observing debris and “snow” and “all sorts of glittering pieces of this, that and the other thing” in the “Visual Sightings” section of the document (pages 157-220).","Cape Kennedy, Florida",False,not_classified,"August 30 - September 2, 1965",period_within_year,1965,,,True,
entry_9b9f1459d976d75c05c1,CIA-UAP-011,52,"CIA-UAP-011, The Sary Shagan Weapons Testing Range",agency_9509941b7ce5f6527cf7,release_2026-06-12,2026-06-12,PDF,"This CIA Intelligence Information Report from December 1973 provides information on the Soviet Sary Shagan Weapons Testing Range, including details about its facilities, weapons systems (System-75 SA-2 and System-300/Aldan warheads), rumored laser weapon research, and unidentified aerial phenomenon observed at the site. A more redacted version of this report has been available on CIA's public website.",USSR,False,not_classified,"December, 1973",month,1973,12,,True,
entry_9c56e75f992eda30ab23,DOE-UAP-D004,69,"DOE-UAP-D004, Los Alamos Conference on Aerial Phenomena, 1949",agency_4d042d764d542694c43b,release_2026-07-10,2026-07-10,PDF,"This document is a transcript of a 1949 conference held at Los Alamos Scientific Laboratory (now Los Alamos National Laboratory), Los Alamos, New Mexico. Attendees included several eminent scientists and physicists, many of whom had contributed to the development of the first nuclear weapons during the Manhattan Project. The purpose of the conference was to discuss and gather hypotheses to account for the nature and origin of a phenomenon involving “green fireballs” that had been reported over a period of several months in the vicinity of the laboratory. The group did not come to a consensus on a likely attribution for the phenomenon, though a leading hypothesis was that the observations may have been related to meteors entering the atmosphere at a shallow angle and high altitude. Dr. Edward Teller suggested that if not a “material body,” an “electron phenomenon” might be the cause, while Dr. Lincoln LaPaz, an expert specializing in meteorics, expressed that “nothing like this, to [his] knowledge, has ever been observed in the case of meteorite drops.”",New Mexico,False,not_classified,3/22/49,day,1949,3,1949-03-22,True,
entry_9c61b8b4d5ffd4f76640,DOW-UAP-D097,135,"DOW-UAP-D097, Project Sign Progress Report, 1948",agency_0e616debe8fcadbb45f7,release_2026-07-10,2026-07-10,PDF,"This file contains an initial report from the Air Materiel Command regarding Project Sign. Project Sign was a 1948-1949 U.S. Air Force program to investigate the nature and origin of unidentified flying objects (UFO). The report details 100 UFO sightings from 1947-1948. The file also contains an article excerpted from “The Aeroplane,” an aviation-focused periodical magazine published between 1911 and 1968, titled “The Biology of the Flying Saucer.”",Various,False,not_classified,1948,year,1948,,,True,
entry_9c6bfae488a94d1f5a6c,NASA-UAP-D001,329,"NASA-UAP-D001, Apollo 12 Transcript, 1969",agency_06552eff6885a0591452,release_2026-05-08,2026-05-08,PDF,"Apollo 12 was the fourth crewed U.S. mission to the Moon and the second to land astronauts on the lunar surface. This document is an excerpt from the Apollo 12 Technical Air-to-Ground Voice Transcription, November 1969, highlighting two periods in which astronauts reported observing unidentified phenomenon: a one hour period on the fifth day, and a two minute period on the sixth day. These transcripts contain contemporaneous observations by the flight crew reacting to unidentified phenomenon.
•	Day 05, Hour 19, Minute 14, Second 58 through Day 05, Hour 20, Minute 12, Second 14:
o	At 05:19:27:25, the pilot of the Lunar Module (LMP-LM), Astronaut Alan L. Bean, described observing particles and flashes of light “sailing off in space” via the onboard Alignment Optical Telescope (AOT). He characterized these phenomenon as “escaping the Moon.”
•	Day 06, Hour 00, Minute 21, Second 42 through Day 06, Hour 00, Minute 23, Second 33:
o	Mission Commander, Charles “Pete” Conrad, described observing floating debris outside the lunar module, which had been illuminated by the module’s onboard tracking light. At 06:00:21:51, Conrad assessed that the tracking light had burnt out because he could no longer see the debris from the module.",Moon,False,not_classified,1969,year,1969,,,True,
entry_9cc51d5d66cd0c02e629,DOW-UAP-PR071,191,"DOW-UAP-PR071, ""USAF ANG F-16C (callsign [CALLSIGN]) Shoots Down UAP over Lake Huron with [Weapon System], 12 Feb 2023""",agency_0e616debe8fcadbb45f7,release_2026-05-22,2026-05-22,VID,"On March 6, 2026, eight members of the U.S. House of Representatives requested access to 51 potentially UAP-related records allegedly held by the Department of War and the Intelligence Community. The All-domain Anomaly Resolution Office (AARO) identified a collection of responsive materials held on a classified network. Many of these materials lack a substantiated chain-of-custody.

AARO assesses that this video, whose uploader-defined title is, “USAF ANG F-16C (callsign [CALLSIGN]) Shoots Down UAP over Lake Huron with [Weapon System], 12 Feb 2023,” is likely derived from an infrared sensor aboard a U.S. military platform operating within the United States Northern Command area of responsibility in 2023. A user uploaded this video to a classified network in February 2023.

Video Duration: 00:00:46
Video Description: At the 11 second mark, the sensor focuses on an area of contrast in the center of its field-of-view. At the 20 second mark, the footage appears to depict a kinetic interaction between two distinct areas of contrast, with the initial subject of the footage fragmenting in a radial displacement pattern that suggests a high-energy event.

This video description is provided for informational purposes only. Readers should not interpret any part of this description as reflecting an analytical judgment, investigative conclusion, or factual determination regarding the described event’s validity, nature, or significance.",NORTHCOM,True,not_classified,2023,year,2023,,,True,
entry_9cc72c1c18b64a746c49,DOW-UAP-PR109,229,"DOW-UAP-PR109, Unresolved UAP Report, Eastern United States, 2015",agency_0e616debe8fcadbb45f7,release_2026-07-10,2026-07-10,VID,"The United States Navy Unidentified Anomalous Phenomena Task Force (UAPTF) transferred this media to the All-domain Anomaly Resolution Office (AARO) in 2022. The video contains 21 seconds of footage likely captured by an infrared sensor aboard a U.S. military platform in 2015.

Video Description: No formal data handling practices for UAP-related records existed at the time this media was reported to the UAPTF. This media was digitally altered before being reported to the UAPTF, and is presented as it was received by AARO.
00:01-00:08: No content.
00:09-00:11: An area of contrast becomes visible near the center of the screen, The area of contrast transits the sensor field-of-view, moving from right to left before exiting from upper left corner of the frame.
00:12-00:21: The footage repeats at a slower playback speed.

This video description is provided for informational purposes only. Readers should not interpret any part of this description as reflecting an analytical judgment, investigative conclusion, or factual determination regarding the described event’s validity, nature, or significance.",Eastern United States,False,not_classified,2015,year,2015,,,True,
entry_9cd01437840449aa8e07,NASA-UAP-VM002,363,"NASA-UAP-VM002, Apollo 12, 1969",agency_06552eff6885a0591452,release_2026-05-08,2026-05-08,IMG,"This archival photograph depicts the lunar surface as viewed from the landing site of Apollo 12. This image features two highlighted areas of interest, labeled “Area 1” and “Area 2,” slightly to the right of the vertical axis of the frame, above the horizon, in which unidentified phenomena are visible.

This image has been modified from its original state to assist viewers in identifying specific areas of interest. These highlights are provided for contextual purposes only. Such alterations do not constitute an analytical judgment, investigative conclusion, or factual determination regarding the nature or significance of the subject matter.",Moon,False,not_classified,1969,year,1969,,,True,
entry_9d8501424d687341a5b1,FBI Photo B023,283,FBI Photo B023,agency_c6cd4cf936fd5ad884ed,release_2026-05-08,2026-05-08,PDF,"The Federal Bureau of Investigation (FBI) submitted a report of an unidentified anomalous phenomenon (UAP) to the All-domain Anomaly Resolution Office (AARO) consisting of a still image derived from a U.S. military system in 2025. The original imagery was altered with redactions before being submitted to AARO. An accompanying mission report was not provided. The operator reported that they were unable to positively identify the UAP. The date in the image is incorrect due to system date/time not being set.

Narrative Description: The monochrome image displays a grainy texture with a simplified central crosshair. A single dark, elongated object is visible near the edge of the reticle to the right of center. This narrative description is provided for informational purposes only. Readers should not interpret any part of this description as reflecting an analytical judgment, investigative conclusion, or factual determination regarding the described event’s validity, nature, or significance.",Western United States,True,not_classified,Late 2025,approximate_within_year,2025,,,True,
entry_9e1da879c8df5f4a436b,255_413270_UFO's_and_Defense_What_Should_we_Prepare_For,13,255_413270_UFO's_and_Defense_What_Should_we_Prepare_For,agency_06552eff6885a0591452,release_2026-05-08,2026-05-08,PDF,"This file contains an independent report on UFOs written by the French association COMETA (previously published in the French magazine VDS in 1999), which details the results of a study by the Institute of Higher Studies for National Defence. The file also includes a letter from Carol Rosin in which she notes that she was spokesperson for von Braun during the last years of his life.",N/A,True,not_classified,,missing,,,,False,missing
entry_9e2df530cdb725853058,CIA-UAP-006,47,"CIA-UAP-006, Sighting Of Unconventional Aircraft",agency_9509941b7ce5f6527cf7,release_2026-06-12,2026-06-12,PDF,"This CIA information report from November 1955 describes a US national's eyewitness account of triangular aircraft with wing lights launch at a steep angle from an airfield near Baku, Azerbaijan on October 4, 1955. A redacted version of this report has been available on CIA's public website.","Baku, Azerbaijan",False,not_classified,"November, 1955",month,1955,11,,True,
entry_9e364b14b1b7f2ef6ad4,DOW-UAP-PR043,162,"DOW-UAP-PR043, Unresolved UAP Report, Africa, 2025",agency_0e616debe8fcadbb45f7,release_2026-05-08,2026-05-08,VID,"The United States Africa Command submitted a report of an unidentified anomalous phenomenon to the All-domain Anomaly Resolution Office (AARO) consisting of two seconds of video footage from an infrared sensor aboard a U.S. military platform in 2025. The reporter did not provide any oral or written description of the observation.

Video Description:
00:00-00:02: A small, barely distinguishable area of contrast moves from the left side of the sensor field-of-view to the right side, exiting the scene from the bottom right quarter of the screen.

This video description is provided for informational purposes only. Readers should not interpret any part of this description as reflecting an analytical judgment, investigative conclusion, or factual determination regarding the described event’s validity, nature, or significance. The video is looped for viewing purposes.",Djibouti,True,not_classified,N/A,missing,,,,False,missing
entry_9f6348b340c446e7f0fc,DOW-UAP-D003,73,"DOW-UAP-D003, Mission Report, Arabian Gulf, 2020",agency_0e616debe8fcadbb45f7,release_2026-05-08,2026-05-08,PDF,"This document is a Mission Report (MISREP), a standardized reporting form the U.S. Military uses to record the circumstances surrounding its operations. U.S. military services often use MISREPs to report Unidentified Anomalous Phenomena (UAP) to AARO. The GENTEXT, or “general text” section of these reports often contains important qualitative, contextual information, distinguishing it from the more quantitative, or numerical, data found elsewhere in the report.
A U.S. military operator reported observing a “line of dots followed by a trailing dot.”
All descriptive and estimative language contained in this report reflects the reporter’s subjective interpretation at the time of the event. Such characterizations should not be interpreted as a conclusive indication of the presence or absence of any intrinsic object features or performance characteristics.",N/A,True,not_classified,N/A,missing,,,,False,missing
entry_9faae0575db8e4ae1255,State Department UAP Cable 001,369,"State Department UAP Cable 001, Papua New Guinea, January 28, 1985",agency_066b1b9fe8463307ff8b,release_2026-05-08,2026-05-08,PDF,"This document is a U.S. Department of State diplomatic cable from the U.S. Embassy in Port Moresby, Papua New Guinea to USCINCPAC (United States Indo-Pacific Command) at Honolulu, HI on January 28, 1985. 
The cable reports that the U.S. Embassy to Papua New Guinea received an inquiry from the host nation’s intelligence services regarding reports of high-altitude, high-speed aircraft in Papua New Guinean airspace on the evening of January 24, 1985. The cable refers to a representative of the local intelligence services as “NIO,” or National Intelligence Officer, throughout. The NIO relayed to U.S. diplomatic personnel that residents had been “frightened by overflights, which led to the provincial premier’s calling of a public meeting on the subject.” The NIO also stated there had been “various reports of unidentified aerial phenomena the night of January 24, including fast-moving objects with lights, contrails, and noise.” The NIO assessed these reports as credible based upon the testimony of an Air Niugini pilot who said that their radar had “picked up aircraft flying south to north at high altitude and high speed.”
The cable concludes by characterizing the information provided by the NIO as “very sketchy.” It also sought clarification from U.S. INDOPACOM on the presence or absence of U.S. military aircraft within Papua New Guinean airspace on the night in question.",Papua New Guinea,False,not_classified,1/24/85,day,1985,1,1985-01-24,True,
entry_9fbc1e51d5b5423e2a92,FBI Photo B024,284,FBI Photo B024,agency_c6cd4cf936fd5ad884ed,release_2026-05-08,2026-05-08,PDF,"The Federal Bureau of Investigation (FBI) submitted a report of an unidentified anomalous phenomenon (UAP) to the All-domain Anomaly Resolution Office (AARO) consisting of a still image derived from a U.S. military system in 2025. The original imagery was altered with redactions before being submitted to AARO. An accompanying mission report was not provided. The operator reported that they were unable to positively identify the UAP. The date in the image is incorrect due to system date/time not being set.

Narrative Description: The monochrome image displays a grainy texture with a simplified central crosshair. A single dark, irregular-shaped object is visible just above the center of the reticle. This narrative description is provided for informational purposes only. Readers should not interpret any part of this description as reflecting an analytical judgment, investigative conclusion, or factual determination regarding the described event’s validity, nature, or significance.",Western United States,True,not_classified,Late 2025,approximate_within_year,2025,,,True,
entry_a02c889bf3fc569a4bfd,DOW-UAP-PR099,219,"DOW-UAP-PR099, ""Hi-Res: [CALLSIGN] Observes UAP on 25SEP19 at 1715Z""",agency_0e616debe8fcadbb45f7,release_2026-05-22,2026-05-22,VID,"On March 6, 2026, eight members of the U.S. House of Representatives requested access to 51 potentially UAP-related records allegedly held by the Department of War and the Intelligence Community. The All-domain Anomaly Resolution Office (AARO) identified a collection of responsive materials held on a classified network. Many of these materials lack a substantiated chain-of-custody.

AARO assesses that this video, whose uploader-defined title is, “Hi-Res: [CALLSIGN] Observes UAPs on 23SEP19 at 1715Z,” is likely derived from an infrared sensor aboard a U.S. military platform operating within the United States Central Command area of responsibility in 2019. A user uploaded this video to a classified network in November 2019.

Video Duration: 00:04:51
Video Description:
00:00-00:44: No Content.
00:45-00:46: An area of contrast enters the field-of-view on the left side of the frame and exits the bottom of the frame in the lower left corner.
00:47-01:07: No Content.
01:08-01:25: An area of contrast appears from the left side of the frame. The sensor pans to hold the object in the center of its field-of-view.
01:26-01:45: The sensor changes visual settings and continues to track the area of contrast.
01:46-01:47: Another area of contrast enters the scene from the bottom of the frame.
01:47-01:55: The screen flashes black before the sensor continues tracking the areas of contrast. Multiple areas of contrast enter and exit the field-of-view during this period. The sensor pans to track them.
04:00-04:51: The screen flashes black for before continuing to track an area of contrast.

This video description is provided for informational purposes only. Readers should not interpret any part of this description as reflecting an analytical judgment, investigative conclusion, or factual determination regarding the described event’s validity, nature, or significance.",CENTCOM,True,not_classified,2023,year,2023,,,True,
entry_a27c40e4c79ca9a1f333,DOW-UAP-PR125,245,"DOW-UAP-PR125, Unresolved UAP Report, Pacific Ocean, 2019",agency_0e616debe8fcadbb45f7,release_2026-08-07,2026-08-07,VID,"The United States Navy Unidentified Anomalous Phenomena Task Force (UAPTF) transferred this media to the All-domain Anomaly Resolution Office (AARO) in 2022. The video contains 28 seconds of footage. This footage is a secondary capture, recorded via a hand-held recording device, of an infrared sensor display aboard a U.S. military platform. This footage does not represent native primary sensor data, and the secondary recording method introduces limitations in fidelity, resolution, and overall visual quality. Artifacts inherent to filming a screen, such as blurring or flickering, may be present. The footage contained within DOW-UAP-PR123 through DOW-UAP-PR127 was captured contemporaneously. This media was digitally altered before being reported to AARO, and is presented as it was received.

Video description: 

00:00-00:05: An area of contrast remains generally centered within the sensor field-of-view. 

00:06-00:09: The area of contrast tracks left within the sensor field-of-view. 

00:10-00:15: The area of contrast loses distinctiveness against the background.

00:16-00:22: An area of contrast appears in the sensor field-of-view. The sensor pans to track it, keeping it generally within the center of the frame.  

00:23-00:28: The area of contrast remains generally centered within the sensor field-of-view.

This video description is provided for informational purposes only. Readers should not interpret any part of this description as reflecting an analytical judgment, investigative conclusion, or factual determination regarding the described event’s validity, nature, or significance.",Pacific Ocean,False,not_classified,2019,year,2019,,,True,
entry_a33787eeca0c5059bc94,DOW-UAP-PR042,161,"DOW-UAP-PR042, Unresolved UAP Report, Middle East, 2020",agency_0e616debe8fcadbb45f7,release_2026-05-08,2026-05-08,VID,"The United States Central Command submitted a report of an unidentified anomalous phenomenon to the All-domain Anomaly Resolution Office (AARO) consisting of four minutes and 53 seconds of video footage from an infrared sensor aboard a U.S. military platform in 2020. The reporter did not provide any oral or written description of the observation.

Video Description:
00:00-00:12: An area of contrast enters the sensor field-of-view from the bottom left corner of the frame. The sensor pans to track the area of contrast, keeping it generally within the lower left quadrant of the frame.
00:13-00:40: The area of contrast intermittently loses distinctiveness against the background, seeming to disappear and reappear irregularly.
00:41: The sensor narrows its field-of-view to zoom in on the area of contrast.
00:42-00:52: An area of contrast exits the sensor field-of-view from the left half of the top of the frame, after which the sensor pans up and to the left.
00:53-02:09: The sensor pans erratically, with an area of contrast appearing in a relatively fixed position to the left and slightly below the center of the frame.
02:09-02:29: The sensor switches imaging modalities, and the area of contrast appears to the right and slightly above the center of the frame.
02:30-04:53: The sensor switches imaging modalities again, and the area of contrast returns to its previous position to the left and slightly below the center of the frame.

This video description is provided for informational purposes only. Readers should not interpret any part of this description as reflecting an analytical judgment, investigative conclusion, or factual determination regarding the described event’s validity, nature, or significance.",Arabian Gulf,True,not_classified,N/A,missing,,,,False,missing
entry_a3943d15d1d401379bbd,DOW-UAP-D048,97,"DOW-UAP-D048, Department of the Air Force Report, 1996",agency_0e616debe8fcadbb45f7,release_2026-05-08,2026-05-08,PDF,"This report describes the Modeling of Unlikely Space-Booster Failures in Risk Calculations, documenting historical launch failure modes and recommending corrective actions to address them using novel modelling techniques.",N/A,False,not_classified,9/10/96,day,1996,9,1996-09-10,True,
entry_a51412da1f1293ecccde,DOW-UAP-D074,113,"DOW-UAP-D074, Mission Report, Syria, November 2023",agency_0e616debe8fcadbb45f7,release_2026-05-08,2026-05-08,PDF,"This document is a Mission Report (MISREP), a standardized reporting form the U.S. Military uses to record the circumstances surrounding its operations. U.S. military services often use MISREPs to report Unidentified Anomalous Phenomena (UAP) to AARO. The GENTEXT, or “general text” section of these reports often contains important qualitative, contextual information, distinguishing it from the more quantitative, or numerical, data found elsewhere in the report.
A U.S. military operator reported observing one UAP “shaped as a bouncy ball.” The observer described the UAP as traveling “~424kn (483 mph) consistently for at least 7mins.” The reporter described the UAP approaching from the south. The operator assessed the object as “benign.”
All descriptive and estimative language contained in this report reflects the reporter’s subjective interpretation at the time of the event. Such characterizations should not be interpreted as a conclusive indication of the presence or absence of any intrinsic object features or performance characteristics.",Syria,True,not_classified,11/9/23,day,2023,11,2023-11-09,True,
entry_a54b878d89a401a65a0c,NASA-UAP-D027,356,"NASA-UAP-D027, Apollo 14 Debriefing (Continued), 1971",agency_06552eff6885a0591452,release_2026-07-10,2026-07-10,AUD,"This file contains segment 2 of 2 of the Apollo 14 post-mission crew debriefing at the Manned Spacecraft Center (now Johnson Space Center), Houston, Texas. In this continued segment, crew members and debriefers further discuss the “light flash phenomena,” a then novel, now well-documented biological effect where high-energy cosmic rays pass through the eye and strike the retina, causing the perception of light streaks or flashes.",Texas,False,not_classified,2/18/71,day,1971,2,1971-02-18,True,
entry_a5bd1ad438141d42a7bc,CIA-UAP-002,43,"CIA-UAP-002, Scientific Advisory Panel on Unidentified Flying Objects, Report, 1952-1953",agency_9509941b7ce5f6527cf7,release_2026-06-12,2026-06-12,PDF,"This file contains correspondence and reports dated 1952–1953 from the Scientific Advisory Panel on Unidentified Flying Objects, convened by the CIA’s Office of Scientific Intelligence. The panel’s primary conclusion was that “flying saucers” did not pose a direct physical threat to the national security of the United States. The panel found no evidence that these phenomena were attributable to hostile foreign artifacts or indicated a need to revise existing scientific concepts. 

However, the panel identified a significant indirect threat stemming from the public’s fascination with the subject. The panel concluded that the high volume of reports, encouraged by a ""sensationalist press,"" could overwhelm and clog vital intelligence and communication channels, potentially distracting from genuine threats. Furthermore, they warned that a “morbid national psychology” could be exploited by adversaries to incite “hysterical behavior and harmful distrust of duly constituted authority.” To mitigate these risks, the panel recommended an official policy of “debunking” to “strip the UFO subject of its mystery,” alongside a training initiative for military personnel to better recognize and filter out misidentified objects, thereby reducing communication “noise” and allowing the national security apparatus to focus on more ""legitimate defense concerns.""",,False,not_classified,1952-1953,multiple_years,,,,False,multiple_years
entry_a6b862640855f2eda152,18_6369445_General_1948_Vol_1,12,18_6369445_General_1948_Vol_1,agency_0e616debe8fcadbb45f7,release_2026-05-08,2026-05-08,PDF,"This file contains memorandums, correspondence, and forms related to the reporting of information on flying discs and investigations into sightings.",N/A,False,not_classified,6/15/48,day,1948,6,1948-06-15,True,
entry_a776ccce4a77820bf77a,FBI Photo B003,263,FBI Photo B003,agency_c6cd4cf936fd5ad884ed,release_2026-05-08,2026-05-08,PDF,"The Federal Bureau of Investigation (FBI) submitted a report of an unidentified anomalous phenomenon (UAP) to the All-domain Anomaly Resolution Office (AARO) consisting of a still image derived from a U.S. military system in 2025. The original imagery was altered with redactions before being submitted to AARO. An accompanying mission report was not provided. The operator reported that they were unable to positively identify the UAP.  The date in the image is incorrect due to system date/time not being set.

Narrative Description: The monochrome image displays a grainy texture with a central crosshair reticle. A small, dark, circular object is visible just to the right of the center of the reticle. The background appears to show an indistinct mountain range or cloud formation. This narrative description is provided for informational purposes only. Readers should not interpret any part of this description as reflecting an analytical judgment, investigative conclusion, or factual determination regarding the described event’s validity, nature, or significance.",Western United States,True,not_classified,Late 2025,approximate_within_year,2025,,,True,
entry_a8e0026b70232e667b11,DOW-UAP-D027,89,"DOW-UAP-D027, Mission Report, United Arab Emirates, October 2023",agency_0e616debe8fcadbb45f7,release_2026-05-08,2026-05-08,PDF,"This document is a Mission Report (MISREP), a standardized reporting form the U.S. Military uses to record the circumstances surrounding its operations. U.S. military services often use MISREPs to report Unidentified Anomalous Phenomena (UAP) to AARO. The GENTEXT, or “general text” section of these reports often contains important qualitative, contextual information, distinguishing it from the more quantitative, or numerical, data found elsewhere in the report.
A U.S. military operator reported observing one UAP at an estimated altitude of approximately 24,000 feet. The observer estimated the UAP’s speed as 163 knots (187 mph).
All descriptive and estimative language contained in this report reflects the reporter’s subjective interpretation at the time of the event. Such characterizations should not be interpreted as a conclusive indication of the presence or absence of any intrinsic object features or performance characteristics.",Gulf of Oman,True,not_classified,6/7/24,day,2024,6,2024-06-07,True,
entry_a935d8785a33c0bc13e3,DOW-UAP-D090,128,"DOW-UAP-D090, Range Fouler Debrief, Eastern United States, 2019",agency_0e616debe8fcadbb45f7,release_2026-07-10,2026-07-10,PDF,"This document is a Range Fouler Debrief, a standardized reporting form the U.S. Navy uses to record the circumstances surrounding an unauthorized intrusion into controlled airspace during active military operations or training. These reports contain a narrative description of the observer’s experiences. This report accompanies the video titled “DOW-UAP-PR112.”

Five U.S. military-affiliated personnel reported observing an object “with flight characteristics unlike anything [the observer] had seen in 28 years [of service] for the U.S. Air Force and U.S. Navy. The report characterizes the phenomenon as “small” and “travelling in a straight line opposite [the platform’s] direction at high speed.” The reporter added that, “others with equal or more experience were also unsure as to what the object might be.”

All descriptive and estimative language contained in this report reflects the reporter’s subjective interpretation at the time of the event. Such characterizations should not be interpreted as a conclusive indication of the presence or absence of any intrinsic object features or performance characteristics.",Eastern United States,True,not_classified,2019,year,2019,,,True,
entry_aad00059a992a38a211a,FBI-UAP-D038,7,"FBI-UAP-D038, Digital Rendering 1, “Multiple Red Lights,” 2026",agency_c6cd4cf936fd5ad884ed,release_2026-08-07,2026-08-07,PDF,"This image is an artistic interpretation of a reported incident potentially involving unidentified anomalous phenomena (UAP) in the western United States in 2026. This image is based upon a first-hand description provided by two U.S. persons, as described in FBI-UAP-D037. The Federal Bureau of Investigation prepared this digital rendering in 2026 as a visual aid in support of the PURSUE initiative.",Western United States,False,artistic_interpretation,2026,year,2026,,,True,
entry_ac7319d72c7e3490f0cb,DOW-UAP-PR020,140,"DOW-UAP-PR020, Unresolved UAP Report, Kuwait, May 2022",agency_0e616debe8fcadbb45f7,release_2026-05-08,2026-05-08,PDF,"The United States Central Command submitted a report of an unidentified anomalous phenomenon (UAP) to the All-domain Anomaly Resolution Office (AARO) consisting of a still image derived from a U.S. military system in 2022. The original reporter digitally altered the imagery by adding a red line encircling an area of interest before submitting it to AARO. An accompanying mission report, DoW-UAP-D12, described the UAP as moving from north to northeast. The operator reported that they were unable to positively identify the UAP.

Image Description: The image contains an encircled, elongated area of contrast in the top left quarter. The area of contrast increases in intensity along its length from top left to bottom right.

This image description is provided for informational purposes only. Readers should not interpret any part of this description as reflecting an analytical judgment, investigative conclusion, or factual determination regarding the described event’s validity, nature, or significance.",Iraq,True,not_classified,N/A,missing,,,,False,missing
entry_ac94d75cee546d2ce451,DOW-UAP-PR087,207,"DOW-UAP-PR087, ""05 September 2020 [CALLSIGN] UAP""",agency_0e616debe8fcadbb45f7,release_2026-05-22,2026-05-22,VID,"On March 6, 2026, eight members of the U.S. House of Representatives requested access to 51 potentially UAP-related records allegedly held by the Department of War and the Intelligence Community. The All-domain Anomaly Resolution Office (AARO) identified a collection of responsive materials held on a classified network. Many of these materials lack a substantiated chain-of-custody.

AARO assesses that this video, whose uploader-defined title is, “05 September 2020 [CALLSIGN] UAP,” is likely derived from an infrared sensor aboard a U.S. military platform operating within the United States Central Command area of responsibility in 2020. A user uploaded this video to a classified network in September 2020.
Video Duration: 00:04:54
Video Description:
00:00-01:22: No content.
01:23-01:26: An area of contrast transits the screen, entering from the bottom and exiting the top of the frame.
01:27-02:52: No content.
02:53-02:56: An area of contrast transits the screen, entering from the bottom and exiting the top of the frame.
02:57-04:21: No Content.
04:22-04:26: An area of contrast transits the screen, entering from the bottom and exiting the top of the frame.
04:27-04:54: No content.

This video description is provided for informational purposes only. Readers should not interpret any part of this description as reflecting an analytical judgment, investigative conclusion, or factual determination regarding the described event’s validity, nature, or significance.",CENTCOM,True,not_classified,2020,year,2020,,,True,
entry_acf9247365eb67a54042,DOW-UAP-D086,124,"DOW-UAP-D086, USNavy-Report-of-Flying-Discs_1948",agency_0e616debe8fcadbb45f7,release_2026-06-12,2026-06-12,PDF,"This document is a memorandum from the Commandant of the 5th Naval District, and it cites a memorandum related to ""flying discs"" from the Chief of Naval Operations. The memorandum requests that naval stations report incidents to the nearest Air Force command and to the Naval District Intelligence Office.",,False,not_classified,,missing,,,,False,missing
entry_ad20f9f93fcad6061f74,NASA-UAP-D010,339,"NASA-UAP-D010, Mercury Atlas 9 Audio Excerpt, May 15, 1963",agency_06552eff6885a0591452,release_2026-05-22,2026-05-22,AUD,"Approximately one hour and 41 minutes into the final and longest flight of Project Mercury, Mercury-Atlas 9 mission (MA-9) Faith 7 Pilot L. Gordon Cooper Jr. notes that he sees “John’s fireflies,” referring to John Glenn’s term from the Mercury-Atlas 6 mission. NASA later determined that the “fireflies” are attributable to frozen condensation separating from the spacecraft body. The white, green-hued appearance of this phenomenon results from sunlight reflecting off frozen condensation.",Low Earth Orbit,False,not_classified,5/15/63,day,1963,5,1963-05-15,True,
entry_ad59af9d44615688a44e,FBI Photo B015,275,FBI Photo B015,agency_c6cd4cf936fd5ad884ed,release_2026-05-08,2026-05-08,PDF,"The Federal Bureau of Investigation (FBI) submitted a report of an unidentified anomalous phenomenon (UAP) to the All-domain Anomaly Resolution Office (AARO) consisting of a still image derived from a U.S. military system in 2025. The original imagery was altered with redactions before being submitted to AARO. An accompanying mission report was not provided. The operator reported that they were unable to positively identify the UAP. The date in the image is incorrect due to system date/time not being set.

Narrative Description: The monochrome image displays a grainy texture with a simplified central crosshair. Two small, dark, circular objects are visible near the center of the frame in the upper right quadrant. This narrative description is provided for informational purposes only. Readers should not interpret any part of this description as reflecting an analytical judgment, investigative conclusion, or factual determination regarding the described event’s validity, nature, or significance.",Western United States,True,not_classified,Late 2025,approximate_within_year,2025,,,True,
entry_af5647ce0e2cdc1e6ff1,DOW-UAP-PR095,215,"DOW-UAP-PR095, ""May 05 2020 Gulf of Arabia [CALLSIGN] (Platform) Dual UAP""",agency_0e616debe8fcadbb45f7,release_2026-05-22,2026-05-22,VID,"On March 6, 2026, eight members of the U.S. House of Representatives requested access to 51 potentially UAP-related records allegedly held by the Department of War and the Intelligence Community. The All-domain Anomaly Resolution Office (AARO) identified a collection of responsive materials held on a classified network. Many of these materials lack a substantiated chain-of-custody.

AARO assesses that this video, whose uploader-defined title is, “May 05 2020 Gulf of Arabia [CALLSIGN] (Platform) Dual UAP,” is likely derived from an infrared sensor aboard a U.S. military platform operating within the United States Central Command area of responsibility in 2020. A user uploaded this video to a classified network in May 2020.

Video Duration: 00:04:49
Video Description:
00:00-00:16: The sensor tracks an area of contrast.
00:17-00:20: The sensor zooms in on the area of contrast. At higher magnification, the area appears as multiple distinct areas of contrast.
00:21-00:35: The sensor zooms in further. The areas of contrast move in and out of the field-of-view as the sensor pans to keep them in frame.
00:36-00:54: The sensor zooms out.
00:55-01:46: The sensor zooms in. The areas of contrast again become more distinct at higher magnification. The areas enter and exit the field-of-view as the sensor pans to keep them in frame.
01:47-01:51: The areas of contrast leave the frame at the lower right edge of the screen.
01:52-04:49: No content.

This video description is provided for informational purposes only. Readers should not interpret any part of this description as reflecting an analytical judgment, investigative conclusion, or factual determination regarding the described event’s validity, nature, or significance.

AARO Comment: DOW-UAP-PR093 and DOW-UAP-PR095 are not duplicates. Both videos share an uploader-defined title and depict highly similar subject matter, but are distinct.",CENTCOM,True,not_classified,2020,year,2020,,,True,
entry_af57bab10c08c85e67da,CIA-UAP-009,50,"CIA-UAP-009, Unknown Flying Objects Observed Over Budapest",agency_9509941b7ce5f6527cf7,release_2026-06-12,2026-06-12,PDF,This is a 1957 CIA Information Report regarding UFO sightings over Budapest. A more redacted version of this report has been available on CIA's public website.,"Budapest, Hungary",False,not_classified,1957,year,1957,,,True,
entry_b09f15f91be720f54814,DOW-UAP-PR073,193,"DOW-UAP-PR073, IIR 1 655 S0053 23/Several Unidentified Aerial Phenomenon Encountered In The Vicinity of Columbus OH""",agency_0e616debe8fcadbb45f7,release_2026-05-22,2026-05-22,VID,"On March 6, 2026, eight members of the U.S. House of Representatives requested access to 51 potentially UAP-related records allegedly held by the Department of War and the Intelligence Community. The All-domain Anomaly Resolution Office (AARO) identified a collection of responsive materials held on a classified network. Many of these materials lack a substantiated chain-of-custody.

AARO assesses that this video, whose uploader-defined title is, “IIR 1 655 S0053 23/Several Unidentified Aerial Phenomenon Encountered In The Vicinity of Columbus OH,” is likely derived from an infrared sensor aboard a U.S. military platform operating within the United States Northern Command area of responsibility in November 2022. A user uploaded this video to a classified network in March 2023.

Video Duration: 00:01:28
Video Description:
00:00-00:04: No content.
00:05-00:07: The sensor pans to center a small area of contrast within its field-of-view.
00:11-00:37: The sensor cycles contrast modes and zoom levels while the area of contrast remains generally within the sensor field-of-view.
00:38-00:41: The orientation of the sensor relative to the area of contrast causes the area of contrast to appear to rotate.
00:42-01:14: A second area of contrast enters the frame from near the center of the top of the screen. It transits the sensor field-of-view, before becoming obscured by a redacted visual element of the sensor display.
01:17: The initial area of contrast loses distinctiveness against the background.
01:20: The sensor rotates, causing the second area of contrast to re-enter the scene before exiting the frame at the center of the top of the screen.
01:23-01:28: No content.

This video description is provided for informational purposes only. Readers should not interpret any part of this description as reflecting an analytical judgment, investigative conclusion, or factual determination regarding the described event’s validity, nature, or significance.",Midwestern United States,True,not_classified,2022,year,2022,,,True,
entry_b0ec949962d1475e5897,NASA-UAP-D003A,332,"NASA-UAP-D003A, Gemini 7 Audio Excerpt, 1965",agency_06552eff6885a0591452,release_2026-05-08,2026-05-08,AUD,"This audio recording contains air to ground communications and the NASA Public Affairs audio feed with commentary, recorded during the flight of the Gemini 7 mission. In this excerpted segment of audio, Astronaut Frank Borman reports to NASA mission control in Houston his sighting of an unidentified object, which he referred to as a ""bogey."" This sighting occurred on December 5, 1965. The dialogue includes Borman's initial report, as well as additional comments by Astronaut Jim Lovell, Borman's fellow crew member.",Low Earth Orbit,False,not_classified,12/5/65,day,1965,12,1965-12-05,True,
entry_b50b28200c7906bc24d8,FBI Photo A003,255,FBI Photo A003,agency_c6cd4cf936fd5ad884ed,release_2026-05-08,2026-05-08,IMG,"The Federal Bureau of Investigation (FBI) submitted a report of an unidentified anomalous phenomenon (UAP) to the All-domain Anomaly Resolution Office (AARO) consisting of a still image derived from a U.S. government system. The date and location of the event have not been provided.  The original imagery was altered with redactions before being submitted to AARO. An accompanying mission report was not provided. The operator reported that they were unable to positively identify the UAP.

Narrative Description: The monochrome image displays a mottled background with a central crosshair reticle. A dark, circular object is positioned exactly at the center of the reticle. The background shows a textured pattern, possibly depicting ground terrain. This narrative description is provided for informational purposes only. Readers should not interpret any part of this description as reflecting an analytical judgment, investigative conclusion, or factual determination regarding the described event’s validity, nature, or significance.",N/A,True,not_classified,Late 2025,approximate_within_year,2025,,,True,
entry_b5a79af369b8f35131d0,DOW-UAP-D057,105,"DOW-UAP-D057, Range Fouler Reporting Form, Gulf of Aden, September 2020",agency_0e616debe8fcadbb45f7,release_2026-05-08,2026-05-08,PDF,"This document is a Range Fouler Reporting Form, a standardized reporting form the U.S. Navy uses to record the circumstances surrounding an unauthorized intrusion into controlled airspace during active military operations or training. These reports contain a narrative description of the observer’s experiences. 
A U.S. military operator reported tracking a “round, cold object” over the Gulf of Aden for eight minutes via “black hot” IR sensor, making the UAP appear “bright white.” The report states that the UAP was “traveling 168 degrees at 277 mph” and “made a few abrupt directional changes” during the encounter.
All descriptive and estimative language contained in this report reflects the reporter’s subjective interpretation at the time of the event. Such characterizations should not be interpreted as a conclusive indication of the presence or absence of any intrinsic object features or performance characteristics.",Gulf of Aden ,True,not_classified,9/4/20,day,2020,9,2020-09-04,True,
entry_b61e3cd42425f623c0c2,DOW-UAP-D056,104,"DOW-UAP-D056, Range Fouler Debrief, Arabian Sea, August 2020",agency_0e616debe8fcadbb45f7,release_2026-05-08,2026-05-08,PDF,"This document is a Range Fouler Debrief Form, a standardized reporting form the U.S. Navy uses to record the circumstances surrounding an unauthorized intrusion into controlled airspace during active military operations or training. These reports contain a narrative description of the observer’s experiences. 
A U.S. military operator reported an encounter with a group of three “unidentified small air contacts” over the North Arabian Sea. The reporter described the UAP as having “wings/airframe” structure, and as initially bearing on a westerly heading. The operator tracked one UAP before losing sight of it behind a cloud. Upon regaining contact, the operator reported observing two additional UAP to the east of the first. The report states that all three objects then “appeared to maintain their relative course, speed, and altitude.”
All descriptive and estimative language contained in this report reflects the reporter’s subjective interpretation at the time of the event. Such characterizations should not be interpreted as a conclusive indication of the presence or absence of any intrinsic object features or performance characteristics.",Arabian Sea ,True,not_classified,8/24/20,day,2020,8,2020-08-24,True,
entry_b719c5ad5ae4026b7bf4,DOW-UAP-PR077,197,"DOW-UAP-PR077, ""2 November 2020 [CALLSIGN] [CALLSIGN] Observes and tracks UAP 1 of 2""",agency_0e616debe8fcadbb45f7,release_2026-05-22,2026-05-22,VID,"On March 6, 2026, eight members of the U.S. House of Representatives requested access to 51 potentially UAP-related records allegedly held by the Department of War and the Intelligence Community. The All-domain Anomaly Resolution Office (AARO) identified a collection of responsive materials held on a classified network. Many of these materials lack a substantiated chain-of-custody.

AARO assesses that this video, whose uploader-defined title is “2 November 2020 [CALLSIGN] [CALLSIGN] Observes and tracks UAP 1 of 2,” is likely derived from an infrared sensor aboard a U.S. military platform operating within the United States Central Command area of responsibility in November 2020. A user uploaded this video to a classified network in November 2020.

Video Duration: 00:04:58
Video Description:
00:00-03:21: The sensor pans to keep a low area of contrast within the center of the field-of-view. The relative intensity of the area of contrast increases throughout the video.
03:15-03:17: A second area of contrast transits the top right corner of the sensor field-of-view.
03:22-04:58: The sensor pans from the first area of contrast to the second area of contrast and pans to keep it within the field-of-view.

This video description is provided for informational purposes only. Readers should not interpret any part of this description as reflecting an analytical judgment, investigative conclusion, or factual determination regarding the described event’s validity, nature, or significance.

AARO Comment: DOW-UAP-PR077 and DOW-UAP-PR078 are not duplicates. Both videos depict highly similar subject matter, but are distinct.",CENTCOM,True,not_classified,2020,year,2020,,,True,
entry_b7720fdd1edd0cdc6a6c,FBI-UAP-D041,9,"FBI-UAP-D041, Digital Rendering 1, “Multiple Red Lights,” 2026",agency_c6cd4cf936fd5ad884ed,release_2026-08-07,2026-08-07,PDF,"This image is an artistic interpretation of a reported incident potentially involving unidentified anomalous phenomena (UAP) in the western United States in 2026. This image is based upon a first-hand description provided by two U.S. persons, as described in FBI-UAP-D040. The Federal Bureau of Investigation (FBI) prepared this digital rendering in 2026 as a visual aid in support of the PURSUE initiative.",Western United States,False,artistic_interpretation,2026,year,2026,,,True,
entry_b7d4932852378f2c6596,DOW-UAP-D099,136,"DOW-UAP-D099, Intelligence Review of “Ghost Rocket” Incidents, 1947",agency_0e616debe8fcadbb45f7,release_2026-08-07,2026-08-07,PDF,"This document is a U.S. Department of War General Staff intelligence review assessing incidents involving unidentified “Ghost Rockets” reported over Sweden and other Scandinavian countries beginning in May 1946. The review includes an analysis of observational reports, statements from the Swedish government, and reporting from the U.S. military attaché in Stockholm. The review highlights the inconclusive nature of the contemporary evidence available to substantiate reports from civilian and military observers. 

The review also documents a change in the public stance of the Swedish Defense Staff, which privately attributed the objects to Soviet V-1 missile tests launched from Peenemünde. Peenemünde is a then-occupied municipality in northeastern Germany that had been associated with the development of the V-1 and V-2 rocket program during World War II. The Swedish assessment publicly shifted from an unknown technological origin to one of a “celestial origin.” The review suggests that this shift was a deliberate effort to avoid diplomatic conflict with the Soviet Union. The report’s final assessment concludes that while most reported incidents were likely misidentified natural phenomena, the “best evidence” suggested a small number of “real incidents” involving low-flying V-1 type missiles, likely attributable to Soviet tests of captured German technology.",Sweden,False,not_classified,1/9/47,day,1947,1,1947-01-09,True,
entry_b800a2e79163353b54d9,DOW-UAP-PR044,163,"DOW-UAP-PR044, Unresolved UAP Report, Middle East, 2020",agency_0e616debe8fcadbb45f7,release_2026-05-08,2026-05-08,VID,"The United States Central Command submitted a report of an unidentified anomalous phenomenon (UAP) to the All-domain Anomaly Resolution Office (AARO) consisting of five minutes and 11 seconds of video footage from an infrared sensor aboard a U.S. military platform in 2020. The reporter did not provide any oral or written description of the observation.

Video Description: This video features incidentally recorded audio, which does not relate to the visual content described below.
00:00-00:30: No content.
00:31-03:24: The sensor pans down and to the right to focus on an area of contrast. The sensor tracks the area of contrast against the background for approximately three minutes, panning to maintain its position generally within the center of the frame. The sensor cycles contrast and zoom levels several times throughout, appearing as brief, bright white flashes across the frame.
03:25-04:23: The sensor cycles through reticles of various sizes while continuing to track the area of contrast. Between 04:20 and 04:23, the area of contrast briefly leaves the center of the sensor field-of-view.
04:24-04:50: The sensor field-of-view widens to zoom out from the scene, continuing to track the area of contrast.
04:50-04:54: The sensor stops tracking the area of contrast, at which point it exits the frame from the top left quadrant of the screen.
04:55-05:11: No content.

This video description is provided for informational purposes only. Readers should not interpret any part of this description as reflecting an analytical judgment, investigative conclusion, or factual determination regarding the described event’s validity, nature, or significance.",Arabian Gulf,True,not_classified,N/A,missing,,,,False,missing
entry_b80b97a10e2c1fb886ad,DOW-UAP-D093,131,"DOW-UAP-D093, Analysis of Flying Object Incidents in the United States, 1948",agency_0e616debe8fcadbb45f7,release_2026-07-10,2026-07-10,PDF,"This file contains a U.S. Air Force (USAF) Air Intelligence Division study, “Analysis of Flying Object Incidents in the United States,” Study No. 203, dated 12/10/1948. The analysis includes an assessment of various reported unidentified flying object (UFO) incidents and theories to account for their nature and origin. Overall, the study assesses that “it appears that some object has been seen; however, the identification of that object cannot be readily accomplished.” The study offers that two “reasonable” origins might account for the phenomena: technologies of a domestic or foreign origin. It also suggests that, if foreign, it is prudent for the United States to assume that UFO observations are attributable to scientific, military, or intelligence activities of the Soviet Union, and, in that case, to take seriously the threat such objects may pose. The file also contains contemporary UFO reports and examples of experimental “flying wing” type aircraft planforms that might account for certain commonly reported UFO characteristics.

AARO Comment: This file appears to be an earlier draft version of the file contained in DOW-UAP-D094, whose content is substantively similar.",Virginia,False,not_classified,12/10/48,day,1948,12,1948-12-10,True,
entry_b87521b53790e138e373,65_HS1-834228961_62-HQ-83894_Section_008,32,65_HS1-834228961_62-HQ-83894_Section_008,agency_c6cd4cf936fd5ad884ed,release_2026-05-08,2026-05-08,PDF,"The FBI's 62-HQ-83894 case file includes investigative records, eyewitness testimonies, and public reports concerning Unidentified Flying Objects and flying discs documented between June 1947 and July 1968. The records include high-profile incident accounts, photographic evidence from sites like Oak Ridge, TN, and technical proposals regarding potential propulsion systems. Additional topics include convention programs, researcher accounts, and extensive media coverage from the period.  This file is partially posted on FBI vault with more redactions and some pages missing.  Included here is the complete case file with several newly declassified pages and only minor redactions.",N/A,False,not_classified,N/A,missing,,,,False,missing
entry_b87fc86c022974f62702,FBI September 2023 Sighting - Serial 005,288,FBI September 2023 Sighting - Serial 005,agency_c6cd4cf936fd5ad884ed,release_2026-05-08,2026-05-08,PDF,"This is an FBI 302 interview conducted with a US citizen regarding their first-hand account of a UAP encounter at a US test site. USPER described a ""bright light over the horizon.""",United States,True,not_classified,9/1/23,day,2023,9,2023-09-01,True,
entry_b975b6bf5d762af2b83d,DOW-UAP-PR103,223,"DOW-UAP-PR103, Unresolved UAP Report, East China Sea, 2024",agency_0e616debe8fcadbb45f7,release_2026-07-10,2026-07-10,VID,"The United States Indo-Pacific Command submitted a report of an unidentified anomalous phenomenon to the All-domain Anomaly Resolution Office (AARO) consisting of 1 minute and 16 seconds of video footage from an infrared sensor aboard a U.S. military platform in 2024.

Video Description: 
00:01-01:16: The sensor pans to track an area of contrast, keeping it generally within the center of the frame.
00:12-01:16: An auto-tracking reticle surrounds the area of contrast. The sensor tracks the area of contrast, keeping it generally within the center of the frame.

This video description is provided for informational purposes only. Readers should not interpret any part of this description as reflecting an analytical judgment, investigative conclusion, or factual determination regarding the described event’s validity, nature, or significance.",East China Sea,True,not_classified,2024,year,2024,,,True,
entry_b987989cfe022a64e147,DOW-UAP-PR082,202,"DOW-UAP-PR082, ""16 OCT 2020 [CALLSIGN] views UAP""",agency_0e616debe8fcadbb45f7,release_2026-05-22,2026-05-22,VID,"On March 6, 2026, eight members of the U.S. House of Representatives requested access to 51 potentially UAP-related records allegedly held by the Department of War and the Intelligence Community. The All-domain Anomaly Resolution Office (AARO) identified a collection of responsive materials held on a classified network. Many of these materials lack a substantiated chain-of-custody.

AARO assesses that this video, whose uploader-defined title is, “16 OCT 2020 [CALLSIGN] views UAP,” is likely derived from an infrared sensor aboard a U.S. military platform operating within the United States Africa Command area of responsibility in 2020. A user uploaded this video to a classified network in October 2020.

Video Duration: 00:04:46
Video Description:
00:28-00:29: An area of contrast transits the frame from the middle left side of the frame to the upper right side of the frame.

This video description is provided for informational purposes only. Readers should not interpret any part of this description as reflecting an analytical judgment, investigative conclusion, or factual determination regarding the described event’s validity, nature, or significance.",AFRICOM,True,not_classified,2020,year,2020,,,True,
entry_b9b047b4fd41ee773124,DOW-UAP-D055,103,"DOW-UAP-D055, Mission Report, Syria, November 2016",agency_0e616debe8fcadbb45f7,release_2026-05-08,2026-05-08,PDF,"This document is a mission briefing summarizing an observation of Unidentified Anomalous Phenomena (UAP) by a U.S. military platform near Latakia, Syria.
A U.S. military pilot flying a P-8A aircraft reported observing an object via the aircraft’s EO/IR sensor, which they characterized as appearing to be in “sea skim mode,” traveling at approximately 500 knots (575 mph) on a southeasterly heading. The P-8A lost visual contact with the object after two minutes.
All descriptive and estimative language contained in this report reflects the reporter’s subjective interpretation at the time of the event. Such characterizations should not be interpreted as a conclusive indication of the presence or absence of any intrinsic object features or performance characteristics.",Syria,True,not_classified,11/18/16,day,2016,11,2016-11-18,True,
entry_b9e6e8e4626675dd3874,DOW-UAP-PR124,244,"DOW-UAP-PR124, Unresolved UAP Report, Pacific Ocean, 2019",agency_0e616debe8fcadbb45f7,release_2026-08-07,2026-08-07,VID,"The United States Navy Unidentified Anomalous Phenomena Task Force (UAPTF) transferred this media to the All-domain Anomaly Resolution Office (AARO) in 2022. The video contains 53 seconds of footage. This footage is a secondary capture, recorded via a hand-held recording device, of an infrared sensor display aboard a U.S. military platform. This footage does not represent native primary sensor data, and the secondary recording method introduces limitations in fidelity, resolution, and overall visual quality. Artifacts inherent to filming a screen, such as blurring or flickering, may be present. The footage contained within DOW-UAP-PR123 through DOW-UAP-PR127 was captured contemporaneously. This media was digitally altered before being reported to AARO, and is presented as it was received.

Video description: 

00:00-00:01: An area of contrast remains generally centered within the sensor field-of-view. 

00:02-00:29: The sensor zooms in on the area of contrast.

00:30-00:53: The area of contrast loses distinctiveness against the background.

This video description is provided for informational purposes only. Readers should not interpret any part of this description as reflecting an analytical judgment, investigative conclusion, or factual determination regarding the described event’s validity, nature, or significance.",Pacific Ocean,False,not_classified,2019,year,2019,,,True,
entry_ba170d5a8946608d1409,CIA-UAP-D001,61,"CIA-UAP-D001, Intelligence Information Report, USSR, 1973",agency_9509941b7ce5f6527cf7,release_2026-05-22,2026-05-22,PDF,"This document is a Central Intelligence Agency (CIA) intelligence information report (IIR) that describes human intelligence gathering activities in the Union of Soviet Socialist Republics (USSR). This report characterizes its content as informational, not as finally evaluated intelligence. In section 14 of this document, the source describes an incident occurring in summer of 1973, where he allegedly observed an airborne, luminous, bright green, unidentified object. The source described concentric circles forming around the phenomenon over a period of several minutes, before it dissipated. The source also stated that no sound attended the observation. The source offered no opinion on the nature of the phenomenon and was unable to provide further details regarding the incident.",USSR,True,not_classified,12/20/73,day,1973,12,1973-12-20,True,
entry_ba254852d6edaaf830a7,FBI-UAP-D026,314,"FBI-UAP-D026, FD-302, “Dark Translucent Triangle,” 2023",agency_c6cd4cf936fd5ad884ed,release_2026-08-07,2026-08-07,PDF,"This document is an FBI FD-302, a form the Federal Bureau of Investigation (FBI) uses to record interviews. This FD-302 records a January 2026 interview with a former employee of the Department of War, in which the interviewee describes an incident potentially involving unidentified anomalous phenomena (UAP) in Colorado Springs, Colorado, in October 2023. An FBI digital rendering based upon the observer’s description accompanies this document, under the title FBI-UAP-D027.","Colorado Springs, Colorado",True,artistic_interpretation,2023,year,2023,,,True,
entry_ba9fbf0772acdbfba087,DOW-UAP-PR038,157,"DOW-UAP-PR038, Unresolved UAP Report, Middle East, 2013",agency_0e616debe8fcadbb45f7,release_2026-05-08,2026-05-08,VID,"The United States Central Command submitted a report of an unidentified anomalous phenomenon to the All-domain Anomaly Resolution Office (AARO) consisting of one minute and 46 seconds of video footage from an infrared sensor aboard a U.S. military platform in 2013. The reporter did not provide any oral or written description of the observation.

Video Description: This video depicts an area of contrast resembling an eight-pointed star with arms of alternating length.
00:10: The sensor field-of-view narrows to zoom in on the area of contrast.
00:11-00:29: The area of contrast moves within the sensor field-of-view, followed by a visible trail.
00:30: The area of contrast leaves the sensor field-of-view at the bottom right of the screen.
00:35-01:44: Following an apparent cut, the area of contrast generally remains within the sensor field-of-view before exiting the frame from the top left quarter of the screen.

This video description is provided for informational purposes only. Readers should not interpret any part of this description as reflecting an analytical judgment, investigative conclusion, or factual determination regarding the described event’s validity, nature, or significance.",Middle East,True,not_classified,N/A,missing,,,,False,missing
entry_bacaf0f1b2fe164aa90d,DOW-UAP-PR075,195,"DOW-UAP-PR075, ""09JUN2021 [Platform] observed UAP in the ECS""",agency_0e616debe8fcadbb45f7,release_2026-05-22,2026-05-22,VID,"On March 6, 2026, eight members of the U.S. House of Representatives requested access to 51 potentially UAP-related records allegedly held by the Department of War and the Intelligence Community. The All-domain Anomaly Resolution Office (AARO) identified a collection of responsive materials held on a classified network. Many of these materials lack a substantiated chain-of-custody.

AARO assesses that this video, whose uploader-defined title is, “09JUN2021 [Platform] observed UAP in the ECS,” is likely derived from an infrared sensor aboard a U.S. military platform operating above the East China Sea in 2021. A user uploaded this video to a classified network in June 2021.

Video Duration: 00:00:23
Video Description:
00:01-00:18: The sensor pans to track an area of contrast. At the 18 second mark, the sensor loses sight of the object.
00:19-00:23: No content.

This video description is provided for informational purposes only. Readers should not interpret any part of this description as reflecting an analytical judgment, investigative conclusion, or factual determination regarding the described event’s validity, nature, or significance.",East China Sea,True,not_classified,2021,year,2021,,,True,
entry_bb535da4bed6cb463196,DOW-UAP-PR054,173,"DOW-UAP-PR054, ""Spherical UAP Erratic movement [CALLSIGN] (Mission) 2022""",agency_0e616debe8fcadbb45f7,release_2026-05-22,2026-05-22,VID,"On March 6, 2026, eight members of the U.S. House of Representatives requested access to 51 potentially UAP-related records allegedly held by the Department of War and the Intelligence Community. The All-domain Anomaly Resolution Office (AARO) identified a collection of responsive materials held on a classified network. Many of these materials lack a substantiated chain-of-custody.

AARO assesses that this video, whose uploader-defined title is “Spherical UAP Erratic movement [CALLSIGN] (Mission) 2022,” is likely derived from an infrared sensor aboard a U.S. military platform operating in the United States European Command area of responsibility in August 2022. A user uploaded this video to a classified network in June 2024.

Video Duration: 00:03:57
Video Description: This media was digitally altered prior to its upload to a classified network, and is presented as received. 

00:00-00:45: The video features an area of contrast generally within the center the frame. The sensor pans to track the area of contrast. Digital alterations to the video footage significantly influence the area of contrast’s apparent performance characteristics.
00:46-03:57: The video appears to cut, refocusing on an area of contrast generally within the center of the frame. The area of contrast intermittently passes in and out of frame as the sensor pans to track it.

This video description is provided for informational purposes only. Readers should not interpret any part of this description as reflecting an analytical judgment, investigative conclusion, or factual determination regarding the described event’s validity, nature, or significance.",EUCOM,True,not_classified,2022,year,2022,,,True,
entry_bc7ad60769463515f841,FBI Photo A004,256,FBI Photo A004,agency_c6cd4cf936fd5ad884ed,release_2026-05-08,2026-05-08,IMG,"The Federal Bureau of Investigation (FBI) submitted a report of an unidentified anomalous phenomenon (UAP) to the All-domain Anomaly Resolution Office (AARO) consisting of a still image derived from a U.S. government system. The date and location of the event have not been provided.  The original imagery was altered with redactions before being submitted to AARO. An accompanying mission report was not provided. The operator reported that they were unable to positively identify the UAP.

Narrative Description: The monochrome image displays a mottled background with a central crosshair reticle. A dark, circular object is visible just below and to the right of the center of the reticle. This narrative description is provided for informational purposes only. Readers should not interpret any part of this description as reflecting an analytical judgment, investigative conclusion, or factual determination regarding the described event’s validity, nature, or significance.",N/A,True,not_classified,Late 2025,approximate_within_year,2025,,,True,
entry_bc9d4e3655af100d5f38,DOW-UAP-PR063,183,"DOW-UAP-PR063, ""Spherical UAP [CALLSIGN] 2021/04/12 vid 2""",agency_0e616debe8fcadbb45f7,release_2026-05-22,2026-05-22,VID,"On March 6, 2026, eight members of the U.S. House of Representatives requested access to 51 potentially UAP-related records allegedly held by the Department of War and the Intelligence Community. The All-domain Anomaly Resolution Office (AARO) identified a collection of responsive materials held on a classified network. Many of these materials lack a substantiated chain-of-custody.

AARO assesses that this video, whose uploader-defined title is, “Spherical UAP [CALLSIGN] 2021/04/12 vid 2,” is likely derived from a full-motion video camera and an infrared sensor aboard a U.S. military platform operating within the United States Central Command area of responsibility in 2021. A user uploaded this video to a classified network in May 2024.

Video Duration: 00:04:49
Video Description:
00:00-00:49: The sensor pans to track an area of contrast, keeping it generally within the center of the sensor field-of-view.
00:50: The sensor pans away from the area of contrast.

This video description is provided for informational purposes only. Readers should not interpret any part of this description as reflecting an analytical judgment, investigative conclusion, or factual determination regarding the described event’s validity, nature, or significance.",CENTCOM,True,not_classified,2021,year,2021,,,True,
entry_bcc2cdfa22e7b020c61b,DOW-UAP-D084,122,"DOW-UAP-D084, US Army-Flying-Saucer-Study_1949",agency_0e616debe8fcadbb45f7,release_2026-06-12,2026-06-12,PDF,"This file contains an Evaluation Study of the Phenomenon (Flying Saucers) prepared at the request of the Plans & Operations Divisions of the General Staff, U.S. Army (P&O, GSUSA) to determine if the origin could be traced to natural phenomena or the activities of a foreign power.",,False,not_classified,,missing,,,,False,missing
entry_bd1a36ff423982e37ce3,CIA-UAP-005,46,"CIA-UAP-005, German Scientist's Article on 'Flying Discs'",agency_9509941b7ce5f6527cf7,release_2026-06-12,2026-06-12,PDF,"This 1950 CIA Information Report from Chile discusses a German scientist's article theorizing that ""Flying Discs"" could be explained as a new type of aircraft based on aerodynamic principles developed in German research facilities during and after WWI, using rotating cylinders or gas-turbines to create lift through boundary layer manipulation, rather than conventional wings. A redacted version of this report has been available on CIA's public website.",,False,not_classified,1950,year,1950,,,True,
entry_bdda80c3a7ad8de7857e,DOW-UAP-D007,77,"DOW-UAP-D007, Mission Report, Arabian Gulf, 2020",agency_0e616debe8fcadbb45f7,release_2026-05-08,2026-05-08,PDF,"This document is a Mission Report (MISREP), a standardized reporting form the U.S. Military uses to record the circumstances surrounding its operations. U.S. military services often use MISREPs to report Unidentified Anomalous Phenomena (UAP) to AARO. The GENTEXT, or “general text” section of these reports often contains important qualitative, contextual information, distinguishing it from the more quantitative, or numerical, data found elsewhere in the report.
A U.S. military operator reported observing a UAP, describing it as “look[ing] like a balloon.” The report describes the UAP as “traveling with the winds at approximately 31,000 ft.” The visually tracked the UAP via onboard infrared sensor.
All descriptive and estimative language contained in this report reflects the reporter’s subjective interpretation at the time of the event. Such characterizations should not be interpreted as a conclusive indication of the presence or absence of any intrinsic object features or performance characteristics.",N/A,True,not_classified,N/A,missing,,,,False,missing
entry_bde92365628e37026666,FBI Photo B005,265,FBI Photo B005,agency_c6cd4cf936fd5ad884ed,release_2026-05-08,2026-05-08,PDF,"The Federal Bureau of Investigation (FBI) submitted a report of an unidentified anomalous phenomenon (UAP) to the All-domain Anomaly Resolution Office (AARO) consisting of a still image derived from a U.S. military system in 2025. The original imagery was altered with redactions before being submitted to AARO. An accompanying mission report was not provided. The operator reported that they were unable to positively identify the UAP.  The date in the image is incorrect due to system date/time not being set.

Narrative Description: The monochrome image displays a grainy texture with a central crosshair reticle. No distinct objects are clearly visible within the central area of the frame. The background shows an indistinct formation, possibly a mountain range. This narrative description is provided for informational purposes only. Readers should not interpret any part of this description as reflecting an analytical judgment, investigative conclusion, or factual determination regarding the described event’s validity, nature, or significance.",Western United States,True,not_classified,Late 2025,approximate_within_year,2025,,,True,
entry_c04d163c0f16fc99f392,NASA-UAP-D018,347,"NASA-UAP-D018, Gemini 4 Experiment Debriefing, 1967",agency_06552eff6885a0591452,release_2026-06-12,2026-06-12,PDF,"Gemini IV was the second crewed mission of the Gemini series. Astronauts James McDivitt and Edward White successfully completed the four-day flight between June 3 and June 7, 1965. The mission included the first American spacewalk. This collection of documents contains a transcription of the astronauts recounting their observations of bright particles outside the spacecraft, dated circa June 25, 1967, on pages 78-81, and page 101.",Low Earth Orbit,False,not_classified,"June 3-7, 1965",period_within_year,1965,,,True,
entry_c167f46c1e3ad3bd4499,FBI-UAP-D023,312,"FBI-UAP-D023, Digital Rendering, Narrative Statement 2-7, Western United States Event, 2023",agency_c6cd4cf936fd5ad884ed,release_2026-06-12,2026-06-12,IMG,"This image is an artistic interpretation of a reported incident near a sensitive national security site in the western United States involving unidentified anomalous phenomena (UAP) over a period of two days in October 2023. This image is based upon a first-hand description provided by a federal law enforcement special agent, as described in DOW-UAP-D080. The Federal Bureau of Investigation prepared this digital rendering at the request of the Department of War in 2026.",Western United States,False,artistic_interpretation,"October, 2023",month,2023,10,,True,
entry_c195cb38304e07f3f844,DOW-UAP-PR046,165,"DOW-UAP-PR046, Unresolved UAP Report, INDOPACOM, 2024",agency_0e616debe8fcadbb45f7,release_2026-05-08,2026-05-08,VID,"The United States Indo-Pacific Command submitted a report of an unidentified anomalous phenomenon to the All-domain Anomaly Resolution Office (AARO) consisting of nine seconds of video footage from an infrared sensor aboard a U.S. military platform in 2024. The reporter did not provide any oral or written description of the observation.

Video Description:
00:00-00:09: The sensor focuses on an area of contrast that resembles a football-shaped body with three radial projections: one oriented vertically, and two oriented downward at a 45-degree angle relative to the major axis of the main mass.

This video description is provided for informational purposes only. Readers should not interpret any part of this description as reflecting an analytical judgment, investigative conclusion, or factual determination regarding the described event’s validity, nature, or significance.",East China Sea,True,not_classified,N/A,missing,,,,False,missing
entry_c2ab144b840838365260,DOW-UAP-PR034,153,"DOW-UAP-PR034, Unresolved UAP Report, Greece, October 2023",agency_0e616debe8fcadbb45f7,release_2026-05-08,2026-05-08,VID,"The United States Central Command submitted a report of an unidentified anomalous phenomenon (UAP) to the All-domain Anomaly Resolution Office (AARO) consisting of two minutes and 57 seconds of video footage from an infrared sensor aboard a U.S. military platform in 2023. An accompanying mission report, DoW-UAP-D33, described the UAP as flying near the surface of the ocean and making multiple “90-degree turns” at approximately 80 miles per hour.

Video Description:
00:04: An area of contrast enters the sensor field-of-view from the bottom left quarter of the screen.
00:07-00:19: The area of contrast moves back and forth horizontally across the field-of-view as the sensor pans to track it.
00:20-01:00: The area of contrast remains generally centered within the sensor field-of-view.
01:00-02:01: The sensor designates the area of contrast with a blue reticle, synchronizing its motion with the area of contrast’s relative position.
02:02-02:21: The sensor engages a contrast filter to better differentiate the area of contrast from the background.
02:22: The area of contrast becomes indistinguishable against the background, and the reticle drops its lock.
02:27-02:57: After losing lock, the sensor rapidly cycles zoom levels and contrast thresholds.

This video description is provided for informational purposes only. Readers should not interpret any part of this description as reflecting an analytical judgment, investigative conclusion, or factual determination regarding the described event’s validity, nature, or significance.",Greece,True,not_classified,N/A,missing,,,,False,missing
entry_c3030e7606adc33d66b6,FBI September 2023 Sighting - Serial 003,286,FBI September 2023 Sighting - Serial 003,agency_c6cd4cf936fd5ad884ed,release_2026-05-08,2026-05-08,PDF,"This is an FBI 302 interview conducted with a US citizen regarding their first-hand account of a UAP encounter at a US test site.  USPER described an object ""metallic bronze in color.""",United States,True,not_classified,9/1/23,day,2023,9,2023-09-01,True,
entry_c323a1817effcec72b99,FBI-UAP-PR003,323,"FBI-UAP-PR003, “Orbs Over the Pond,” 2024",agency_c6cd4cf936fd5ad884ed,release_2026-06-12,2026-06-12,VID,"In October 2024, at approximately 1851 local time in the northeastern United States, an eyewitness observed a light source below the horizon, hovering above a pond at an estimated distance of 2,700 feet. The luminous object resembled a “plasma-like sphere” intermittently changing shape and luminosity. At times, the primary light source appeared to separate into smaller luminous points. A luminous point below the primary source hovered just above the water and did not appear consistent with a surface reflection. The object remained generally stationary for approximately 45 minutes before disappearing. The eyewitness did not hear any sound from the objects. This video was captured by a private citizen on an iPhone and subsequently analyzed and authenticated by the U.S. Government. To protect the individual’s privacy, the footage has been cropped. Apart from this privacy-protective measure, no edits, enhancements, or alterations have been made to the visual content.  

 The description above is derived from statements provided to the Federal Bureau of Investigation (FBI) by an eyewitness to the event. The FBI assesses the individual who reported this event as highly credible. The subject matter described in files FBI-UAP-D004 through FBI-UAP-D008 and depicted in the video footage FBI-UAP-PR001 through FBI-UAP-PR003 corresponds to reports originating from the same general area in the northeastern United States.",Northeastern United States,False,not_classified,"October, 2024",month,2024,10,,True,
entry_c3bf389e872c8963ec1a,FBI-UAP-D012,300,"FBI-UAP-D012, Newark Field Office, 1952-1967",agency_c6cd4cf936fd5ad884ed,release_2026-06-12,2026-06-12,PDF,"This file details a special inquiry by the Federal Bureau of Investigation’s Newark Field Office of various reported sightings of unidentified flying objects (UFOs) in and near New Jersey between August 1952 and January 1967. These files include memoranda and correspondence between the FBI and the U.S. Air Force regarding UFO sightings, as well as public correspondence concerning various UFO-focused groups.","New Jersey, United States",False,not_classified,August 1952-1967,multiple_years,,,,False,multiple_years
entry_c477c6dd70c5f5b95c48,FBI Photo B008,268,FBI Photo B008,agency_c6cd4cf936fd5ad884ed,release_2026-05-08,2026-05-08,PDF,"The Federal Bureau of Investigation (FBI) submitted a report of an unidentified anomalous phenomenon (UAP) to the All-domain Anomaly Resolution Office (AARO) consisting of a still image derived from a U.S. military system in 2025. The original imagery was altered with redactions before being submitted to AARO. An accompanying mission report was not provided. The operator reported that they were unable to positively identify the UAP. The date in the image is incorrect due to system date/time not being set.

Narrative Description: The monochrome image displays a grainy texture with a central crosshair reticle. A small, dark, circular object is visible just right of the center of the reticle in the top right quadrant. The background shows an indistinct mountain range. This narrative description is provided for informational purposes only. Readers should not interpret any part of this description as reflecting an analytical judgment, investigative conclusion, or factual determination regarding the described event’s validity, nature, or significance.",Western United States,True,not_classified,Late 2025,approximate_within_year,2025,,,True,
entry_c68a27411ae487e7d805,FBI Photo B014,274,FBI Photo B014,agency_c6cd4cf936fd5ad884ed,release_2026-05-08,2026-05-08,PDF,"The Federal Bureau of Investigation (FBI) submitted a report of an unidentified anomalous phenomenon (UAP) to the All-domain Anomaly Resolution Office (AARO) consisting of a still image derived from a U.S. military system in 2025. The original imagery was altered with redactions before being submitted to AARO. An accompanying mission report was not provided. The operator reported that they were unable to positively identify the UAP. The date in the image is incorrect due to system date/time not being set.

Narrative Description: The monochrome image displays a grainy texture with a simplified central crosshair. Two small, dark, circular objects are visible near the center of the frame. A digital artifact or distortion is visible along the edge of the redaction box in the lower right quadrant. This narrative description is provided for informational purposes only. Readers should not interpret any part of this description as reflecting an analytical judgment, investigative conclusion, or factual determination regarding the described event’s validity, nature, or significance.",Western United States,True,not_classified,Late 2025,approximate_within_year,2025,,,True,
entry_c74e86315733e00dadb1,DOW-UAP-PR053,172,"DOW-UAP-PR053, ""Cigar Shaped or Fast Spherical UAP clip 15 OCT 22""",agency_0e616debe8fcadbb45f7,release_2026-05-22,2026-05-22,VID,"On March 6, 2026, eight members of the U.S. House of Representatives requested access to 51 potentially UAP-related records allegedly held by the Department of War and the Intelligence Community. The All-domain Anomaly Resolution Office (AARO) identified a collection of responsive materials held on a classified network. Many of these materials lack a substantiated chain-of-custody.

AARO assesses that this video, whose uploader-defined title is, “Cigar Shaped or Fast Spherical UAP clip 15 OCT 22,” is likely derived from an infrared sensor aboard a U.S. military platform operating within the United States Central Command area of responsibility in October 2022. A user uploaded this video to a classified network in June 2024.

Video Duration: 00:00:21
Video Description: This media was digitally altered prior to its upload to a classified network, and is presented as received.

00:01-00:04: An area of contrast transits the sensor field-of-view from left to right. 
00:06-00:14: The video replays at a slower speed.
00:15-00:21: The video replays again at an even slower speed.

This video description is provided for informational purposes only. Readers should not interpret any part of this description as reflecting an analytical judgment, investigative conclusion, or factual determination regarding the described event’s validity, nature, or significance.",CENTCOM,True,not_classified,2022,year,2022,,,True,
entry_c83df3814986bd3b3b02,DOW-UAP-D058,106,"DOW-UAP-D058, Range Fouler Debrief, NA, October 2020",agency_0e616debe8fcadbb45f7,release_2026-05-08,2026-05-08,PDF,"This document is a Range Fouler Debrief, a standardized reporting form the U.S. Navy uses to record the circumstances surrounding an unauthorized intrusion into controlled airspace during active military operations or training. These reports contain a narrative description of the observer’s experiences. 
A U.S. military operator reported an encounter with a group of two UAP. The operator described the UAP as “balloon-shaped,” metallic, and reflective, characterizing them as “2x red blinking strobes.” The report states that “one range fouler was circling around the other.”
All descriptive and estimative language contained in this report reflects the reporter’s subjective interpretation at the time of the event. Such characterizations should not be interpreted as a conclusive indication of the presence or absence of any intrinsic object features or performance characteristics.",N/A,True,not_classified,10/27/20,day,2020,10,2020-10-27,True,
entry_c89eafffce3cec585afe,DOW-UAP-D054,102,"DOW-UAP-D054, Mission Report, Mediterranean Sea, NA",agency_0e616debe8fcadbb45f7,release_2026-05-08,2026-05-08,PDF,"This document is a Mission Report (MISREP), a standardized reporting form the U.S. Military uses to record the circumstances surrounding its operations. U.S. military services often use MISREPs to report Unidentified Anomalous Phenomena (UAP) to AARO. The GENTEXT, or “general text” section of these reports often contains important qualitative, contextual information, distinguishing it from the more quantitative, or numerical, data found elsewhere in the report.
A U.S. military operator reported observing one UAP. The report describes the UAP as a “triangular and metallic UAP.” The reporter estimated the UAP’s altitude as 24,989 feet and speed as 168 knots (193mph).
All descriptive and estimative language contained in this report reflects the reporter’s subjective interpretation at the time of the event. Such characterizations should not be interpreted as a conclusive indication of the presence or absence of any intrinsic object features or performance characteristics.",Mediterranean Sea ,True,not_classified,N/A,missing,,,,False,missing
entry_c92536081c87f52f8bdd,DOW-UAP-PR096,216,"DOW-UAP-PR096, ""HH11 03 July 2018 UAPs""",agency_0e616debe8fcadbb45f7,release_2026-05-22,2026-05-22,VID,"On March 6, 2026, eight members of the U.S. House of Representatives requested access to 51 potentially UAP-related records allegedly held by the Department of War and the Intelligence Community. The All-domain Anomaly Resolution Office (AARO) identified a collection of responsive materials held on a classified network. Many of these materials lack a substantiated chain-of-custody.

AARO assesses that this video, whose uploader-defined title is, “HH11 03 July 2018 UAPs,” is likely derived from an infrared sensor aboard a U.S. military platform operating within the United States Central Command area of responsibility in 2018. A user uploaded this video to a classified network in July 2020.

Video Duration: 00:01:19
Video Description:
00:00-00:12: No Content.
00:13-00:21: Two areas of contrast enter the lower right side of the screen and exit the bottom of the screen.
00:13-00:29: The sensor pans to track the two areas of contrast, centering them generally within the center of the field-of-view.
00:30-00:47: The sensor zooms in. One of the areas of contrast is no longer visible within the frame at this level of magnification. The area of contrast within the sensor field-of-view appears as three distinct areas of contrast in a generally straight line.
00:47-00:58: The distance between the rightmost area of contrast and the center and left areas of contrast appears to increase. The center and left areas of contrast appear to remain at a roughly fixed distance from one another.
00:59-01:19: Other areas of contrast enter the field-of-view from the top of the screen.

This video description is provided for informational purposes only. Readers should not interpret any part of this description as reflecting an analytical judgment, investigative conclusion, or factual determination regarding the described event’s validity, nature, or significance.",CENTCOM,True,not_classified,2018,year,2018,,,True,
entry_c93e2a01378041237d4c,DOW-UAP-PR030,149,"DOW-UAP-PR030, Unresolved UAP Report, Middle East, 2023",agency_0e616debe8fcadbb45f7,release_2026-07-10,2026-07-10,VID,"The United States Central Command submitted a report of an unidentified anomalous phenomenon to the All-domain Anomaly Resolution Office (AARO) consisting of 10 seconds of video footage from an infrared sensor aboard a U.S. military platform in 2023.

Video Description: 
00:01-00:05: No content.
00:06-00:07: Two areas of contrast transit the sensor field-of-view. The first enters the field-of-view from the bottom right and exits from the top edge of the frame. The second, relatively smaller area of contrast enters from the top and exits the bottom of the frame.
00:08-00:10: No content.

This video description is provided for informational purposes only. Readers should not interpret any part of this description as reflecting an analytical judgment, investigative conclusion, or factual determination regarding the described event’s validity, nature, or significance.",Middle East,True,not_classified,2023,year,2023,,,True,
entry_cb843acefe31604d9824,DOW-UAP-D062,109,"DOW-UAP-D062, Mission Report, Strait of Hormuz, September 2020",agency_0e616debe8fcadbb45f7,release_2026-05-08,2026-05-08,PDF,"This document is a Mission Report (MISREP), a standardized reporting form the U.S. Military uses to record the circumstances surrounding its operations. U.S. military services often use MISREPs to report Unidentified Anomalous Phenomena (UAP) to AARO. The GENTEXT, or “general text” section of these reports often contains important qualitative, contextual information, distinguishing it from the more quantitative, or numerical, data found elsewhere in the report.
A U.S. military operator reported observing one UAP at an estimated altitude of 1,800 feet.
All descriptive and estimative language contained in this report reflects the reporter’s subjective interpretation at the time of the event. Such characterizations should not be interpreted as a conclusive indication of the presence or absence of any intrinsic object features or performance characteristics.",Strait of Hormuz ,True,not_classified,9/16/20,day,2020,9,2020-09-16,True,
entry_cc2311cc5826b95ad7b7,DOW-UAP-D012,80,"DOW-UAP-D012, Mission Report, Iraq, May 2022",agency_0e616debe8fcadbb45f7,release_2026-05-08,2026-05-08,PDF,"This document is a Mission Report (MISREP), a standardized reporting form the U.S. Military uses to record the circumstances surrounding its operations. U.S. military services often use MISREPs to report Unidentified Anomalous Phenomena (UAP) to AARO. The GENTEXT, or “general text” section of these reports often contains important qualitative, contextual information, distinguishing it from the more quantitative, or numerical, data found elsewhere in the report.
A U.S. military operator reported observing one UAP flying north to northeast. The observer reported following the UAP for as long as possible but was unable to positively identify it.
All descriptive and estimative language contained in this report reflects the reporter’s subjective interpretation at the time of the event. Such characterizations should not be interpreted as a conclusive indication of the presence or absence of any intrinsic object features or performance characteristics.",Iraq,True,not_classified,5/20/22,day,2022,5,2022-05-20,True,
entry_cde9a077250c1a081632,DOW-UAP-PR117,237,"DOW-UAP-PR117, Unresolved UAP Report, Gulf of Oman, 2021",agency_0e616debe8fcadbb45f7,release_2026-08-07,2026-08-07,VID,"The United States Central Command submitted a report of an unidentified anomalous phenomenon to the All-domain Anomaly Resolution Office (AARO) consisting of 16 seconds of video footage. This footage is a secondary capture, recorded via a cellular device, of an infrared sensor display aboard a U.S. Special Operations Forces AC-130J Gunship. This footage does not represent native primary sensor data, and the secondary recording method introduces limitations in fidelity, resolution, and overall visual quality. Artifacts inherent to filming a screen, such as blurring or flickering, may be present. The footage contained within DOW-UAP-PR117 through DOW-UAP-PR122 was captured contemporaneously. An accompanying Intelligence Information Report, DOW-UAP-D101, describes the phenomena as “cold orbs” approximately four feet in diameter. 

Video description:

00:00-00:16: An area of contrast remains generally within the center of the sensor field-of-view. 

This video description is provided for informational purposes only. Readers should not interpret any part of this description as reflecting an analytical judgment, investigative conclusion, or factual determination regarding the described event’s validity, nature, or significance.",,False,not_classified,9/8/21,day,2021,9,2021-09-08,True,
entry_ce1b30c98a44487ca26a,FBI-UAP-D024,313,"FBI-UAP-D024, FD-302, “Airborne Lights and Triangle,” 2002, 2023-2024",agency_c6cd4cf936fd5ad884ed,release_2026-08-07,2026-08-07,PDF,"This document is an FBI FD-302, a form the Federal Bureau of Investigation (FBI) uses to record interviews. This FD-302 records a March 2024 interview with a former U.S. military pilot, in which the interviewee describes several incidents potentially involving unidentified anomalous phenomena (UAP) in 2023 and 2024. The interviewee also recalls a 2002 incident potentially involving UAP, while deployed as a military reservist in Afghanistan. An FBI digital rendering based upon the observer’s description accompanies this document, under the title FBI-UAP-D025.",Northeastern U.S.; Afghanistan,True,artistic_interpretation,"2002, 2023-2024",multiple_years,,,,False,multiple_years
entry_cf3ee849ca1585fed2c9,NASA-UAP-D013,342,"NASA-UAP-D013, Mercury Atlas 7, May 24, 1962",agency_06552eff6885a0591452,release_2026-05-22,2026-05-22,AUD,"During the fourth crewed spaceflight and second orbital flight of Project Mercury, Mercury-Atlas 7 (MA-7), Aurora 7 pilot Scott Carpenter describes white particles in view that appear to move at “random” and “look exactly like snowflakes.” He describes these phenomena as reflective, and that some seemed to move faster than the Aurora 7 spacecraft.",Low Earth Orbit,False,not_classified,5/24/62,day,1962,5,1962-05-24,True,
entry_cf917ee3d628d7d02903,FBI-UAP-D020,309,"FBI-UAP-D020, Digital Rendering, Narrative Statement 2-5, Western United States Event, 2023",agency_c6cd4cf936fd5ad884ed,release_2026-06-12,2026-06-12,IMG,"This image is an artistic interpretation of a reported incident near a sensitive national security site in the western United States involving unidentified anomalous phenomena (UAP) over a period of two days in October 2023. This image is based upon a first-hand description provided by a federal law enforcement special agent, as described in DOW-UAP-D080. The Federal Bureau of Investigation prepared this digital rendering at the request of the Department of War in 2026.",Western United States,False,artistic_interpretation,"October, 2023",month,2023,10,,True,
entry_d041eb878b43e7564ff2,DOW-UAP-PR061,181,"DOW-UAP-PR061, ""Spherical UAP [CALLSIGN] 2021/04/12 vid 0""",agency_0e616debe8fcadbb45f7,release_2026-05-22,2026-05-22,VID,"On March 6, 2026, eight members of the U.S. House of Representatives requested access to 51 potentially UAP-related records allegedly held by the Department of War and the Intelligence Community. The All-domain Anomaly Resolution Office (AARO) identified a collection of responsive materials held on a classified network. Many of these materials lack a substantiated chain-of-custody.

AARO assesses that this video, whose uploader-defined title is “Spherical UAP [CALLSIGN] 2021/04/12 vid 0,” is likely derived from a full-motion video camera and an infrared sensor aboard a U.S. military platform operating within the United States Central Command area of responsibility in 2021. A user uploaded this video to a classified network in June 2024.

Video Duration: 00:04:46
Video Description:
03:02-04:00: An area of contrast enters the sensor field-of-view from the upper right corner of the frame, exiting in the bottom right corner of the screen. The sensor pans to track the area of contrast, centering it within the sensor field-of-view.
04:01-04:46: The sensor changes modes as the area of contrast becomes indistinct against the background.

This video description is provided for informational purposes only. Readers should not interpret any part of this description as reflecting an analytical judgment, investigative conclusion, or factual determination regarding the described event’s validity, nature, or significance.",CENTCOM,True,not_classified,2021,year,2021,,,True,
entry_d07a43bfe7b1b557f22d,DOW-UAP-PR027,146,"DOW-UAP-PR027, Unresolved UAP Report, United Arab Emirates, October 2023",agency_0e616debe8fcadbb45f7,release_2026-05-08,2026-05-08,VID,"The United States Central Command submitted a report of an unidentified anomalous phenomenon to the All-domain Anomaly Resolution Office (AARO) consisting of four minutes and 57 seconds of video footage from an infrared (IR) sensor aboard a U.S. military platform in 2023. An accompanying mission report, DoW-UAP-D23, mentions a UAP was observed during the mission.

Video Description:
00:00-01:55: No content.
01:56: An area of contrast becomes distinguishable against the background in the center of the right side of the display.
02:04: The IR sensor pans to center on the area of contrast.
02:14: The sensor field-of-view narrows to zoom in on the area of contrast.
02:15-03:26: The area of contrast remains generally in the center of the sensor field-of-view. 
03:27-04:57: The sensor motion causes the area of contrast to move erratically across the display. Due to this motion, the sensor system repeatedly loses and reacquires the area of contrast within the center area of the display.

This video description is provided for informational purposes only. Readers should not interpret any part of this description as reflecting an analytical judgment, investigative conclusion, or factual determination regarding the described event’s validity, nature, or significance.",United Arab Emirates,True,not_classified,N/A,missing,,,,False,missing
entry_d10aec5b1eb9533dbbed,DOW-UAP-PR060,180,"DOW-UAP-PR060, ""Spherical UAP [CALLSIGN] 2021/04/12 obj 2""",agency_0e616debe8fcadbb45f7,release_2026-05-22,2026-05-22,VID,"On March 6, 2026, eight members of the U.S. House of Representatives requested access to 51 potentially UAP-related records allegedly held by the Department of War and the Intelligence Community. The All-domain Anomaly Resolution Office (AARO) identified a collection of responsive materials held on a classified network. Many of these materials lack a substantiated chain-of-custody.

AARO assesses that this video, whose uploader-defined title is, “Spherical UAP [CALLSIGN] 2021/04/12 obj 2,” is likely derived from a full-motion video camera and an infrared sensor aboard a U.S. military platform operating within the United States Central Command area of responsibility in 2021. A user uploaded this video to a classified network in June 2024.

Video Duration: 00:04:50
Video Description:
00:00-00:26: An area of contrast transits the sensor field-of-view from right to left. The sensor pans and zooms in and out to track the area of contrast.
00:27-02:04: The area of contrast re-enters the sensor field-of-view. The sensor pans to the left and up to track it.
02:05-04:50: The sensor refocuses on the original subject matter of the video.

This video description is provided for informational purposes only. Readers should not interpret any part of this description as reflecting an analytical judgment, investigative conclusion, or factual determination regarding the described event’s validity, nature, or significance.",CENTCOM,True,not_classified,2021,year,2021,,,True,
entry_d3b746ec9c54067f14ea,DOW-UAP-PR056,175,"DOW-UAP-PR056, ""Spherical UAP pulsing over water [CALLSIGN]""",agency_0e616debe8fcadbb45f7,release_2026-05-22,2026-05-22,VID,"On March 6, 2026, eight members of the U.S. House of Representatives requested access to 51 potentially UAP-related records allegedly held by the Department of War and the Intelligence Community. The All-domain Anomaly Resolution Office (AARO) identified a collection of responsive materials held on a classified network. Many of these materials lack a substantiated chain-of-custody.

AARO assesses that this video, whose uploader-defined title is, “Spherical UAP pulsing over water [CALLSIGN],” is likely derived from an infrared sensor aboard a U.S. military platform. A user uploaded this video to a classified network in June 2024.

Video Duration: 00:03:32
Video Description: This media was digitally altered prior to its upload to a classified network, and is presented as received.

00:01-0:47: The video features an area of contrast generally within the center of the frame.
00:48-00:52: The sensor briefly switches contrast modes, with the area of contrast remaining generally within the center of the frame.
00:53-03:32: The sensor returns to its original contrast mode, with the area of contrast remaining generally within the center of the frame.

This video description is provided for informational purposes only. Readers should not interpret any part of this description as reflecting an analytical judgment, investigative conclusion, or factual determination regarding the described event’s validity, nature, or significance.",,True,not_classified,,missing,,,,False,missing
entry_d3f35ab87501f7f72100,DOW-UAP-D005,75,"DOW-UAP-D005, Mission Report, Arabian Gulf, 2020",agency_0e616debe8fcadbb45f7,release_2026-05-08,2026-05-08,PDF,"This document is a Mission Report (MISREP), a standardized reporting form the U.S. Military uses to record the circumstances surrounding its operations. U.S. military services often use MISREPs to report Unidentified Anomalous Phenomena (UAP) to AARO. The GENTEXT, or “general text” section of these reports often contains important qualitative, contextual information, distinguishing it from the more quantitative, or numerical, data found elsewhere in the report.
A U.S. military operator reported observing two UAP traveling at an estimated speed of 278 knots (320 mph. The observer reported that the UAP “increased speed and changed direction towards the south.”
All descriptive and estimative language contained in this report reflects the reporter’s subjective interpretation at the time of the event. Such characterizations should not be interpreted as a conclusive indication of the presence or absence of any intrinsic object features or performance characteristics.",Mediterranean Sea,True,not_classified,N/A,missing,,,,False,missing
entry_d4347cdd72eee00ae9c2,FBI Photo A005,257,FBI Photo A005,agency_c6cd4cf936fd5ad884ed,release_2026-05-08,2026-05-08,IMG,"The Federal Bureau of Investigation (FBI) submitted a report of an unidentified anomalous phenomenon (UAP) to the All-domain Anomaly Resolution Office (AARO) consisting of a still image derived from a U.S. government system. The date and location of the event have not been provided.  The original imagery was altered with redactions before being submitted to AARO. An accompanying mission report was not provided. The operator reported that they were unable to positively identify the UAP.

Narrative Description: The monochrome image displays a background with a dense, speckled pattern and a central crosshair reticle. A dark, circular object is located at the bottom quadrant and right of center of the reticle. This narrative description is provided for informational purposes only. Readers should not interpret any part of this description as reflecting an analytical judgment, investigative conclusion, or factual determination regarding the described event’s validity, nature, or significance.",N/A,True,not_classified,Late 2025,approximate_within_year,2025,,,True,
entry_d60cdbc56f0ee98f6d96,65_HS1-834228961_62-HQ-83894_Section_007,31,65_HS1-834228961_62-HQ-83894_Section_007,agency_c6cd4cf936fd5ad884ed,release_2026-05-08,2026-05-08,PDF,"The FBI's 62-HQ-83894 case file includes investigative records, eyewitness testimonies, and public reports concerning Unidentified Flying Objects and flying discs documented between June 1947 and July 1968. The records include high-profile incident accounts, photographic evidence from sites like Oak Ridge, TN, and technical proposals regarding potential propulsion systems. Additional topics include convention programs, researcher accounts, and extensive media coverage from the period.  This file is partially posted on FBI vault with more redactions and some pages missing.  Included here is the complete case file with several newly declassified pages and only minor redactions.",N/A,False,not_classified,N/A,missing,,,,False,missing
entry_d6726c2a9f171471360b,DOW-UAP-D078,116,"DOW-UAP-D078, Notional Map: Western United States Event",agency_0e616debe8fcadbb45f7,release_2026-06-12,2026-06-12,PDF,"This image is a notional representation of four incidents reportedly involving unidentified anomalous phenomena in the western United States, as seen from above. This illustration depicts multiple incidents reported by U.S. federal law enforcement special agents over a period of several days in October 2023.",Westen United States,False,not_classified,"October, 2023",month,2023,10,,True,
entry_d67799861ef3e5a9d2d5,DOW-UAP-PR118,238,"DOW-UAP-PR118, Unresolved UAP Report, Gulf of Oman, 2021",agency_0e616debe8fcadbb45f7,release_2026-08-07,2026-08-07,VID,"The United States Central Command submitted a report of an unidentified anomalous phenomenon to the All-domain Anomaly Resolution Office (AARO) consisting of 30 seconds of video footage. This footage is a secondary capture, recorded via a cellular device, of an infrared sensor display aboard a U.S. Special Operations Forces AC-130J Gunship. This footage does not represent native primary sensor data, and the secondary recording method introduces limitations in fidelity, resolution, and overall visual quality. Artifacts inherent to filming a screen, such as blurring or flickering, may be present. The footage contained within DOW-UAP-PR117 through DOW-UAP-PR122 was captured contemporaneously. An accompanying Intelligence Information Report, DOW-UAP-D101, describes the phenomena as “cold orbs” approximately four feet in diameter.

Video description: 

00:00-00:30: An area of contrast remains generally within the center of the sensor field-of-view, momentarily exiting the bottom of the frame.

This video description is provided for informational purposes only. Readers should not interpret any part of this description as reflecting an analytical judgment, investigative conclusion, or factual determination regarding the described event’s validity, nature, or significance.",,False,not_classified,9/8/21,day,2021,9,2021-09-08,True,
entry_d6dfcf2f716b6cdf33d0,NASA-UAP-D021,350,"NASA-UAP-D021, Gemini 7 Technical Debriefing, 1965",agency_06552eff6885a0591452,release_2026-06-12,2026-06-12,PDF,"This document is a preliminary transcript derived from voice recordings of the Gemini 7 flight crew debriefing conducted December 19-21, 1965, at the Crew Quarters, Cape Kennedy, Florida. Lights and flashes are mentioned and there is discussion about having proper illumination for vehicle docking. Borman and Lovell discuss celestial and terrestrial observational anomalies and note sightings of Mercury, meteors, aurora, and lightning. They also discuss not being able to see any stars once the Sun comes up.","Cape Kennedy, Florida",False,not_classified,"December 19-21, 1965",period_within_year,1965,,,True,
entry_d703a78ecf95ba7dcaa4,NASA-UAP-VM005,366,"NASA-UAP-VM005, Apollo 12, 1969",agency_06552eff6885a0591452,release_2026-05-08,2026-05-08,IMG,"This archival photograph depicts the lunar surface as viewed from the landing site of Apollo 12. This image features five highlighted areas of interest, labeled “Area 1” through “Area 5,” above the horizon, in which unidentified phenomena are visible.
This image has been modified from its original state to assist viewers in identifying specific areas of interest. These highlights are provided for contextual purposes only. Such alterations do not constitute an analytical judgment, investigative conclusion, or factual determination regarding the nature or significance of the subject matter.",Moon,False,not_classified,1969,year,1969,,,True,
entry_d80467cb9d0a2b3b0f25,NASA-UAP-D006,335,"NASA-UAP-D006, Apollo 17 Technical Crew Debriefing, 1973",agency_06552eff6885a0591452,release_2026-05-08,2026-05-08,PDF,"Apollo 17 was the ninth crewed U.S. mission to the Moon, and the sixth to land Astronauts on the lunar surface. This document is an excerpt from the Apollo 17 Technical Crew Debriefing on January 4, 1973, in which astronaut Harrison Schmitt reported seeing light flashes.
•	Page 24-4. [Lunar Module Pilot Harrison Schmitt]: “We had light flashes just about continuously during the whole flight when we were dark adapted. I had one which I thought was a flash on the lunar surface. That one period of time when we had the blindfolds on for the ALFMED [Apollo Light Flash Moving Emulsion Detector] experiment there were just no visible flashes, although that evening, that night, before I went to sleep, I noticed that I was seeing the light flashes again.”",,False,not_classified,1973,year,1973,,,True,
entry_d85278e3a5e40829ef33,NASA-UAP-D014,343,"NASA-UAP-D014, Mercury-Redstone 4, July 21, 1961",agency_06552eff6885a0591452,release_2026-05-22,2026-05-22,AUD,"During the recovery of the fourth launch and second crewed spaceflight of Project Mercury, Mercury-Redstone 4 (MR-4) Liberty Bell 7, the recovery team discusses a dye pack in the water that did not activate.",North Atlantic Ocean,False,not_classified,7/21/61,day,1961,7,1961-07-21,True,
entry_d949d1cec8d432e380e5,DOW-UAP-PR119,239,"DOW-UAP-PR119, Unresolved UAP Report, Gulf of Oman, 2021",agency_0e616debe8fcadbb45f7,release_2026-08-07,2026-08-07,VID,"The United States Central Command submitted a report of an unidentified anomalous phenomenon to the All-domain Anomaly Resolution Office (AARO) consisting of two seconds of video footage. This footage is a secondary capture, recorded via a cellular device, of an infrared sensor display aboard a U.S. Special Operations Forces AC-130J Gunship. This footage does not represent native primary sensor data, and the secondary recording method introduces limitations in fidelity, resolution, and overall visual quality. Artifacts inherent to filming a screen, such as blurring or flickering, may be present. The footage contained within DOW-UAP-PR117 through DOW-UAP-PR122 was captured contemporaneously. An accompanying Intelligence Information Report, DOW-UAP-D101, describes the phenomena as “cold orbs” approximately four feet in diameter.

Video description: 

00:00-00:02: An area of contrast remains generally within the center of the sensor field-of-view. 

This video description is provided for informational purposes only. Readers should not interpret any part of this description as reflecting an analytical judgment, investigative conclusion, or factual determination regarding the described event’s validity, nature, or significance.",,False,not_classified,9/8/21,day,2021,9,2021-09-08,True,
entry_dafeabc8c0e3c9dff320,DOW-UAP-D042,95,"DOW-UAP-D042, Range Fouler Debrief, Japan, 2023",agency_0e616debe8fcadbb45f7,release_2026-05-08,2026-05-08,PDF,"This document is a Range Fouler Debrief Form, a standardized reporting form the U.S. Navy uses to record the circumstances surrounding an unauthorized intrusion into controlled airspace during active military operations or training. These reports contain a narrative description of the observer’s experiences. 
A U.S. military operator reported observing an “object fly through the screen.” The observer described a second object surpassing the first, at a higher speed. The report describes a total of three UAP “moving amongst each other.” 
All descriptive and estimative language contained in this report reflects the reporter’s subjective interpretation at the time of the event. Such characterizations should not be interpreted as a conclusive indication of the presence or absence of any intrinsic object features or performance characteristics.",Arabian Gulf,True,not_classified,8/31/20,day,2020,8,2020-08-31,True,
entry_dcc987c55beec79cec47,FBI-UAP-D014,302,"FBI-UAP-D014, Correspondence Relating to UFO Sightings, 1967, 1974",agency_c6cd4cf936fd5ad884ed,release_2026-07-10,2026-07-10,PDF,"This file contains two pieces of correspondence. The first, dated 9/22/1967, relays a description of an incident provided by an eleven-year-old child in which they heard a “weird” noise and saw a “flash of light.” The second, dated 9/30/1974 and 10/10/1974, is an exchange of letters between the Federal Bureau of Investigation (FBI) and Mr. Larry Bryant regarding an “alleged April 8, 1954 sighting of an occupied unidentified flying object (UFO).” The FBI’s response to Mr. Bryant’s inquiry indicated that it maintained no record of such an event, and that, circa 1974, the Bureau does not collect information regarding UFO sightings.",Various,False,not_classified,10/10/74,day,1974,10,1974-10-10,True,
entry_dcdfea26372c113b7109,DOW-UAP-PR019,139,"DOW-UAP-PR019, Unresolved UAP Report, Middle East, May 2022",agency_0e616debe8fcadbb45f7,release_2026-05-08,2026-05-08,VID,"The United States Central Command submitted a report of an unidentified anomalous phenomenon to the All-domain Anomaly Resolution Office (AARO) consisting of five seconds of video footage from an infrared sensor aboard a U.S. military platform in 2022. An accompanying mission report, DoW-UAP-D10, described the observation as a “possible missile” moving across the field-of-view. The report also described four other objects not depicted in the video as “possible birds.”

Video Description: At the two second mark, the video depicts an area of contrast moving from left to right across the bottom third of the sensor field-of-view.

This video description is provided for informational purposes only. Readers should not interpret any part of this description as reflecting an analytical judgment, investigative conclusion, or factual determination regarding the described event’s validity, nature, or significance.",Middle East,True,not_classified,N/A,missing,,,,False,missing
entry_dd10782452e234882fc7,FBI-UAP-D032,317,"FBI-UAP-D032, FD-302, “Slow-moving Objects,” 2026",agency_c6cd4cf936fd5ad884ed,release_2026-08-07,2026-08-07,PDF,"This document is an FBI FD-302, a form the Federal Bureau of Investigation (FBI) uses to record interviews. This FD-302 records a 2026 interview with a U.S. Government Special Agent, in which the interviewee describes an incident potentially involving unidentified anomalous phenomena (UAP) in the western United States, at approximately 4:00 PM local time, in 2026. This FD-302 is accompanied by video footage captured during the incident, under the title FBI-UAP-PR007.",Western United States,True,not_classified,2026,year,2026,,,True,
entry_de0d948c554e9ee5deb6,DOW-UAP-PR102,222,"DOW-UAP-PR102, Unresolved UAP Report, East China Sea, 2024",agency_0e616debe8fcadbb45f7,release_2026-07-10,2026-07-10,VID,"The United States Indo-Pacific Command submitted a report of an unidentified anomalous phenomenon to the All-domain Anomaly Resolution Office (AARO) consisting of 36 seconds of video footage from an infrared sensor aboard a U.S. military platform in 2024.

Video Description: 
00:01-00:20: The sensor tracks an area of contrast, keeping it generally within the center of the frame.
00:21-00:29: The area of contrast exits the sensor field-of-view at the top of the frame.
00:30-00:36: The sensor zooms out and in several times. No content

This video description is provided for informational purposes only. Readers should not interpret any part of this description as reflecting an analytical judgment, investigative conclusion, or factual determination regarding the described event’s validity, nature, or significance.",East China Sea,True,not_classified,2024,year,2024,,,True,
entry_de32b8c74f815859ed09,NASA-UAP-D016,345,"NASA-UAP-D016, Preliminary Gemini 4 Crew Debriefing, Part I, 1965",agency_06552eff6885a0591452,release_2026-06-12,2026-06-12,PDF,"This document is a preliminary transcript (Part I) derived from voice recordings of the Gemini 4 flight crew debriefing taken aboard the recovery ship, USS Wasp, on June 9, 1965. Astronaut Ed White recounts seeing “sparkles” during the flight.",North Atlantic Ocean,False,not_classified,6/9/65,day,1965,6,1965-06-09,True,
entry_de6bcf3c481ea47553a9,FBI-UAP-D006,294,"FBI-UAP-D006, FD-1057-05, Northeastern United States, 2024",agency_c6cd4cf936fd5ad884ed,release_2026-06-12,2026-06-12,PDF,"This document is an FBI FD-1057, a form the Federal Bureau of Investigation (FBI) uses to record investigative activity. This FD-1057 documents a November 2024 site survey of a location where a U.S. person reported observing unidentified anomalous phenomena multiple times over the previous three years. 

The subject matter described in files FBI-UAP-D004 through FBI-UAP-D008 and depicted in the video footage FBI-UAP-PR001 through FBI-UAP-PR003 corresponds to reports originating from the same general area in the northeastern United States.",Northeastern United States,True,not_classified,"November, 2024",month,2024,11,,True,
entry_df56717e2870b9aceb56,FBI-UAP-D025,3,"FBI-UAP-D025, Digital Rendering, “Airborne Triangle,” 2002",agency_c6cd4cf936fd5ad884ed,release_2026-08-07,2026-08-07,IMG,"This image is an artistic interpretation of a reported incident above Bagram Air Force Base, Afghanistan, potentially involving unidentified anomalous phenomena (UAP) in June 2002. This image is based upon a first-hand description provided by a former military service member, as described in FBI-UAP-D024. The Federal Bureau of Investigation prepared this digital rendering as a visual aid in 2026 in support of the PURSUE initiative.",Afghanistan,False,artistic_interpretation,2002,year,2002,,,True,
entry_dfb3a079d9bc327a5991,DOW-UAP-D008,78,"DOW-UAP-D008, Mission Report, Djibouti, 2025",agency_0e616debe8fcadbb45f7,release_2026-05-08,2026-05-08,PDF,"This document is a Mission Report (MISREP), a standardized reporting form the U.S. Military uses to record the circumstances surrounding its operations. U.S. military services often use MISREPs to report Unidentified Anomalous Phenomena (UAP) to AARO. The GENTEXT, or “general text” section of these reports often contains important qualitative, contextual information, distinguishing it from the more quantitative, or numerical, data found elsewhere in the report.
A U.S. military operator reported observing two “white hot UAPs.” The reporter estimated the UAP’s speed as approximately 240 nautical miles per hour (276 mph).
All descriptive and estimative language contained in this report reflects the reporter’s subjective interpretation at the time of the event. Such characterizations should not be interpreted as a conclusive indication of the presence or absence of any intrinsic object features or performance characteristics.",Mediterranean Sea,True,not_classified,N/A,missing,,,,False,missing
entry_dfc2cf450b77b52a9573,FBI Photo B009,269,FBI Photo B009,agency_c6cd4cf936fd5ad884ed,release_2026-05-08,2026-05-08,PDF,"The Federal Bureau of Investigation (FBI) submitted a report of an unidentified anomalous phenomenon (UAP) to the All-domain Anomaly Resolution Office (AARO) consisting of a still image derived from a U.S. military system in 2025. The original imagery was altered with redactions before being submitted to AARO. An accompanying mission report was not provided. The operator reported that they were unable to positively identify the UAP. The date in the image is incorrect due to system date/time not being set.

Narrative Description: The monochrome image displays a grainy texture with a central crosshair reticle. A small, dark, circular object is visible just below and to the left of the center of the reticle. The background appears to show an indistinct mountain range. This narrative description is provided for informational purposes only. Readers should not interpret any part of this description as reflecting an analytical judgment, investigative conclusion, or factual determination regarding the described event’s validity, nature, or significance.",Western United States,True,not_classified,Late 2025,approximate_within_year,2025,,,True,
entry_e06c1a7a5ccc9128bf64,65_HS1-834228961_62-HQ-83894_Section_009,33,65_HS1-834228961_62-HQ-83894_Section_009,agency_c6cd4cf936fd5ad884ed,release_2026-05-08,2026-05-08,PDF,"The FBI's 62-HQ-83894 case file includes investigative records, eyewitness testimonies, and public reports concerning Unidentified Flying Objects and flying discs documented between June 1947 and July 1968. The records include high-profile incident accounts, photographic evidence from sites like Oak Ridge, TN, and technical proposals regarding potential propulsion systems. Additional topics include convention programs, researcher accounts, and extensive media coverage from the period.  This file is partially posted on FBI vault with more redactions and some pages missing.  Included here is the complete case file with several newly declassified pages and only minor redactions.",N/A,False,not_classified,N/A,missing,,,,False,missing
entry_e0b40a8c17dfe7e74cda,DOS-UAP-D002,72,"DOS-UAP-D002, Diplomatic Cable, Brazil, November 20, 1963",agency_066b1b9fe8463307ff8b,release_2026-08-07,2026-08-07,PDF,"This document is a U.S. Department of State diplomatic cable from the U.S. Embassy in Rio de Janeiro, Brazil to the Office of the Secretary of State in Washington, D.C., on November 20, 1963. This cable relays the findings of the scientific attaché at the American Consulate in Salvador, Bahia, Brazil, that a widely reported incident allegedly involving a crashed unidentified object was unsubstantiated, characterizing the reports as a fabrication originating in Rio de Janeiro.

The Consulate cites a lack of contemporary local reporting regarding the alleged incident, as well as contradictory reporting from local newspapers after the fact, as evidence that the published claims are unsubstantiated. The Consulate also cites a statement from the Brazilian Ministry of Aeronautics categorically denying that there was “any “strange object” in Conde [Bahia].” This correspondence follows a previous exchange between the Embassy and the Department of State, included in this collection under the title “DOS-UAP-D001.”","Bahia, Brazil",False,not_classified,11/20/63,day,1963,11,1963-11-20,True,
entry_e0c1403e419ebf6d718e,FBI-UAP-D008,296,"FBI-UAP-D008, FD-1057-07, Northeastern United States, 2024",agency_c6cd4cf936fd5ad884ed,release_2026-06-12,2026-06-12,PDF,"This document is an FBI FD-1057, a form the Federal Bureau of Investigation (FBI) uses to record investigative activity. This FBI FD-1057 documents a December 2024 site survey of a location where two FBI special agents had previously observed unidentified anomalous phenomena. 

 The subject matter described in files FBI-UAP-D004 through FBI-UAP-D008 and depicted in the video footage FBI-UAP-PR001 through FBI-UAP-PR003 corresponds to reports originating from the same general area in the northeastern United States.",Northeastern United States,True,not_classified,"December, 2024",month,2024,12,,True,
entry_e13b616d3cdf57289fff,DOW-UAP-PR112,232,"DOW-UAP-PR112, Unresolved UAP Report, Eastern United States, 2019",agency_0e616debe8fcadbb45f7,release_2026-07-10,2026-07-10,VID,"The United States Navy submitted a report of an unidentified anomalous phenomenon to the All-domain Anomaly Resolution Office (AARO) consisting of 20 seconds of video footage from an infrared sensor aboard a civilian aircraft in 2019. An accompanying Range Fouler Debrief, DOW-UAP-D090, describes the phenomenon as exhibiting “flight characteristics unlike anything [the observer] had seen in 28 years [of service] for the U.S. Air Force and U.S. Navy. The report characterizes the phenomenon as “small” and “travelling in a straight line [in the] opposite direction at high speed.”

Video Description: 
00:01-00:011: An area of contrast is visible near the center of the screen.
00:12-00:014: The sensor changes its level of zoom and display mode, flashing white before returning to normal function. The area of contrast exits the sensor field-of-view to the left side of the frame.
00:15-00:20: The sensor changes settings, causing the screen to flash white. No content.

This video description is provided for informational purposes only. Readers should not interpret any part of this description as reflecting an analytical judgment, investigative conclusion, or factual determination regarding the described event’s validity, nature, or significance.",Eastern United States,True,not_classified,2019,year,2019,,,True,
entry_e1fe97468ab3d7036488,DOW-UAP-PR041,160,"DOW-UAP-PR041, Unresolved UAP Report, Middle East, 2020",agency_0e616debe8fcadbb45f7,release_2026-05-08,2026-05-08,VID,"The United States Central Command submitted a report of an unidentified anomalous phenomenon to the All-domain Anomaly Resolution Office (AARO) consisting of one minute and 34 seconds of video footage from an infrared sensor aboard a U.S. military platform in 2020. The reporter did not provide any oral or written description of the observation.

Video Description:
00:01: An area of contrast enters the sensor field-of-view from the bottom third of the left side of the screen.
00:02-01:34: The sensor pans from left to right, tracking the area of contrast and keeping it generally centered within the field-of-view.

This video description is provided for informational purposes only. Readers should not interpret any part of this description as reflecting an analytical judgment, investigative conclusion, or factual determination regarding the described event’s validity, nature, or significance.",Arabian Gulf,True,not_classified,N/A,missing,,,,False,missing
entry_e205342c16cf8320e9f9,NASA-UAP-D017,346,"NASA-UAP-D017, Preliminary Gemini 4 Crew Debriefing, Part II, 1965",agency_06552eff6885a0591452,release_2026-06-12,2026-06-12,PDF,"This document is a preliminary transcript (Part II) derived from voice recordings of the Gemini 4 flight crew debriefing taken aboard the recovery ship, USS Wasp, on June 9, 1965. Part II of this document contains the “Visual Sightings” section of the debriefing (pages 196-224), where astronauts James McDivitt and Edward White describe their observations while aboard the spacecraft.",North Atlantic Ocean,False,not_classified,6/9/65,day,1965,6,1965-06-09,True,
entry_e2370c33c01c4f4f9a71,DOE-UAP-D005,70,"DOE-UAP-D005, Pantex Unidentified Object Incident Report, 2015",agency_4d042d764d542694c43b,release_2026-07-10,2026-07-10,PDF,"This file contains imagery and a report documenting the circumstances surrounding a September 1, 2015, incident involving an unidentified object intruding the airspace above the Pantex Plant near Amarillo, Texas. The Pantex Plant is a sensitive national security site that contains the primary facility for the assembly, disassembly, maintenance, and life-extension of nuclear weapons. Pages 5 and 6 of this report were originally released under the PURSUE initiative in a more redacted form on May 22, 2026. (See: DOE-UAP-D001, Enhanced Pantex Imagery)",Texas,True,not_classified,9/1/15,day,2015,9,2015-09-01,True,
entry_e291631ce819848db129,65_HS1-834228961_62-HQ-83894_Serial_130,35,65_HS1-834228961_62-HQ-83894_Serial_130,agency_c6cd4cf936fd5ad884ed,release_2026-05-08,2026-05-08,PDF,"The FBI's 62-HQ-83894 case file includes investigative records, eyewitness testimonies, and public reports concerning Unidentified Flying Objects and flying discs documented between June 1947 and July 1968. The records include high-profile incident accounts, photographic evidence from sites like Oak Ridge, TN, and technical proposals regarding potential propulsion systems. Additional topics include convention programs, researcher accounts, and extensive media coverage from the period.  This file is partially posted on FBI vault with more redactions and some pages missing.  Included here is the complete case file with several newly declassified pages and only minor redactions.",N/A,False,not_classified,N/A,missing,,,,False,missing
entry_e4b81855e1e6e65ad046,FBI-UAP-D019,308,"FBI-UAP-D019, Digital Rendering, Narrative Statement 2-4, Western United States Event, 2023",agency_c6cd4cf936fd5ad884ed,release_2026-06-12,2026-06-12,IMG,"This image is an artistic interpretation of a reported incident near a sensitive national security site in the western United States involving unidentified anomalous phenomena (UAP) over a period of two days in October 2023. This image is based upon a first-hand description provided by a federal law enforcement special agent, as described in DOW-UAP-D080. The Federal Bureau of Investigation prepared this digital rendering at the request of the Department of War in 2026.",Western United States,False,artistic_interpretation,"October, 2023",month,2023,10,,True,
entry_e6c87ccd52edc1829e29,DOW-UAP-PR021,141,"DOW-UAP-PR021, Unresolved UAP Report, Iraq, May 2022",agency_0e616debe8fcadbb45f7,release_2026-05-08,2026-05-08,VID,"The United States Central Command submitted a report of an unidentified anomalous phenomenon (UAP) to the All-domain Anomaly Resolution Office (AARO) consisting of ten seconds of video footage from an infrared sensor aboard a U.S. military platform in 2022. An accompanying mission report, DoW-UAP-D14, described the UAP as a “probable SU-27/35."" 

Video Description: The video depicts two areas of contrast moving together near the center of the field-of-view throughout the runtime.

This video description is provided for informational purposes only. Readers should not interpret any part of this description as reflecting an analytical judgment, investigative conclusion, or factual determination regarding the described event’s validity, nature, or significance.

AARO Comment: SU-27 and SU-35 are designations for military aircraft operated by the Armed Forces of the Russian Federation.",Iraq,True,not_classified,N/A,missing,,,,False,missing
entry_e84592b059f34acb1f65,38_143685_box_Incident_Summaries_173-233,19,38_143685_box_Incident_Summaries_173-233,agency_0e616debe8fcadbb45f7,release_2026-05-08,2026-05-08,PDF,"Each of these incident summaries includes a ""Check-List - Unidentified Flying Objects"" that contains details about the incident. Many summaries also include witness lists or statements and other narrative reports or descriptions.",N/A,False,not_classified,N/A,missing,,,,False,missing
entry_ea7d3544d12306a05eb5,DOW-UAP-D075,114,"DOW-UAP-D075, Mission Report, Gulf of Aden, July 2024",agency_0e616debe8fcadbb45f7,release_2026-05-08,2026-05-08,PDF,"This document is a Mission Report (MISREP), a standardized reporting form the U.S. Military uses to record the circumstances surrounding its operations. U.S. military services often use MISREPs to report Unidentified Anomalous Phenomena (UAP) to AARO. The GENTEXT, or “general text” section of these reports often contains important qualitative, contextual information, distinguishing it from the more quantitative, or numerical, data found elsewhere in the report.
A U.S. military operator reported observing one UAP on July 14, 2024. The observer reported that the UAP maintained a “straight flight path at same altitude”. The report notes that the UAP’s “speed was faster than flying speed,” and the operator assessed the object as “benign.” The operator reported following the UAP “till the distance became too far.”
All descriptive and estimative language contained in this report reflects the reporter’s subjective interpretation at the time of the event. Such characterizations should not be interpreted as a conclusive indication of the presence or absence of any intrinsic object features or performance characteristics.",Gulf of Aden ,True,not_classified,7/14/24,day,2024,7,2024-07-14,True,
entry_eab161c3b01920cfe0b5,DOW-UAP-D087,125,"DOW-UAP-D087, U.S. Air Force Analysis of Flying Objects in the United States, 1-100",agency_0e616debe8fcadbb45f7,release_2026-06-12,2026-06-12,PDF,"Includes a ""Check-List - Unidentified Flying Objects"" that contains details about the incident. Many summaries also include witness lists or statements and other narrative reports or descriptions.",United States,False,not_classified,,missing,,,,False,missing
entry_eab1d626542ae2367ffd,DOW-UAP-PR085,205,"DOW-UAP-PR085, ""16 Sept 2020 [CALLSIGN] [CALLSIGN] observes UAP""",agency_0e616debe8fcadbb45f7,release_2026-05-22,2026-05-22,VID,"On March 6, 2026, eight members of the U.S. House of Representatives requested access to 51 potentially UAP-related records allegedly held by the Department of War and the Intelligence Community. The All-domain Anomaly Resolution Office (AARO) identified a collection of responsive materials held on a classified network. Many of these materials lack a substantiated chain-of-custody.

AARO assesses that this video, whose uploader-defined title is, “16 Sept 2020 [CALLSIGN] [CALLSIGN] observes UAP,” is likely derived from a full-motion video camera aboard a U.S. military platform operating within the United States Central Command area of responsibility in 2020. A user uploaded this video to a classified network in September 2020.
Video Duration: 00:04:44
Video Description:
00:00-01:17: No Content.
01:18-02:24: An area of contrast enters the bottom of the screen and moves up the screen as the sensor pans and zooms to hold it in the center of the frame.
02:25-04:29: The sensor zooms in, with the area of contrast remaining generally within the center of the frame.
04:30-04:44: The area of contrast leaves the field-of-view in the lower left-hand quarter of the screen.

This video description is provided for informational purposes only. Readers should not interpret any part of this description as reflecting an analytical judgment, investigative conclusion, or factual determination regarding the described event’s validity, nature, or significance.",CENTCOM,True,not_classified,2020,year,2020,,,True,
entry_eb5cc6bb5cb2f97e5832,341_110677_Numerical_File,16,"341_110677_Numerical_File,_5-2500",agency_0e616debe8fcadbb45f7,release_2026-05-08,2026-05-08,PDF,"Air Intelligence Information Report, 14 October 1955, Report of eye witness account of the ascent and flight of a unconventional aircraft in the trans-Caucasus region on the USSR.",Azerbaijan,False,not_classified,10/14/55,day,1955,10,1955-10-14,True,
entry_ec152807a8084e4ea23c,DOW-UAP-PR024,144,"DOW-UAP-PR024, Unresolved UAP Report, Middle East, 2023",agency_0e616debe8fcadbb45f7,release_2026-07-10,2026-07-10,VID,"The United States Central Command submitted a report of an unidentified anomalous phenomenon to the All-domain Anomaly Resolution Office (AARO) consisting of 18 seconds of video footage from an infrared sensor aboard a U.S. military platform in 2023.

Video Description: 
00:01: The sensor focuses on a dark area of contrast, narrowing the field of view to zoom in.
00:02: Two bright areas of contrast transit the frame from left to right.
00:03: The sensor zooms out, keeping the bright areas of contrast within the frame.
00:05: The bright areas of contrast exit the right side of the frame.
00:07: The sensor refocuses on the dark area of contrast, keeping it generally within the center of the frame. 
00:10: A reticle surrounds the dark area of contrast, which continues to remain generally within the center of the frame.
00:17: The sensor changes contrast and zoom settings, causing the frame to flash white.

This video description is provided for informational purposes only. Readers should not interpret any part of this description as reflecting an analytical judgment, investigative conclusion, or factual determination regarding the described event’s validity, nature, or significance.",Middle East,False,not_classified,2023,year,2023,,,True,
entry_ec20d9922b09b167e46d,65_HS1-834228961_62-HQ-83894_Serial_449,41,65_HS1-834228961_62-HQ-83894_Serial_449,agency_c6cd4cf936fd5ad884ed,release_2026-05-08,2026-05-08,PDF,"The FBI's 62-HQ-83894 case file includes investigative records, eyewitness testimonies, and public reports concerning Unidentified Flying Objects and flying discs documented between June 1947 and July 1968. The records include high-profile incident accounts, photographic evidence from sites like Oak Ridge, TN, and technical proposals regarding potential propulsion systems. Additional topics include convention programs, researcher accounts, and extensive media coverage from the period.  This file is partially posted on FBI vault with more redactions and some pages missing.  Included here is the complete case file with several newly declassified pages and only minor redactions.",N/A,False,not_classified,N/A,missing,,,,False,missing
entry_ece1ed9ebe0bfa243d06,DOW-UAP-D060,107,"DOW-UAP-D060, Mission Report, Arabian Gulf, August 2020",agency_0e616debe8fcadbb45f7,release_2026-05-08,2026-05-08,PDF,"This document is a Mission Report (MISREP), a standardized reporting form the U.S. Military uses to record the circumstances surrounding its operations. U.S. military services often use MISREPs to report Unidentified Anomalous Phenomena (UAP) to AARO. The GENTEXT, or “general text” section of these reports often contains important qualitative, contextual information, distinguishing it from the more quantitative, or numerical, data found elsewhere in the report.
A U.S. military operator reported observing one UAP. The report describes the UAP as “transiting” and notes it had “no impact to mission.” The report also states that “dense cloud coverage intermittently impacted FMV collection.”
All descriptive and estimative language contained in this report reflects the reporter’s subjective interpretation at the time of the event. Such characterizations should not be interpreted as a conclusive indication of the presence or absence of any intrinsic object features or performance characteristics.",Arabian Gulf,True,not_classified,8/8/20,day,2020,8,2020-08-08,True,
entry_ed4a23a9116382933633,FBI-UAP-D027,4,"FBI-UAP-D027, Digital Rendering, “Dark Translucent Triangle,” 2023",agency_c6cd4cf936fd5ad884ed,release_2026-08-07,2026-08-07,PDF,"This image is an artistic interpretation of a reported incident near Colorado Springs, Colorado, potentially involving unidentified anomalous phenomena (UAP) in October 2023. This image is based upon a first-hand description provided by a former Department of War employee, as described in FBI-UAP-D026. The Federal Bureau of Investigation prepared this digital rendering in 2026 as a visual aid in support of the PURSUE initiative.","Colorado Springs, Colorado",False,artistic_interpretation,2023,year,2023,,,True,
entry_ed950eea4fe4b57464b3,FBI-UAP-D018,307,"FBI-UAP-D018, Digital Rendering, Narrative Statement 2-3, Western United States Event, 2023",agency_c6cd4cf936fd5ad884ed,release_2026-06-12,2026-06-12,IMG,"This image is an artistic interpretation of a reported incident near a sensitive national security site in the western United States involving unidentified anomalous phenomena (UAP) over a period of two days in October 2023. This image is based upon a first-hand description provided by a federal law enforcement special agent, as described in DOW-UAP-D080. The Federal Bureau of Investigation prepared this digital rendering at the request of the Department of War in 2026.",Western United States,False,artistic_interpretation,"October, 2023",month,2023,10,,True,
entry_edf4e99a91ce27707366,DOW-UAP-PR089,209,"DOW-UAP-PR089, ""31 AUG [CALLSIGN] [CALLSIGN] Observes UAP part2""",agency_0e616debe8fcadbb45f7,release_2026-05-22,2026-05-22,VID,"On March 6, 2026, eight members of the U.S. House of Representatives requested access to 51 potentially UAP-related records allegedly held by the Department of War and the Intelligence Community. The All-domain Anomaly Resolution Office (AARO) identified a collection of responsive materials held on a classified network. Many of these materials lack a substantiated chain-of-custody.

AARO assesses that this video, whose uploader-defined title is, “31 AUG 2020 [CALLSIGN] [CALLSIGN] Observes UAP part2,” is likely derived from an infrared sensor aboard a U.S. military platform operating within the United States Central Command area of responsibility in 2020. A user uploaded this video to a classified network in August 2020.

Video Duration: 00:04:58
Video Description:
00:00-00:45: The sensor tracks an area of contrast near the center of the screen.
00:46-01:09: Another area of contrast enters the field-of-view from the lower right side of the screen. The sensor pans to track both areas, but the second area of contrast exits the field-of-view.
01:10-01:22: The sensor cycles contrast modes, causing the area of contrast to momentarily lose distinctiveness against the background.
01:23-02:35: Several areas of contrast enter and exit the frame.
02:36-02:41: The areas of contrast become indistinct against the background.
02:42-03:22: The areas of contrast become distinguishable again.
03:23-03:43: Several areas of contrast enter and exit the screen.
03:44-03:48: The sensor pans to track the area of contrast.
03:49-04:01: The area of contrast exits the sensor field of view from the right side of the frame.
04:02-04:58: No content.

This video description is provided for informational purposes only. Readers should not interpret any part of this description as reflecting an analytical judgment, investigative conclusion, or factual determination regarding the described event’s validity, nature, or significance.",CENTCOM,True,not_classified,2020,year,2020,,,True,
entry_ee5a4836c63f61a74c4f,CIA-UAP-014,55,"CIA-UAP-014, British activity in the Field of ""Unidentified Flying Objects""",agency_9509941b7ce5f6527cf7,release_2026-06-12,2026-06-12,PDF,A December 1952 Memo on the activities the British are taking to identify UFOs. The memo references a UFO sighting at an RAF field seen by high officials and RAF pilots. A more redacted version of the memo has been available on CIA's public website.,,False,not_classified,"December, 1952",month,1952,12,,True,
entry_efcf8563cd11394c63b7,DOW-UAP-D079,117,"DOW-UAP-D079, Narrative Statement 1, Western United States Event, 2023",agency_0e616debe8fcadbb45f7,release_2026-06-12,2026-06-12,PDF,This memorandum presents the first-hand narrative from Witness 1 provided to the All-domain Anomaly Resolution Office (AARO). Witness 1 was one of several United States (U.S.) federal law enforcement special agents who reported observing unidentified anomalous phenomena (UAP) over a period of two days in October 2023 in the western United States.,Westen United States,False,not_classified,"October, 2023",month,2023,10,,True,
entry_f14d03b8c9269830be55,DOW-UAP-D101,138,"DOW-UAP-D101, Intelligence Information Report, Unresolved UAP Report, Gulf of Oman, 2021",agency_0e616debe8fcadbb45f7,release_2026-08-07,2026-08-07,PDF,"This document is an Intelligence Information Report (IIR), the primary standardized format utilized by the Department of War, military services, and the broader Intelligence Community to disseminate unevaluated intelligence information derived from human sources (HUMINT), open sources, and field collection activities. IIRs are not finished intelligence products; they serve as inputs for subsequent all-source intelligence assessments. This report accompanies the footage contained within DOW-UAP-PR117 through DOW-UAP-PR122.

This report documents an observation by the aircrew of a U.S. Special Operations Forces (USSOF) AC-130 Gunship on September 8, 2021, during a nighttime live-fire training exercise over the Gulf of Oman. The aircrew reported first observing two unidentified anomalous phenomena (UAP) after dropping a water-activated flare. The report describes the UAP as stationary, approximately four feet in diameter, 0-20 feet above the water’s surface.

Throughout the training sortie, the aircrew reported observing approximately 25 instances involving similar phenomena via infrared sensor, describing them as “cold orbs.” Aircrew visual estimates of the UAP’s apparent speed range from 250 to 1,300 miles per hour. The report characterizes the UAP’s behavior as “maneuvering aggressively,” “flying in various formations,” and appearing to react to deployments of the aircraft’s onboard weapons systems. The aircrew stated that they were unable to capture video footage of the phenomena because the aircraft’s digital video recorder was not functioning during the incident.

All descriptive and estimative language contained in this report reflects the reporter’s subjective interpretation at the time of the event. Such characterizations should not be interpreted as a conclusive indication of the presence or absence of any intrinsic object features or performance characteristics.",,True,not_classified,9/8/21,day,2021,9,2021-09-08,True,
entry_f1b1e13bad66e55117c2,FBI-UAP-D039,8,"FBI-UAP-D039, Digital Rendering 2, “Multiple Red Lights,” 2026",agency_c6cd4cf936fd5ad884ed,release_2026-08-07,2026-08-07,PDF,"This image is an artistic interpretation of a reported incident potentially involving unidentified anomalous phenomena (UAP) in the western United States in 2026. This image is based upon a first-hand description provided by two U.S. persons, as described in FBI-UAP-D037. The Federal Bureau of Investigation prepared this digital rendering in 2026 as a visual aid in support of the PURSUE initiative.",Western United States,False,artistic_interpretation,2026,year,2026,,,True,
entry_f2a248d43130809d89e8,DOW-UAP-PR120,240,"DOW-UAP-PR120, Unresolved UAP Report, Gulf of Oman, 2021",agency_0e616debe8fcadbb45f7,release_2026-08-07,2026-08-07,VID,"The United States Central Command submitted a report of an unidentified anomalous phenomenon to the All-domain Anomaly Resolution Office (AARO) consisting of 13 seconds of video footage. This footage is a secondary capture, recorded via a cellular device, of an infrared sensor display aboard a U.S. Special Operations Forces AC-130J Gunship. This footage does not represent native primary sensor data, and the secondary recording method introduces limitations in fidelity, resolution, and overall visual quality. Artifacts inherent to filming a screen, such as blurring or flickering, may be present. The footage contained within DOW-UAP-PR117 through DOW-UAP-PR122 was captured contemporaneously. An accompanying Intelligence Information Report, DOW-UAP-D101, describes the phenomena as “cold orbs” approximately four feet in diameter.

Video description: 

00:00-00:08: An area of contrast remains generally within the center of the sensor field-of-view. Visual elements of the sensor display enter and exit the frame throughout the duration of the video.

00:08-00:13: The sensor changes modalities twice and the area of contrast loses distinctiveness against the background. 

This video description is provided for informational purposes only. Readers should not interpret any part of this description as reflecting an analytical judgment, investigative conclusion, or factual determination regarding the described event’s validity, nature, or significance.",,False,not_classified,9/8/21,day,2021,9,2021-09-08,True,
entry_f329ea84b08b78ca5863,DOW-UAP-PR036,155,"DOW-UAP-PR036, Unresolved UAP Report, Middle East, May 2020",agency_0e616debe8fcadbb45f7,release_2026-05-08,2026-05-08,VID,"The United States Central Command submitted a report of an unidentified anomalous phenomenon (UAP) to the All-domain Anomaly Resolution Office (AARO) consisting of two minutes and 17 seconds of video footage from an infrared sensor aboard a U.S. military platform in 2020. An accompanying Range Fouler report, DoW-UAP-D38, described the UAP as a solid white object making erratic movements above the water.

Video Description:
00:05: An area of contrast briefly enters the sensor field-of-view from the left side of the screen.
00:06-00:18: The sensor pans away from the scene’s initial subject matter while cycling contrast settings and zoom levels.
00:19: The area of contrast re-enters the sensor field-of-view from near the center of the top edge of the screen.
00:20-01:15: The area of contrast remains generally within the sensor field-of-view.
01:16: The sensor narrows its field-of-view to zoom in on the area of contrast.
01:56: The sensor further narrows its field-of-view to zoom in on the area of contrast.
02:10: A blue reticle briefly appears on screen but does not acquire a lock on the area of contrast.
02:15-02:17: The sensor switches to a different modality and loses track of the area of contrast.

This video description is provided for informational purposes only. Readers should not interpret any part of this description as reflecting an analytical judgment, investigative conclusion, or factual determination regarding the described event’s validity, nature, or significance.",Middle East,True,not_classified,N/A,missing,,,,False,missing
entry_f3703aab661eec0c2bcd,DOW-UAP-PR052,171,"DOW-UAP-PR052, ""UAP USO Formation [CALLSIGN] (Mission)""",agency_0e616debe8fcadbb45f7,release_2026-05-22,2026-05-22,VID,"On March 6, 2026, eight members of the U.S. House of Representatives requested access to 51 potentially UAP-related records allegedly held by the Department of War and the Intelligence Community. The All-domain Anomaly Resolution Office (AARO) identified a collection of responsive materials held on a classified network. Many of these materials lack a substantiated chain-of-custody.

AARO assesses that this video, whose uploader-defined title is, “UAP USO Formation [CALLSIGN] (Mission),” is likely derived from an infrared sensor aboard a U.S. military platform. A user uploaded this video to a classified network in June 2024.

Video Duration: 00:08:16
Video Description: This media was digitally altered prior to its upload to a classified network, and is presented as received.

00:00-00:05: Four areas of contrast transit the frame from the bottom third of the left side to the bottom third of the right side of the frame.
00:06-00:38: The video appears to cut, refocusing on four areas of contrast. Visual elements of the sensor display enter and exit the frame.
00:39-06:08: The video seems to cut multiple times, applying various contrast filters and zoom levels. Visual elements of the sensor display enter and exit the frame.
06:09-06:50: The sensor zooms in on four areas of contrast.
06:51-08:10: The areas of contrast become increasingly indistinct over time as the video quality degrades.
08:11-08:15: Video appears to cut, or zoom out, likely cutting to an earlier portion of the video, with the areas of contrast more visible.

This video description is provided for informational purposes only. Readers should not interpret any part of this description as reflecting an analytical judgment, investigative conclusion, or factual determination regarding the described event’s validity, nature, or significance.",,True,not_classified,,missing,,,,False,missing
entry_f37fd0216796dc92e850,DOW-UAP-PR100,220,"DOW-UAP-PR100, Unresolved UAP Report, Yellow Sea, 2023",agency_0e616debe8fcadbb45f7,release_2026-07-10,2026-07-10,VID,"The United States Indo-Pacific Command submitted a report of an unidentified anomalous phenomenon to the All-domain Anomaly Resolution Office (AARO) consisting of 4 minutes and 57 seconds of video footage from an electro-optical and infrared sensor system aboard a U.S. military platform in 2023.

Video Description: The overall quality of this video footage progressively degrades over its runtime.
00:01-00:08: In infrared mode, the sensor tracks an area of contrast, keeping it generally within the center of the frame.
00:09-01:03: The sensor zooms in and tracks the area of contrast, holding it generally within the center of the frame.
01:04-01:10: The sensor display switches modes to an electro-optical day time television camera feed (a collection mode that displays visible and near infrared signatures). The video features a dark object superimposed against a blue background.
01:11-01:13: The sensor display changes modes to infrared. The area of contrast is no longer visible within the frame.
01:14-02:16: The sensor zooms in and changes contrast settings. An area of contrast is visible near the center of the frame.
02:17-02:22: The area of contrast repeatedly leaves and enters the sensor field-of-view.
02:23-02:46: The sensor reacquires and tracks the area of contrast, keeping it generally within the center of the frame.
02:47-03:27: The sensor zooms in, tracking the area of contrast.
03:28-03:32: The footage appears to “skip,” or lose coherence.
03:33-03:46: The footage returns to its previous state, and the sensor continues to track the area of contrast generally within the center of the frame.
03:47-04:32: The sensor zooms out.
04:33-04:40: The area of contrast repeatedly leaves and enters the sensor field-of-view.
04:41-04:45: No content.

This video description is provided for informational purposes only. Readers should not interpret any part of this description as reflecting an analytical judgment, investigative conclusion, or factual determination regarding the described event’s validity, nature, or significance.",Yellow Sea,True,not_classified,2023,year,2023,,,True,
entry_f3ed348053f8754ef00a,DOW-UAP-PR059,179,"DOW-UAP-PR059, ""NAG UAP 1 Jun 20""",agency_0e616debe8fcadbb45f7,release_2026-05-22,2026-05-22,VID,"On March 6, 2026, eight members of the U.S. House of Representatives requested access to 51 potentially UAP-related records allegedly held by the Department of War and the Intelligence Community. The All-domain Anomaly Resolution Office (AARO) identified a collection of responsive materials held on a classified network. Many of these materials lack a substantiated chain-of-custody.

AARO assesses that this video, whose uploader-defined title is, “NAG UAP 1 Jun 20,” is likely derived from an infrared sensor aboard a U.S. military platform operating within the United States Central Command area of responsibility in 2020. A user uploaded this video to a classified network in June 2024.

Video Duration: 00:04:51
Video Description:
00:02-00:36: An area of contrast appears in the sensor field-of-view. The sensor zooms and pans to keep the area of contrast in the field-of-view. 
00:37-03:37: The sensor continues to pan to track the area of contrast, highlighting it with a reticle.
03:38: The area of contrast exits the sensor field-of-view, leaving the frame in the bottom left quarter of the screen. 
03:39-04:35: The sensor zooms out, pans to track the area of contrast, and zooms in to keep the area of contrast in the field-of-view.
04:36-04:51: The sensor cycles zoom levels to keep the area of contrast within the sensor field-of-view.

This video description is provided for informational purposes only. Readers should not interpret any part of this description as reflecting an analytical judgment, investigative conclusion, or factual determination regarding the described event’s validity, nature, or significance.",CENTCOM,True,not_classified,2020,year,2020,,,True,
entry_f41d24f761f62356faaa,DOW-UAP-PR039,158,"DOW-UAP-PR039, Unresolved UAP Report, Middle East, 2020",agency_0e616debe8fcadbb45f7,release_2026-05-08,2026-05-08,VID,"The United States Central Command submitted a report of an unidentified anomalous phenomenon to the All-domain Anomaly Resolution Office (AARO) consisting of five seconds of video footage from an infrared sensor aboard a U.S. military platform in 2020. The reporter did not provide any oral or written description of the observation.

Video Description:
00:03-00:05: A faint area of contrast enters the sensor field-of-view from the bottom half of the right edge of the screen, proceeds from right to left across the corner of the frame, and exits the scene from near the center of the bottom edge of the screen.

This video description is provided for informational purposes only. Readers should not interpret any part of this description as reflecting an analytical judgment, investigative conclusion, or factual determination regarding the described event’s validity, nature, or significance.",Arabian Gulf,True,not_classified,N/A,missing,,,,False,missing
entry_f4ed727b4448be9b16f3,CIA-UAP-012,53,"CIA-UAP-012, Combating Fatigue In Crewmembers",agency_9509941b7ce5f6527cf7,release_2026-06-12,2026-06-12,PDF,"This November 1976 CIA Foreign Intelligence Information Report summarizes Soviet Aeroflot's involvement in aerospace medical research, including their methods for combating crew fatigue through physical conditioning, automated biological testing equipment that measures vital signs in 1-3 minutes, and discussions about UFO phenomena with a Soviet radiation biologist. A more redacted version of this report has been available on CIA's public website.",,False,not_classified,"November, 1976",month,1976,11,,True,
entry_f5508edbbdcb16873d38,DOS-UAP-D001,71,"DOS-UAP-D001, Diplomatic Cable, Brazil, November 14, 1963",agency_066b1b9fe8463307ff8b,release_2026-08-07,2026-08-07,PDF,"This document is a U.S. Department of State diplomatic cable from the U.S. Embassy in Rio de Janeiro, Brazil to the Office of the Secretary of State in Washington, D.C., on November 14, 1963. This cable documents an effort by the Embassy to verify that the Department had assessed certain content published in a local newspaper as inauthentic, following a discussion on a poor-quality telephone connection the previous night.

To ensure both offices were referencing the same reporting, the cable cites descriptive language paraphrased from the press, namely a “large metal manned balloon” and a “dead crewman aboard wearing [a] uniform or spacesuit with strange markings.” The cable concludes with the embassy’s understanding that an object assessed to be a weather balloon had been reported in the vicinity, but that no such object had been found to have crashed. A follow-on correspondence regarding the alleged incident is included in this collection under the title “DOS-UAP-D002.”","Bahia, Brazil",False,not_classified,11/14/63,day,1963,11,1963-11-14,True,
entry_f6058963dd5730e81f85,DOW-UAP-PR031,150,"DOW-UAP-PR031, Unresolved UAP Report, Syria, October 2024",agency_0e616debe8fcadbb45f7,release_2026-05-08,2026-05-08,VID,"The United States Central Command submitted a report of an unidentified anomalous phenomenon (UAP) to the All-domain Anomaly Resolution Office (AARO) consisting of five seconds of video footage from a full-motion video (FMV) camera aboard a U.S. military platform in 2024. An accompanying mission report, DoW-UAP-D32, described the UAP as consisting of a “misshapen and uneven ball of white light,” and reported that a “light/glare halo effect” occurred at the top of the FMV feed.

Video Description:
00:00-00:01: An indistinctly shaped multi-colored area moves from right to left across the top edge of the sensor display within the first second of the video.

This video description is provided for informational purposes only. Readers should not interpret any part of this description as reflecting an analytical judgment, investigative conclusion, or factual determination regarding the described event’s validity, nature, or significance.",Syria,True,not_classified,N/A,missing,,,,False,missing
entry_f67a807e999e6c435344,NASA-UAP-D008,337,"NASA-UAP-D008, Apollo 12 Medical Debriefing - Tape 12, 1969",agency_06552eff6885a0591452,release_2026-05-22,2026-05-22,AUD,"During a medical debriefing of the crew of the Apollo 12 mission, Commander Charles “Pete” Conrad, Command Module Pilot Richard “Dick” F. Gordon, and Lunar Module Pilot Alan L. Bean describe their observations of instances of light flashes or “streaks of lights.” The astronauts each reported that these experiences occurred in the dark as they tried to sleep.
The NASA medical team considered whether similar phenomena reported by Apollo 11 Lunar Module Pilot Buzz Aldrin had been attributable to exposure of the retina by cosmic rays. NASA later determined that the phenomena reported by the Apollo 12 flight crew were internal to the astronauts’ vision rather than external light sources.",Texas,False,not_classified,1969,year,1969,,,True,
entry_f690111512a7634df4bd,DOW-UAP-D049,98,"DOW-UAP-D049, Launch Summary, Vandenberg AFB, 2000",agency_0e616debe8fcadbb45f7,release_2026-05-08,2026-05-08,PDF,This report summarizes the historical record of launches occurring at Vandenberg Air Force Base between 1958 and 2000.,N/A,False,not_classified,2/3/00,day,2000,2,2000-02-03,True,
entry_f7a1c2e2a804ec5e3f26,DOW-UAP-PR116,236,"DOW-UAP-PR116, Unresolved UAP Report, Atlantic Ocean, 2020",agency_0e616debe8fcadbb45f7,release_2026-07-10,2026-07-10,VID,"The United States Northern Command submitted a report of an unidentified anomalous phenomenon to the All-domain Anomaly Resolution Office (AARO) consisting of 32 seconds of video footage from an infrared sensor aboard a U.S. military platform in 2020. An accompanying Range Fouler Debrief, DOW-UAP-D091, describes the phenomenon as “darker, maroonish color, approximately 12-15 feet in height.” The report describes the phenomenon “travel[ing] with the wind” and noted that it did not “maneuver or change direction.” It also describes the phenomenon as appearing similar to a “large, somewhat deformed balloon.”

Video Description:
00:01-00:32: The sensor zooms and pans to keep an area of contrast generally within the center of the frame.

This video description is provided for informational purposes only. Readers should not interpret any part of this description as reflecting an analytical judgment, investigative conclusion, or factual determination regarding the described event’s validity, nature, or significance.",Atlantic Ocean,True,not_classified,2020,year,2020,,,True,
entry_f7cd63fd6aa0c5dc3140,DOW-UAP-PR076,196,"DOW-UAP-PR076, ""03 January 2021 [CALLSIGN] (Mission) observes UAP""",agency_0e616debe8fcadbb45f7,release_2026-05-22,2026-05-22,VID,"On March 6, 2026, eight members of the U.S. House of Representatives requested access to 51 potentially UAP-related records allegedly held by the Department of War and the Intelligence Community. The All-domain Anomaly Resolution Office (AARO) identified a collection of responsive materials held on a classified network. Many of these materials lack a substantiated chain-of-custody.

AARO assesses that this video, whose uploader-defined title is “03 January 2021 [CALLSIGN] (Mission) observes UAP,” is likely derived from an infrared sensor aboard a U.S. military platform operating within the United States Central Command area of responsibility in January 2021. A user uploaded this video to a classified network in January 2021.

Video Duration: 00:04:57
Video Description:
00:00-01:51: No content.
01:52-02:48: An area of contrast becomes visible near the center of the top half of the frame. The sensor pans to track the area of contrast, keeping it generally within the center of the field-of-view.
02:49-02:55: The sensor zooms in. The area of contrast exits the frame in the bottom left of the display.
02:55-04:57: No content.

This video description is provided for informational purposes only. Readers should not interpret any part of this description as reflecting an analytical judgment, investigative conclusion, or factual determination regarding the described event’s validity, nature, or significance.",CENTCOM,True,not_classified,2021,year,2021,,,True,
entry_f994509719c2d65d57c7,DOW-UAP-PR092,212,"DOW-UAP-PR092, ""08 AUG 2020 [CALLSIGN] [CALLSIGN] UAP observation""",agency_0e616debe8fcadbb45f7,release_2026-05-22,2026-05-22,VID,"On March 6, 2026, eight members of the U.S. House of Representatives requested access to 51 potentially UAP-related records allegedly held by the Department of War and the Intelligence Community. The All-domain Anomaly Resolution Office (AARO) identified a collection of responsive materials held on a classified network. Many of these materials lack a substantiated chain-of-custody.

AARO assesses that this video, whose uploader-defined title is, “08 AUG 2020 [CALLSIGN] [CALLSIGN] UAP observation,” is likely derived from an infrared sensor aboard a U.S. military platform operating within the United States Central Command area of responsibility in 2020. A user uploaded this video to a classified network in August 2020.

Video Duration: 00:04:52
Video Description:
00:00-00:47: No content.
00:48-00:51: An area of contrast enters the field-of-view from the lower right side of the screen.
00:52-00:53: The area of contrast exits the field-of-view from the lower left side of the screen.
00:54-01:09: The sensor pans to track the area of contrast and hold it within the center of the screen.
01:10-01:34: The sensor zooms in on the area of contrast.
01:35-01:37: The sensor zooms in further. The area of contrast remains visible at the top of the screen.
01:38-03:45: The sensor zooms out to track the area of contrast.
03:46-03:50: The sensor zooms in. The area of contrast remains visible at the top of the screen.
03:51-04:07: The sensor zooms out to track the area of contrast.
04:08-04:25: The sensor changes visual settings, continuing to track the area of contrast.
04:26-04:52: The sensor zooms out and in several times.

This video description is provided for informational purposes only. Readers should not interpret any part of this description as reflecting an analytical judgment, investigative conclusion, or factual determination regarding the described event’s validity, nature, or significance.",CENTCOM,True,not_classified,2020,year,2020,,,True,
entry_fb1c683a5adb0cb2109e,DOW-UAP-D080,118,"DOW-UAP-D080, Narrative Statement 2, Western United States Event, 2023",agency_0e616debe8fcadbb45f7,release_2026-06-12,2026-06-12,PDF,This memorandum presents the first-hand narrative from Witness 2 provided to the All-domain Anomaly Resolution Office (AARO). Witness 2 was one of several United States (U.S.) federal law enforcement special agents who reported observing unidentified anomalous phenomena (UAP) over a period of two days in October 2023 in the western United States.,Westen United States,False,not_classified,"October, 2023",month,2023,10,,True,
entry_fb9f936906190f8c291c,65_HS1-834228961_62-HQ-83894_Section_006,30,65_HS1-834228961_62-HQ-83894_Section_006,agency_c6cd4cf936fd5ad884ed,release_2026-05-08,2026-05-08,PDF,"The FBI's 62-HQ-83894 case file includes investigative records, eyewitness testimonies, and public reports concerning Unidentified Flying Objects and flying discs documented between June 1947 and July 1968. The records include high-profile incident accounts, photographic evidence from sites like Oak Ridge, TN, and technical proposals regarding potential propulsion systems. Additional topics include convention programs, researcher accounts, and extensive media coverage from the period.  This file is partially posted on FBI vault with more redactions and some pages missing.  Included here is the complete case file with several newly declassified pages and only minor redactions.",N/A,False,not_classified,N/A,missing,,,,False,missing
entry_fc01204ecb45c34a25f3,65_HS1-834228961_62-HQ-83894_Section_004,28,65_HS1-834228961_62-HQ-83894_Section_004,agency_c6cd4cf936fd5ad884ed,release_2026-05-08,2026-05-08,PDF,"The FBI's 62-HQ-83894 case file includes investigative records, eyewitness testimonies, and public reports concerning Unidentified Flying Objects and flying discs documented between June 1947 and July 1968. The records include high-profile incident accounts, photographic evidence from sites like Oak Ridge, TN, and technical proposals regarding potential propulsion systems. Additional topics include convention programs, researcher accounts, and extensive media coverage from the period.  This file is partially posted on FBI vault with more redactions and some pages missing.  Included here is the complete case file with several newly declassified pages and only minor redactions.",N/A,False,not_classified,N/A,missing,,,,False,missing
entry_fc345ab75eb77a55e896,DOW-UAP-PR033,152,"DOW-UAP-PR033, Unresolved UAP Report, Syria, October 2024",agency_0e616debe8fcadbb45f7,release_2026-05-08,2026-05-08,VID,"The United States Central Command submitted a report of an unidentified anomalous phenomenon (UAP) to the All-domain Anomaly Resolution Office (AARO) consisting of five seconds of video footage from a full-motion video (FMV) camera aboard a U.S. military platform in 2024. An accompanying mission report, DoW-UAP-D32, described the UAP as consisting of a “misshapen and uneven ball of white light,” and reported that a “light/glare halo effect” occurred at the top of the FMV feed.

Video Description:
00:01-00:03: Two semi-transparent, irregularly shaped orange areas overlay the background imagery, persisting for less than two seconds each.

This video description is provided for informational purposes only. Readers should not interpret any part of this description as reflecting an analytical judgment, investigative conclusion, or factual determination regarding the described event’s validity, nature, or significance.",Syria,True,not_classified,N/A,missing,,,,False,missing
entry_fd392406db7d74dc5d17,DOW-UAP-PR022,142,"DOW-UAP-PR022, Unresolved UAP Report, Syria, July 2022",agency_0e616debe8fcadbb45f7,release_2026-05-08,2026-05-08,VID,"The United States Central Command submitted a report of an unidentified anomalous phenomenon (UAP) to the All-domain Anomaly Resolution Office (AARO) consisting of 14 seconds of video footage from an infrared (left) and electro-optical (right) sensor aboard a U.S. military platform in 2022. An accompanying mission report, DoW-UAP-D16, described the UAP as “moving from north to south.”

Video Description: At the five second mark, the video depicts an object moving from right to left across the top right quarter of the sensor field-of-view.

This video description is provided for informational purposes only. Readers should not interpret any part of this description as reflecting an analytical judgment, investigative conclusion, or factual determination regarding the described event’s validity, nature, or significance.",Syria,True,not_classified,N/A,missing,,,,False,missing
entry_fd469bf0e99f0a47a053,NASA-UAP-D005,334,"NASA-UAP-D005, Apollo 17 Crew Debriefing for Science, 1973",agency_06552eff6885a0591452,release_2026-05-08,2026-05-08,PDF,"Apollo 17 was the ninth crewed U.S. mission to the Moon, and the sixth to land Astronauts on the lunar surface. This document is an excerpt from the Apollo 17 Crew Debriefing for Science on January 8, 1973, in which Dick Henry, co-investigator on the ultraviolet experiment on Apollo 17, discusses seeing results that were unexpected. 
•	Pages 119-120. “One of the most exciting results of X-ray astronomy was the fact that an X-ray background was observed over the sky that nobody had expected, and part of this is the gamma-ray background that Dr. Trombka talked about. In the UV, nobody knows, but you never know until you look. You do have to deal with this background of stars that we know is there. So, we did look at a large number of different points at high galactic latitudes, both north and south. The spectrum that we see is above this dark count. In other words, this abnormally high dark current did not, in fact, interfere with that experiment. The spectrum that we see looks like the spectrum of the hot star; however, we know that there were no hot stars within our field of view. Therefore, the most conservative interpretation, I think, is that what we're seeing is light from hot stars in the galactic plane going up out of the plane and reflecting off interstellar dust. There are certain characteristics of the spectrum, though, that don't fit that theory, and it's at least possible that this is extragalactic radiation. I'm looking forward very much to the detailed computer study of this, but it's going to take a long time.”",,False,not_classified,1973,year,1973,,,True,
entry_fdd30a12eb1dc38d2ad6,FBI Photo A006,258,FBI Photo A006,agency_c6cd4cf936fd5ad884ed,release_2026-05-08,2026-05-08,IMG,"The Federal Bureau of Investigation (FBI) submitted a report of an unidentified anomalous phenomenon (UAP) to the All-domain Anomaly Resolution Office (AARO) consisting of a still image derived from a U.S. government system. The date and location of the event have not been provided.  The original imagery was altered with redactions before being submitted to AARO. An accompanying mission report was not provided. The operator reported that they were unable to positively identify the UAP.

Narrative Description: The monochrome image displays a lightly textured background with a central crosshair reticle. A dark, circular object is positioned at the center of the reticle. This narrative description is provided for informational purposes only. Readers should not interpret any part of this description as reflecting an analytical judgment, investigative conclusion, or factual determination regarding the described event’s validity, nature, or significance.",N/A,True,not_classified,Late 2025,approximate_within_year,2025,,,True,
