period_start,incident_year,agency_id,catalog_entries,date_basis,snapshot_sha256
1945-01-01T00:00:00Z,1945,agency_06552eff6885a0591452,0,catalog_incident_year,5f5698f132245115dd9d4a5197d2748847f281e466d8b660de036aa3c4b678c7
1945-01-01T00:00:00Z,1945,agency_066b1b9fe8463307ff8b,0,catalog_incident_year,5f5698f132245115dd9d4a5197d2748847f281e466d8b660de036aa3c4b678c7
1945-01-01T00:00:00Z,1945,agency_0e616debe8fcadbb45f7,1,catalog_incident_year,5f5698f132245115dd9d4a5197d2748847f281e466d8b660de036aa3c4b678c7
1945-01-01T00:00:00Z,1945,agency_366aea874bee4b7957c9,0,catalog_incident_year,5f5698f132245115dd9d4a5197d2748847f281e466d8b660de036aa3c4b678c7
1945-01-01T00:00:00Z,1945,agency_4d042d764d542694c43b,0,catalog_incident_year,5f5698f132245115dd9d4a5197d2748847f281e466d8b660de036aa3c4b678c7
1945-01-01T00:00:00Z,1945,agency_9509941b7ce5f6527cf7,0,catalog_incident_year,5f5698f132245115dd9d4a5197d2748847f281e466d8b660de036aa3c4b678c7
1945-01-01T00:00:00Z,1945,agency_9c38e26a15a91461278a,0,catalog_incident_year,5f5698f132245115dd9d4a5197d2748847f281e466d8b660de036aa3c4b678c7
1945-01-01T00:00:00Z,1945,agency_bdf5d70c3a430ec1cb4f,0,catalog_incident_year,5f5698f132245115dd9d4a5197d2748847f281e466d8b660de036aa3c4b678c7
1945-01-01T00:00:00Z,1945,agency_c6cd4cf936fd5ad884ed,0,catalog_incident_year,5f5698f132245115dd9d4a5197d2748847f281e466d8b660de036aa3c4b678c7
1945-01-01T00:00:00Z,1945,agency_cf08cb54ab0b6e4ff3a0,0,catalog_incident_year,5f5698f132245115dd9d4a5197d2748847f281e466d8b660de036aa3c4b678c7
1946-01-01T00:00:00Z,1946,agency_06552eff6885a0591452,0,catalog_incident_year,5f5698f132245115dd9d4a5197d2748847f281e466d8b660de036aa3c4b678c7
1946-01-01T00:00:00Z,1946,agency_066b1b9fe8463307ff8b,0,catalog_incident_year,5f5698f132245115dd9d4a5197d2748847f281e466d8b660de036aa3c4b678c7
1946-01-01T00:00:00Z,1946,agency_0e616debe8fcadbb45f7,0,catalog_incident_year,5f5698f132245115dd9d4a5197d2748847f281e466d8b660de036aa3c4b678c7
1946-01-01T00:00:00Z,1946,agency_366aea874bee4b7957c9,0,catalog_incident_year,5f5698f132245115dd9d4a5197d2748847f281e466d8b660de036aa3c4b678c7
1946-01-01T00:00:00Z,1946,agency_4d042d764d542694c43b,0,catalog_incident_year,5f5698f132245115dd9d4a5197d2748847f281e466d8b660de036aa3c4b678c7
1946-01-01T00:00:00Z,1946,agency_9509941b7ce5f6527cf7,0,catalog_incident_year,5f5698f132245115dd9d4a5197d2748847f281e466d8b660de036aa3c4b678c7
1946-01-01T00:00:00Z,1946,agency_9c38e26a15a91461278a,0,catalog_incident_year,5f5698f132245115dd9d4a5197d2748847f281e466d8b660de036aa3c4b678c7
1946-01-01T00:00:00Z,1946,agency_bdf5d70c3a430ec1cb4f,0,catalog_incident_year,5f5698f132245115dd9d4a5197d2748847f281e466d8b660de036aa3c4b678c7
1946-01-01T00:00:00Z,1946,agency_c6cd4cf936fd5ad884ed,0,catalog_incident_year,5f5698f132245115dd9d4a5197d2748847f281e466d8b660de036aa3c4b678c7
1946-01-01T00:00:00Z,1946,agency_cf08cb54ab0b6e4ff3a0,0,catalog_incident_year,5f5698f132245115dd9d4a5197d2748847f281e466d8b660de036aa3c4b678c7
1947-01-01T00:00:00Z,1947,agency_06552eff6885a0591452,0,catalog_incident_year,5f5698f132245115dd9d4a5197d2748847f281e466d8b660de036aa3c4b678c7
1947-01-01T00:00:00Z,1947,agency_066b1b9fe8463307ff8b,0,catalog_incident_year,5f5698f132245115dd9d4a5197d2748847f281e466d8b660de036aa3c4b678c7
1947-01-01T00:00:00Z,1947,agency_0e616debe8fcadbb45f7,2,catalog_incident_year,5f5698f132245115dd9d4a5197d2748847f281e466d8b660de036aa3c4b678c7
1947-01-01T00:00:00Z,1947,agency_366aea874bee4b7957c9,0,catalog_incident_year,5f5698f132245115dd9d4a5197d2748847f281e466d8b660de036aa3c4b678c7
1947-01-01T00:00:00Z,1947,agency_4d042d764d542694c43b,0,catalog_incident_year,5f5698f132245115dd9d4a5197d2748847f281e466d8b660de036aa3c4b678c7
1947-01-01T00:00:00Z,1947,agency_9509941b7ce5f6527cf7,0,catalog_incident_year,5f5698f132245115dd9d4a5197d2748847f281e466d8b660de036aa3c4b678c7
1947-01-01T00:00:00Z,1947,agency_9c38e26a15a91461278a,0,catalog_incident_year,5f5698f132245115dd9d4a5197d2748847f281e466d8b660de036aa3c4b678c7
1947-01-01T00:00:00Z,1947,agency_bdf5d70c3a430ec1cb4f,0,catalog_incident_year,5f5698f132245115dd9d4a5197d2748847f281e466d8b660de036aa3c4b678c7
1947-01-01T00:00:00Z,1947,agency_c6cd4cf936fd5ad884ed,0,catalog_incident_year,5f5698f132245115dd9d4a5197d2748847f281e466d8b660de036aa3c4b678c7
1947-01-01T00:00:00Z,1947,agency_cf08cb54ab0b6e4ff3a0,0,catalog_incident_year,5f5698f132245115dd9d4a5197d2748847f281e466d8b660de036aa3c4b678c7
1948-01-01T00:00:00Z,1948,agency_06552eff6885a0591452,0,catalog_incident_year,5f5698f132245115dd9d4a5197d2748847f281e466d8b660de036aa3c4b678c7
1948-01-01T00:00:00Z,1948,agency_066b1b9fe8463307ff8b,0,catalog_incident_year,5f5698f132245115dd9d4a5197d2748847f281e466d8b660de036aa3c4b678c7
1948-01-01T00:00:00Z,1948,agency_0e616debe8fcadbb45f7,4,catalog_incident_year,5f5698f132245115dd9d4a5197d2748847f281e466d8b660de036aa3c4b678c7
1948-01-01T00:00:00Z,1948,agency_366aea874bee4b7957c9,0,catalog_incident_year,5f5698f132245115dd9d4a5197d2748847f281e466d8b660de036aa3c4b678c7
1948-01-01T00:00:00Z,1948,agency_4d042d764d542694c43b,0,catalog_incident_year,5f5698f132245115dd9d4a5197d2748847f281e466d8b660de036aa3c4b678c7
1948-01-01T00:00:00Z,1948,agency_9509941b7ce5f6527cf7,0,catalog_incident_year,5f5698f132245115dd9d4a5197d2748847f281e466d8b660de036aa3c4b678c7
1948-01-01T00:00:00Z,1948,agency_9c38e26a15a91461278a,0,catalog_incident_year,5f5698f132245115dd9d4a5197d2748847f281e466d8b660de036aa3c4b678c7
1948-01-01T00:00:00Z,1948,agency_bdf5d70c3a430ec1cb4f,0,catalog_incident_year,5f5698f132245115dd9d4a5197d2748847f281e466d8b660de036aa3c4b678c7
1948-01-01T00:00:00Z,1948,agency_c6cd4cf936fd5ad884ed,0,catalog_incident_year,5f5698f132245115dd9d4a5197d2748847f281e466d8b660de036aa3c4b678c7
1948-01-01T00:00:00Z,1948,agency_cf08cb54ab0b6e4ff3a0,0,catalog_incident_year,5f5698f132245115dd9d4a5197d2748847f281e466d8b660de036aa3c4b678c7
1949-01-01T00:00:00Z,1949,agency_06552eff6885a0591452,0,catalog_incident_year,5f5698f132245115dd9d4a5197d2748847f281e466d8b660de036aa3c4b678c7
1949-01-01T00:00:00Z,1949,agency_066b1b9fe8463307ff8b,0,catalog_incident_year,5f5698f132245115dd9d4a5197d2748847f281e466d8b660de036aa3c4b678c7
1949-01-01T00:00:00Z,1949,agency_0e616debe8fcadbb45f7,1,catalog_incident_year,5f5698f132245115dd9d4a5197d2748847f281e466d8b660de036aa3c4b678c7
1949-01-01T00:00:00Z,1949,agency_366aea874bee4b7957c9,0,catalog_incident_year,5f5698f132245115dd9d4a5197d2748847f281e466d8b660de036aa3c4b678c7
1949-01-01T00:00:00Z,1949,agency_4d042d764d542694c43b,1,catalog_incident_year,5f5698f132245115dd9d4a5197d2748847f281e466d8b660de036aa3c4b678c7
1949-01-01T00:00:00Z,1949,agency_9509941b7ce5f6527cf7,0,catalog_incident_year,5f5698f132245115dd9d4a5197d2748847f281e466d8b660de036aa3c4b678c7
1949-01-01T00:00:00Z,1949,agency_9c38e26a15a91461278a,0,catalog_incident_year,5f5698f132245115dd9d4a5197d2748847f281e466d8b660de036aa3c4b678c7
1949-01-01T00:00:00Z,1949,agency_bdf5d70c3a430ec1cb4f,0,catalog_incident_year,5f5698f132245115dd9d4a5197d2748847f281e466d8b660de036aa3c4b678c7
1949-01-01T00:00:00Z,1949,agency_c6cd4cf936fd5ad884ed,1,catalog_incident_year,5f5698f132245115dd9d4a5197d2748847f281e466d8b660de036aa3c4b678c7
1949-01-01T00:00:00Z,1949,agency_cf08cb54ab0b6e4ff3a0,0,catalog_incident_year,5f5698f132245115dd9d4a5197d2748847f281e466d8b660de036aa3c4b678c7
1950-01-01T00:00:00Z,1950,agency_06552eff6885a0591452,0,catalog_incident_year,5f5698f132245115dd9d4a5197d2748847f281e466d8b660de036aa3c4b678c7
1950-01-01T00:00:00Z,1950,agency_066b1b9fe8463307ff8b,0,catalog_incident_year,5f5698f132245115dd9d4a5197d2748847f281e466d8b660de036aa3c4b678c7
1950-01-01T00:00:00Z,1950,agency_0e616debe8fcadbb45f7,1,catalog_incident_year,5f5698f132245115dd9d4a5197d2748847f281e466d8b660de036aa3c4b678c7
1950-01-01T00:00:00Z,1950,agency_366aea874bee4b7957c9,0,catalog_incident_year,5f5698f132245115dd9d4a5197d2748847f281e466d8b660de036aa3c4b678c7
1950-01-01T00:00:00Z,1950,agency_4d042d764d542694c43b,0,catalog_incident_year,5f5698f132245115dd9d4a5197d2748847f281e466d8b660de036aa3c4b678c7
1950-01-01T00:00:00Z,1950,agency_9509941b7ce5f6527cf7,1,catalog_incident_year,5f5698f132245115dd9d4a5197d2748847f281e466d8b660de036aa3c4b678c7
1950-01-01T00:00:00Z,1950,agency_9c38e26a15a91461278a,0,catalog_incident_year,5f5698f132245115dd9d4a5197d2748847f281e466d8b660de036aa3c4b678c7
1950-01-01T00:00:00Z,1950,agency_bdf5d70c3a430ec1cb4f,0,catalog_incident_year,5f5698f132245115dd9d4a5197d2748847f281e466d8b660de036aa3c4b678c7
1950-01-01T00:00:00Z,1950,agency_c6cd4cf936fd5ad884ed,0,catalog_incident_year,5f5698f132245115dd9d4a5197d2748847f281e466d8b660de036aa3c4b678c7
1950-01-01T00:00:00Z,1950,agency_cf08cb54ab0b6e4ff3a0,0,catalog_incident_year,5f5698f132245115dd9d4a5197d2748847f281e466d8b660de036aa3c4b678c7
1951-01-01T00:00:00Z,1951,agency_06552eff6885a0591452,0,catalog_incident_year,5f5698f132245115dd9d4a5197d2748847f281e466d8b660de036aa3c4b678c7
1951-01-01T00:00:00Z,1951,agency_066b1b9fe8463307ff8b,0,catalog_incident_year,5f5698f132245115dd9d4a5197d2748847f281e466d8b660de036aa3c4b678c7
1951-01-01T00:00:00Z,1951,agency_0e616debe8fcadbb45f7,0,catalog_incident_year,5f5698f132245115dd9d4a5197d2748847f281e466d8b660de036aa3c4b678c7
1951-01-01T00:00:00Z,1951,agency_366aea874bee4b7957c9,0,catalog_incident_year,5f5698f132245115dd9d4a5197d2748847f281e466d8b660de036aa3c4b678c7
1951-01-01T00:00:00Z,1951,agency_4d042d764d542694c43b,0,catalog_incident_year,5f5698f132245115dd9d4a5197d2748847f281e466d8b660de036aa3c4b678c7
1951-01-01T00:00:00Z,1951,agency_9509941b7ce5f6527cf7,0,catalog_incident_year,5f5698f132245115dd9d4a5197d2748847f281e466d8b660de036aa3c4b678c7
1951-01-01T00:00:00Z,1951,agency_9c38e26a15a91461278a,0,catalog_incident_year,5f5698f132245115dd9d4a5197d2748847f281e466d8b660de036aa3c4b678c7
1951-01-01T00:00:00Z,1951,agency_bdf5d70c3a430ec1cb4f,0,catalog_incident_year,5f5698f132245115dd9d4a5197d2748847f281e466d8b660de036aa3c4b678c7
1951-01-01T00:00:00Z,1951,agency_c6cd4cf936fd5ad884ed,0,catalog_incident_year,5f5698f132245115dd9d4a5197d2748847f281e466d8b660de036aa3c4b678c7
1951-01-01T00:00:00Z,1951,agency_cf08cb54ab0b6e4ff3a0,0,catalog_incident_year,5f5698f132245115dd9d4a5197d2748847f281e466d8b660de036aa3c4b678c7
1952-01-01T00:00:00Z,1952,agency_06552eff6885a0591452,0,catalog_incident_year,5f5698f132245115dd9d4a5197d2748847f281e466d8b660de036aa3c4b678c7
1952-01-01T00:00:00Z,1952,agency_066b1b9fe8463307ff8b,1,catalog_incident_year,5f5698f132245115dd9d4a5197d2748847f281e466d8b660de036aa3c4b678c7
1952-01-01T00:00:00Z,1952,agency_0e616debe8fcadbb45f7,0,catalog_incident_year,5f5698f132245115dd9d4a5197d2748847f281e466d8b660de036aa3c4b678c7
1952-01-01T00:00:00Z,1952,agency_366aea874bee4b7957c9,0,catalog_incident_year,5f5698f132245115dd9d4a5197d2748847f281e466d8b660de036aa3c4b678c7
1952-01-01T00:00:00Z,1952,agency_4d042d764d542694c43b,0,catalog_incident_year,5f5698f132245115dd9d4a5197d2748847f281e466d8b660de036aa3c4b678c7
1952-01-01T00:00:00Z,1952,agency_9509941b7ce5f6527cf7,1,catalog_incident_year,5f5698f132245115dd9d4a5197d2748847f281e466d8b660de036aa3c4b678c7
1952-01-01T00:00:00Z,1952,agency_9c38e26a15a91461278a,0,catalog_incident_year,5f5698f132245115dd9d4a5197d2748847f281e466d8b660de036aa3c4b678c7
1952-01-01T00:00:00Z,1952,agency_bdf5d70c3a430ec1cb4f,0,catalog_incident_year,5f5698f132245115dd9d4a5197d2748847f281e466d8b660de036aa3c4b678c7
1952-01-01T00:00:00Z,1952,agency_c6cd4cf936fd5ad884ed,0,catalog_incident_year,5f5698f132245115dd9d4a5197d2748847f281e466d8b660de036aa3c4b678c7
1952-01-01T00:00:00Z,1952,agency_cf08cb54ab0b6e4ff3a0,0,catalog_incident_year,5f5698f132245115dd9d4a5197d2748847f281e466d8b660de036aa3c4b678c7
1953-01-01T00:00:00Z,1953,agency_06552eff6885a0591452,0,catalog_incident_year,5f5698f132245115dd9d4a5197d2748847f281e466d8b660de036aa3c4b678c7
1953-01-01T00:00:00Z,1953,agency_066b1b9fe8463307ff8b,0,catalog_incident_year,5f5698f132245115dd9d4a5197d2748847f281e466d8b660de036aa3c4b678c7
1953-01-01T00:00:00Z,1953,agency_0e616debe8fcadbb45f7,1,catalog_incident_year,5f5698f132245115dd9d4a5197d2748847f281e466d8b660de036aa3c4b678c7
1953-01-01T00:00:00Z,1953,agency_366aea874bee4b7957c9,0,catalog_incident_year,5f5698f132245115dd9d4a5197d2748847f281e466d8b660de036aa3c4b678c7
1953-01-01T00:00:00Z,1953,agency_4d042d764d542694c43b,0,catalog_incident_year,5f5698f132245115dd9d4a5197d2748847f281e466d8b660de036aa3c4b678c7
1953-01-01T00:00:00Z,1953,agency_9509941b7ce5f6527cf7,1,catalog_incident_year,5f5698f132245115dd9d4a5197d2748847f281e466d8b660de036aa3c4b678c7
1953-01-01T00:00:00Z,1953,agency_9c38e26a15a91461278a,0,catalog_incident_year,5f5698f132245115dd9d4a5197d2748847f281e466d8b660de036aa3c4b678c7
1953-01-01T00:00:00Z,1953,agency_bdf5d70c3a430ec1cb4f,0,catalog_incident_year,5f5698f132245115dd9d4a5197d2748847f281e466d8b660de036aa3c4b678c7
1953-01-01T00:00:00Z,1953,agency_c6cd4cf936fd5ad884ed,0,catalog_incident_year,5f5698f132245115dd9d4a5197d2748847f281e466d8b660de036aa3c4b678c7
1953-01-01T00:00:00Z,1953,agency_cf08cb54ab0b6e4ff3a0,0,catalog_incident_year,5f5698f132245115dd9d4a5197d2748847f281e466d8b660de036aa3c4b678c7
1954-01-01T00:00:00Z,1954,agency_06552eff6885a0591452,0,catalog_incident_year,5f5698f132245115dd9d4a5197d2748847f281e466d8b660de036aa3c4b678c7
1954-01-01T00:00:00Z,1954,agency_066b1b9fe8463307ff8b,0,catalog_incident_year,5f5698f132245115dd9d4a5197d2748847f281e466d8b660de036aa3c4b678c7
1954-01-01T00:00:00Z,1954,agency_0e616debe8fcadbb45f7,0,catalog_incident_year,5f5698f132245115dd9d4a5197d2748847f281e466d8b660de036aa3c4b678c7
1954-01-01T00:00:00Z,1954,agency_366aea874bee4b7957c9,0,catalog_incident_year,5f5698f132245115dd9d4a5197d2748847f281e466d8b660de036aa3c4b678c7
1954-01-01T00:00:00Z,1954,agency_4d042d764d542694c43b,0,catalog_incident_year,5f5698f132245115dd9d4a5197d2748847f281e466d8b660de036aa3c4b678c7
1954-01-01T00:00:00Z,1954,agency_9509941b7ce5f6527cf7,0,catalog_incident_year,5f5698f132245115dd9d4a5197d2748847f281e466d8b660de036aa3c4b678c7
1954-01-01T00:00:00Z,1954,agency_9c38e26a15a91461278a,0,catalog_incident_year,5f5698f132245115dd9d4a5197d2748847f281e466d8b660de036aa3c4b678c7
1954-01-01T00:00:00Z,1954,agency_bdf5d70c3a430ec1cb4f,0,catalog_incident_year,5f5698f132245115dd9d4a5197d2748847f281e466d8b660de036aa3c4b678c7
1954-01-01T00:00:00Z,1954,agency_c6cd4cf936fd5ad884ed,0,catalog_incident_year,5f5698f132245115dd9d4a5197d2748847f281e466d8b660de036aa3c4b678c7
1954-01-01T00:00:00Z,1954,agency_cf08cb54ab0b6e4ff3a0,0,catalog_incident_year,5f5698f132245115dd9d4a5197d2748847f281e466d8b660de036aa3c4b678c7
1955-01-01T00:00:00Z,1955,agency_06552eff6885a0591452,0,catalog_incident_year,5f5698f132245115dd9d4a5197d2748847f281e466d8b660de036aa3c4b678c7
1955-01-01T00:00:00Z,1955,agency_066b1b9fe8463307ff8b,0,catalog_incident_year,5f5698f132245115dd9d4a5197d2748847f281e466d8b660de036aa3c4b678c7
1955-01-01T00:00:00Z,1955,agency_0e616debe8fcadbb45f7,3,catalog_incident_year,5f5698f132245115dd9d4a5197d2748847f281e466d8b660de036aa3c4b678c7
1955-01-01T00:00:00Z,1955,agency_366aea874bee4b7957c9,0,catalog_incident_year,5f5698f132245115dd9d4a5197d2748847f281e466d8b660de036aa3c4b678c7
1955-01-01T00:00:00Z,1955,agency_4d042d764d542694c43b,0,catalog_incident_year,5f5698f132245115dd9d4a5197d2748847f281e466d8b660de036aa3c4b678c7
1955-01-01T00:00:00Z,1955,agency_9509941b7ce5f6527cf7,4,catalog_incident_year,5f5698f132245115dd9d4a5197d2748847f281e466d8b660de036aa3c4b678c7
1955-01-01T00:00:00Z,1955,agency_9c38e26a15a91461278a,0,catalog_incident_year,5f5698f132245115dd9d4a5197d2748847f281e466d8b660de036aa3c4b678c7
1955-01-01T00:00:00Z,1955,agency_bdf5d70c3a430ec1cb4f,0,catalog_incident_year,5f5698f132245115dd9d4a5197d2748847f281e466d8b660de036aa3c4b678c7
1955-01-01T00:00:00Z,1955,agency_c6cd4cf936fd5ad884ed,0,catalog_incident_year,5f5698f132245115dd9d4a5197d2748847f281e466d8b660de036aa3c4b678c7
1955-01-01T00:00:00Z,1955,agency_cf08cb54ab0b6e4ff3a0,0,catalog_incident_year,5f5698f132245115dd9d4a5197d2748847f281e466d8b660de036aa3c4b678c7
1956-01-01T00:00:00Z,1956,agency_06552eff6885a0591452,0,catalog_incident_year,5f5698f132245115dd9d4a5197d2748847f281e466d8b660de036aa3c4b678c7
1956-01-01T00:00:00Z,1956,agency_066b1b9fe8463307ff8b,0,catalog_incident_year,5f5698f132245115dd9d4a5197d2748847f281e466d8b660de036aa3c4b678c7
1956-01-01T00:00:00Z,1956,agency_0e616debe8fcadbb45f7,0,catalog_incident_year,5f5698f132245115dd9d4a5197d2748847f281e466d8b660de036aa3c4b678c7
1956-01-01T00:00:00Z,1956,agency_366aea874bee4b7957c9,0,catalog_incident_year,5f5698f132245115dd9d4a5197d2748847f281e466d8b660de036aa3c4b678c7
1956-01-01T00:00:00Z,1956,agency_4d042d764d542694c43b,0,catalog_incident_year,5f5698f132245115dd9d4a5197d2748847f281e466d8b660de036aa3c4b678c7
1956-01-01T00:00:00Z,1956,agency_9509941b7ce5f6527cf7,1,catalog_incident_year,5f5698f132245115dd9d4a5197d2748847f281e466d8b660de036aa3c4b678c7
1956-01-01T00:00:00Z,1956,agency_9c38e26a15a91461278a,0,catalog_incident_year,5f5698f132245115dd9d4a5197d2748847f281e466d8b660de036aa3c4b678c7
1956-01-01T00:00:00Z,1956,agency_bdf5d70c3a430ec1cb4f,0,catalog_incident_year,5f5698f132245115dd9d4a5197d2748847f281e466d8b660de036aa3c4b678c7
1956-01-01T00:00:00Z,1956,agency_c6cd4cf936fd5ad884ed,0,catalog_incident_year,5f5698f132245115dd9d4a5197d2748847f281e466d8b660de036aa3c4b678c7
1956-01-01T00:00:00Z,1956,agency_cf08cb54ab0b6e4ff3a0,0,catalog_incident_year,5f5698f132245115dd9d4a5197d2748847f281e466d8b660de036aa3c4b678c7
1957-01-01T00:00:00Z,1957,agency_06552eff6885a0591452,0,catalog_incident_year,5f5698f132245115dd9d4a5197d2748847f281e466d8b660de036aa3c4b678c7
1957-01-01T00:00:00Z,1957,agency_066b1b9fe8463307ff8b,0,catalog_incident_year,5f5698f132245115dd9d4a5197d2748847f281e466d8b660de036aa3c4b678c7
1957-01-01T00:00:00Z,1957,agency_0e616debe8fcadbb45f7,0,catalog_incident_year,5f5698f132245115dd9d4a5197d2748847f281e466d8b660de036aa3c4b678c7
1957-01-01T00:00:00Z,1957,agency_366aea874bee4b7957c9,0,catalog_incident_year,5f5698f132245115dd9d4a5197d2748847f281e466d8b660de036aa3c4b678c7
1957-01-01T00:00:00Z,1957,agency_4d042d764d542694c43b,0,catalog_incident_year,5f5698f132245115dd9d4a5197d2748847f281e466d8b660de036aa3c4b678c7
1957-01-01T00:00:00Z,1957,agency_9509941b7ce5f6527cf7,1,catalog_incident_year,5f5698f132245115dd9d4a5197d2748847f281e466d8b660de036aa3c4b678c7
1957-01-01T00:00:00Z,1957,agency_9c38e26a15a91461278a,0,catalog_incident_year,5f5698f132245115dd9d4a5197d2748847f281e466d8b660de036aa3c4b678c7
1957-01-01T00:00:00Z,1957,agency_bdf5d70c3a430ec1cb4f,0,catalog_incident_year,5f5698f132245115dd9d4a5197d2748847f281e466d8b660de036aa3c4b678c7
1957-01-01T00:00:00Z,1957,agency_c6cd4cf936fd5ad884ed,1,catalog_incident_year,5f5698f132245115dd9d4a5197d2748847f281e466d8b660de036aa3c4b678c7
1957-01-01T00:00:00Z,1957,agency_cf08cb54ab0b6e4ff3a0,0,catalog_incident_year,5f5698f132245115dd9d4a5197d2748847f281e466d8b660de036aa3c4b678c7
1958-01-01T00:00:00Z,1958,agency_06552eff6885a0591452,0,catalog_incident_year,5f5698f132245115dd9d4a5197d2748847f281e466d8b660de036aa3c4b678c7
1958-01-01T00:00:00Z,1958,agency_066b1b9fe8463307ff8b,0,catalog_incident_year,5f5698f132245115dd9d4a5197d2748847f281e466d8b660de036aa3c4b678c7
1958-01-01T00:00:00Z,1958,agency_0e616debe8fcadbb45f7,0,catalog_incident_year,5f5698f132245115dd9d4a5197d2748847f281e466d8b660de036aa3c4b678c7
1958-01-01T00:00:00Z,1958,agency_366aea874bee4b7957c9,0,catalog_incident_year,5f5698f132245115dd9d4a5197d2748847f281e466d8b660de036aa3c4b678c7
1958-01-01T00:00:00Z,1958,agency_4d042d764d542694c43b,0,catalog_incident_year,5f5698f132245115dd9d4a5197d2748847f281e466d8b660de036aa3c4b678c7
1958-01-01T00:00:00Z,1958,agency_9509941b7ce5f6527cf7,1,catalog_incident_year,5f5698f132245115dd9d4a5197d2748847f281e466d8b660de036aa3c4b678c7
1958-01-01T00:00:00Z,1958,agency_9c38e26a15a91461278a,0,catalog_incident_year,5f5698f132245115dd9d4a5197d2748847f281e466d8b660de036aa3c4b678c7
1958-01-01T00:00:00Z,1958,agency_bdf5d70c3a430ec1cb4f,0,catalog_incident_year,5f5698f132245115dd9d4a5197d2748847f281e466d8b660de036aa3c4b678c7
1958-01-01T00:00:00Z,1958,agency_c6cd4cf936fd5ad884ed,1,catalog_incident_year,5f5698f132245115dd9d4a5197d2748847f281e466d8b660de036aa3c4b678c7
1958-01-01T00:00:00Z,1958,agency_cf08cb54ab0b6e4ff3a0,0,catalog_incident_year,5f5698f132245115dd9d4a5197d2748847f281e466d8b660de036aa3c4b678c7
1959-01-01T00:00:00Z,1959,agency_06552eff6885a0591452,0,catalog_incident_year,5f5698f132245115dd9d4a5197d2748847f281e466d8b660de036aa3c4b678c7
1959-01-01T00:00:00Z,1959,agency_066b1b9fe8463307ff8b,0,catalog_incident_year,5f5698f132245115dd9d4a5197d2748847f281e466d8b660de036aa3c4b678c7
1959-01-01T00:00:00Z,1959,agency_0e616debe8fcadbb45f7,0,catalog_incident_year,5f5698f132245115dd9d4a5197d2748847f281e466d8b660de036aa3c4b678c7
1959-01-01T00:00:00Z,1959,agency_366aea874bee4b7957c9,0,catalog_incident_year,5f5698f132245115dd9d4a5197d2748847f281e466d8b660de036aa3c4b678c7
1959-01-01T00:00:00Z,1959,agency_4d042d764d542694c43b,0,catalog_incident_year,5f5698f132245115dd9d4a5197d2748847f281e466d8b660de036aa3c4b678c7
1959-01-01T00:00:00Z,1959,agency_9509941b7ce5f6527cf7,0,catalog_incident_year,5f5698f132245115dd9d4a5197d2748847f281e466d8b660de036aa3c4b678c7
1959-01-01T00:00:00Z,1959,agency_9c38e26a15a91461278a,0,catalog_incident_year,5f5698f132245115dd9d4a5197d2748847f281e466d8b660de036aa3c4b678c7
1959-01-01T00:00:00Z,1959,agency_bdf5d70c3a430ec1cb4f,0,catalog_incident_year,5f5698f132245115dd9d4a5197d2748847f281e466d8b660de036aa3c4b678c7
1959-01-01T00:00:00Z,1959,agency_c6cd4cf936fd5ad884ed,0,catalog_incident_year,5f5698f132245115dd9d4a5197d2748847f281e466d8b660de036aa3c4b678c7
1959-01-01T00:00:00Z,1959,agency_cf08cb54ab0b6e4ff3a0,0,catalog_incident_year,5f5698f132245115dd9d4a5197d2748847f281e466d8b660de036aa3c4b678c7
1960-01-01T00:00:00Z,1960,agency_06552eff6885a0591452,0,catalog_incident_year,5f5698f132245115dd9d4a5197d2748847f281e466d8b660de036aa3c4b678c7
1960-01-01T00:00:00Z,1960,agency_066b1b9fe8463307ff8b,0,catalog_incident_year,5f5698f132245115dd9d4a5197d2748847f281e466d8b660de036aa3c4b678c7
1960-01-01T00:00:00Z,1960,agency_0e616debe8fcadbb45f7,0,catalog_incident_year,5f5698f132245115dd9d4a5197d2748847f281e466d8b660de036aa3c4b678c7
1960-01-01T00:00:00Z,1960,agency_366aea874bee4b7957c9,0,catalog_incident_year,5f5698f132245115dd9d4a5197d2748847f281e466d8b660de036aa3c4b678c7
1960-01-01T00:00:00Z,1960,agency_4d042d764d542694c43b,0,catalog_incident_year,5f5698f132245115dd9d4a5197d2748847f281e466d8b660de036aa3c4b678c7
1960-01-01T00:00:00Z,1960,agency_9509941b7ce5f6527cf7,0,catalog_incident_year,5f5698f132245115dd9d4a5197d2748847f281e466d8b660de036aa3c4b678c7
1960-01-01T00:00:00Z,1960,agency_9c38e26a15a91461278a,0,catalog_incident_year,5f5698f132245115dd9d4a5197d2748847f281e466d8b660de036aa3c4b678c7
1960-01-01T00:00:00Z,1960,agency_bdf5d70c3a430ec1cb4f,0,catalog_incident_year,5f5698f132245115dd9d4a5197d2748847f281e466d8b660de036aa3c4b678c7
1960-01-01T00:00:00Z,1960,agency_c6cd4cf936fd5ad884ed,0,catalog_incident_year,5f5698f132245115dd9d4a5197d2748847f281e466d8b660de036aa3c4b678c7
1960-01-01T00:00:00Z,1960,agency_cf08cb54ab0b6e4ff3a0,0,catalog_incident_year,5f5698f132245115dd9d4a5197d2748847f281e466d8b660de036aa3c4b678c7
1961-01-01T00:00:00Z,1961,agency_06552eff6885a0591452,1,catalog_incident_year,5f5698f132245115dd9d4a5197d2748847f281e466d8b660de036aa3c4b678c7
1961-01-01T00:00:00Z,1961,agency_066b1b9fe8463307ff8b,0,catalog_incident_year,5f5698f132245115dd9d4a5197d2748847f281e466d8b660de036aa3c4b678c7
1961-01-01T00:00:00Z,1961,agency_0e616debe8fcadbb45f7,0,catalog_incident_year,5f5698f132245115dd9d4a5197d2748847f281e466d8b660de036aa3c4b678c7
1961-01-01T00:00:00Z,1961,agency_366aea874bee4b7957c9,0,catalog_incident_year,5f5698f132245115dd9d4a5197d2748847f281e466d8b660de036aa3c4b678c7
1961-01-01T00:00:00Z,1961,agency_4d042d764d542694c43b,0,catalog_incident_year,5f5698f132245115dd9d4a5197d2748847f281e466d8b660de036aa3c4b678c7
1961-01-01T00:00:00Z,1961,agency_9509941b7ce5f6527cf7,0,catalog_incident_year,5f5698f132245115dd9d4a5197d2748847f281e466d8b660de036aa3c4b678c7
1961-01-01T00:00:00Z,1961,agency_9c38e26a15a91461278a,0,catalog_incident_year,5f5698f132245115dd9d4a5197d2748847f281e466d8b660de036aa3c4b678c7
1961-01-01T00:00:00Z,1961,agency_bdf5d70c3a430ec1cb4f,0,catalog_incident_year,5f5698f132245115dd9d4a5197d2748847f281e466d8b660de036aa3c4b678c7
1961-01-01T00:00:00Z,1961,agency_c6cd4cf936fd5ad884ed,0,catalog_incident_year,5f5698f132245115dd9d4a5197d2748847f281e466d8b660de036aa3c4b678c7
1961-01-01T00:00:00Z,1961,agency_cf08cb54ab0b6e4ff3a0,0,catalog_incident_year,5f5698f132245115dd9d4a5197d2748847f281e466d8b660de036aa3c4b678c7
1962-01-01T00:00:00Z,1962,agency_06552eff6885a0591452,3,catalog_incident_year,5f5698f132245115dd9d4a5197d2748847f281e466d8b660de036aa3c4b678c7
1962-01-01T00:00:00Z,1962,agency_066b1b9fe8463307ff8b,0,catalog_incident_year,5f5698f132245115dd9d4a5197d2748847f281e466d8b660de036aa3c4b678c7
1962-01-01T00:00:00Z,1962,agency_0e616debe8fcadbb45f7,0,catalog_incident_year,5f5698f132245115dd9d4a5197d2748847f281e466d8b660de036aa3c4b678c7
1962-01-01T00:00:00Z,1962,agency_366aea874bee4b7957c9,0,catalog_incident_year,5f5698f132245115dd9d4a5197d2748847f281e466d8b660de036aa3c4b678c7
1962-01-01T00:00:00Z,1962,agency_4d042d764d542694c43b,0,catalog_incident_year,5f5698f132245115dd9d4a5197d2748847f281e466d8b660de036aa3c4b678c7
1962-01-01T00:00:00Z,1962,agency_9509941b7ce5f6527cf7,0,catalog_incident_year,5f5698f132245115dd9d4a5197d2748847f281e466d8b660de036aa3c4b678c7
1962-01-01T00:00:00Z,1962,agency_9c38e26a15a91461278a,0,catalog_incident_year,5f5698f132245115dd9d4a5197d2748847f281e466d8b660de036aa3c4b678c7
1962-01-01T00:00:00Z,1962,agency_bdf5d70c3a430ec1cb4f,0,catalog_incident_year,5f5698f132245115dd9d4a5197d2748847f281e466d8b660de036aa3c4b678c7
1962-01-01T00:00:00Z,1962,agency_c6cd4cf936fd5ad884ed,0,catalog_incident_year,5f5698f132245115dd9d4a5197d2748847f281e466d8b660de036aa3c4b678c7
1962-01-01T00:00:00Z,1962,agency_cf08cb54ab0b6e4ff3a0,0,catalog_incident_year,5f5698f132245115dd9d4a5197d2748847f281e466d8b660de036aa3c4b678c7
1963-01-01T00:00:00Z,1963,agency_06552eff6885a0591452,2,catalog_incident_year,5f5698f132245115dd9d4a5197d2748847f281e466d8b660de036aa3c4b678c7
1963-01-01T00:00:00Z,1963,agency_066b1b9fe8463307ff8b,3,catalog_incident_year,5f5698f132245115dd9d4a5197d2748847f281e466d8b660de036aa3c4b678c7
1963-01-01T00:00:00Z,1963,agency_0e616debe8fcadbb45f7,0,catalog_incident_year,5f5698f132245115dd9d4a5197d2748847f281e466d8b660de036aa3c4b678c7
1963-01-01T00:00:00Z,1963,agency_366aea874bee4b7957c9,0,catalog_incident_year,5f5698f132245115dd9d4a5197d2748847f281e466d8b660de036aa3c4b678c7
1963-01-01T00:00:00Z,1963,agency_4d042d764d542694c43b,0,catalog_incident_year,5f5698f132245115dd9d4a5197d2748847f281e466d8b660de036aa3c4b678c7
1963-01-01T00:00:00Z,1963,agency_9509941b7ce5f6527cf7,0,catalog_incident_year,5f5698f132245115dd9d4a5197d2748847f281e466d8b660de036aa3c4b678c7
1963-01-01T00:00:00Z,1963,agency_9c38e26a15a91461278a,1,catalog_incident_year,5f5698f132245115dd9d4a5197d2748847f281e466d8b660de036aa3c4b678c7
1963-01-01T00:00:00Z,1963,agency_bdf5d70c3a430ec1cb4f,0,catalog_incident_year,5f5698f132245115dd9d4a5197d2748847f281e466d8b660de036aa3c4b678c7
1963-01-01T00:00:00Z,1963,agency_c6cd4cf936fd5ad884ed,0,catalog_incident_year,5f5698f132245115dd9d4a5197d2748847f281e466d8b660de036aa3c4b678c7
1963-01-01T00:00:00Z,1963,agency_cf08cb54ab0b6e4ff3a0,0,catalog_incident_year,5f5698f132245115dd9d4a5197d2748847f281e466d8b660de036aa3c4b678c7
1964-01-01T00:00:00Z,1964,agency_06552eff6885a0591452,0,catalog_incident_year,5f5698f132245115dd9d4a5197d2748847f281e466d8b660de036aa3c4b678c7
1964-01-01T00:00:00Z,1964,agency_066b1b9fe8463307ff8b,0,catalog_incident_year,5f5698f132245115dd9d4a5197d2748847f281e466d8b660de036aa3c4b678c7
1964-01-01T00:00:00Z,1964,agency_0e616debe8fcadbb45f7,0,catalog_incident_year,5f5698f132245115dd9d4a5197d2748847f281e466d8b660de036aa3c4b678c7
1964-01-01T00:00:00Z,1964,agency_366aea874bee4b7957c9,0,catalog_incident_year,5f5698f132245115dd9d4a5197d2748847f281e466d8b660de036aa3c4b678c7
1964-01-01T00:00:00Z,1964,agency_4d042d764d542694c43b,0,catalog_incident_year,5f5698f132245115dd9d4a5197d2748847f281e466d8b660de036aa3c4b678c7
1964-01-01T00:00:00Z,1964,agency_9509941b7ce5f6527cf7,0,catalog_incident_year,5f5698f132245115dd9d4a5197d2748847f281e466d8b660de036aa3c4b678c7
1964-01-01T00:00:00Z,1964,agency_9c38e26a15a91461278a,0,catalog_incident_year,5f5698f132245115dd9d4a5197d2748847f281e466d8b660de036aa3c4b678c7
1964-01-01T00:00:00Z,1964,agency_bdf5d70c3a430ec1cb4f,0,catalog_incident_year,5f5698f132245115dd9d4a5197d2748847f281e466d8b660de036aa3c4b678c7
1964-01-01T00:00:00Z,1964,agency_c6cd4cf936fd5ad884ed,0,catalog_incident_year,5f5698f132245115dd9d4a5197d2748847f281e466d8b660de036aa3c4b678c7
1964-01-01T00:00:00Z,1964,agency_cf08cb54ab0b6e4ff3a0,0,catalog_incident_year,5f5698f132245115dd9d4a5197d2748847f281e466d8b660de036aa3c4b678c7
1965-01-01T00:00:00Z,1965,agency_06552eff6885a0591452,8,catalog_incident_year,5f5698f132245115dd9d4a5197d2748847f281e466d8b660de036aa3c4b678c7
1965-01-01T00:00:00Z,1965,agency_066b1b9fe8463307ff8b,0,catalog_incident_year,5f5698f132245115dd9d4a5197d2748847f281e466d8b660de036aa3c4b678c7
1965-01-01T00:00:00Z,1965,agency_0e616debe8fcadbb45f7,0,catalog_incident_year,5f5698f132245115dd9d4a5197d2748847f281e466d8b660de036aa3c4b678c7
1965-01-01T00:00:00Z,1965,agency_366aea874bee4b7957c9,0,catalog_incident_year,5f5698f132245115dd9d4a5197d2748847f281e466d8b660de036aa3c4b678c7
1965-01-01T00:00:00Z,1965,agency_4d042d764d542694c43b,0,catalog_incident_year,5f5698f132245115dd9d4a5197d2748847f281e466d8b660de036aa3c4b678c7
1965-01-01T00:00:00Z,1965,agency_9509941b7ce5f6527cf7,1,catalog_incident_year,5f5698f132245115dd9d4a5197d2748847f281e466d8b660de036aa3c4b678c7
1965-01-01T00:00:00Z,1965,agency_9c38e26a15a91461278a,0,catalog_incident_year,5f5698f132245115dd9d4a5197d2748847f281e466d8b660de036aa3c4b678c7
1965-01-01T00:00:00Z,1965,agency_bdf5d70c3a430ec1cb4f,0,catalog_incident_year,5f5698f132245115dd9d4a5197d2748847f281e466d8b660de036aa3c4b678c7
1965-01-01T00:00:00Z,1965,agency_c6cd4cf936fd5ad884ed,0,catalog_incident_year,5f5698f132245115dd9d4a5197d2748847f281e466d8b660de036aa3c4b678c7
1965-01-01T00:00:00Z,1965,agency_cf08cb54ab0b6e4ff3a0,0,catalog_incident_year,5f5698f132245115dd9d4a5197d2748847f281e466d8b660de036aa3c4b678c7
1966-01-01T00:00:00Z,1966,agency_06552eff6885a0591452,1,catalog_incident_year,5f5698f132245115dd9d4a5197d2748847f281e466d8b660de036aa3c4b678c7
1966-01-01T00:00:00Z,1966,agency_066b1b9fe8463307ff8b,0,catalog_incident_year,5f5698f132245115dd9d4a5197d2748847f281e466d8b660de036aa3c4b678c7
1966-01-01T00:00:00Z,1966,agency_0e616debe8fcadbb45f7,0,catalog_incident_year,5f5698f132245115dd9d4a5197d2748847f281e466d8b660de036aa3c4b678c7
1966-01-01T00:00:00Z,1966,agency_366aea874bee4b7957c9,0,catalog_incident_year,5f5698f132245115dd9d4a5197d2748847f281e466d8b660de036aa3c4b678c7
1966-01-01T00:00:00Z,1966,agency_4d042d764d542694c43b,0,catalog_incident_year,5f5698f132245115dd9d4a5197d2748847f281e466d8b660de036aa3c4b678c7
1966-01-01T00:00:00Z,1966,agency_9509941b7ce5f6527cf7,0,catalog_incident_year,5f5698f132245115dd9d4a5197d2748847f281e466d8b660de036aa3c4b678c7
1966-01-01T00:00:00Z,1966,agency_9c38e26a15a91461278a,0,catalog_incident_year,5f5698f132245115dd9d4a5197d2748847f281e466d8b660de036aa3c4b678c7
1966-01-01T00:00:00Z,1966,agency_bdf5d70c3a430ec1cb4f,0,catalog_incident_year,5f5698f132245115dd9d4a5197d2748847f281e466d8b660de036aa3c4b678c7
1966-01-01T00:00:00Z,1966,agency_c6cd4cf936fd5ad884ed,0,catalog_incident_year,5f5698f132245115dd9d4a5197d2748847f281e466d8b660de036aa3c4b678c7
1966-01-01T00:00:00Z,1966,agency_cf08cb54ab0b6e4ff3a0,0,catalog_incident_year,5f5698f132245115dd9d4a5197d2748847f281e466d8b660de036aa3c4b678c7
1967-01-01T00:00:00Z,1967,agency_06552eff6885a0591452,0,catalog_incident_year,5f5698f132245115dd9d4a5197d2748847f281e466d8b660de036aa3c4b678c7
1967-01-01T00:00:00Z,1967,agency_066b1b9fe8463307ff8b,0,catalog_incident_year,5f5698f132245115dd9d4a5197d2748847f281e466d8b660de036aa3c4b678c7
1967-01-01T00:00:00Z,1967,agency_0e616debe8fcadbb45f7,1,catalog_incident_year,5f5698f132245115dd9d4a5197d2748847f281e466d8b660de036aa3c4b678c7
1967-01-01T00:00:00Z,1967,agency_366aea874bee4b7957c9,0,catalog_incident_year,5f5698f132245115dd9d4a5197d2748847f281e466d8b660de036aa3c4b678c7
1967-01-01T00:00:00Z,1967,agency_4d042d764d542694c43b,0,catalog_incident_year,5f5698f132245115dd9d4a5197d2748847f281e466d8b660de036aa3c4b678c7
1967-01-01T00:00:00Z,1967,agency_9509941b7ce5f6527cf7,1,catalog_incident_year,5f5698f132245115dd9d4a5197d2748847f281e466d8b660de036aa3c4b678c7
1967-01-01T00:00:00Z,1967,agency_9c38e26a15a91461278a,0,catalog_incident_year,5f5698f132245115dd9d4a5197d2748847f281e466d8b660de036aa3c4b678c7
1967-01-01T00:00:00Z,1967,agency_bdf5d70c3a430ec1cb4f,0,catalog_incident_year,5f5698f132245115dd9d4a5197d2748847f281e466d8b660de036aa3c4b678c7
1967-01-01T00:00:00Z,1967,agency_c6cd4cf936fd5ad884ed,0,catalog_incident_year,5f5698f132245115dd9d4a5197d2748847f281e466d8b660de036aa3c4b678c7
1967-01-01T00:00:00Z,1967,agency_cf08cb54ab0b6e4ff3a0,0,catalog_incident_year,5f5698f132245115dd9d4a5197d2748847f281e466d8b660de036aa3c4b678c7
1968-01-01T00:00:00Z,1968,agency_06552eff6885a0591452,0,catalog_incident_year,5f5698f132245115dd9d4a5197d2748847f281e466d8b660de036aa3c4b678c7
1968-01-01T00:00:00Z,1968,agency_066b1b9fe8463307ff8b,0,catalog_incident_year,5f5698f132245115dd9d4a5197d2748847f281e466d8b660de036aa3c4b678c7
1968-01-01T00:00:00Z,1968,agency_0e616debe8fcadbb45f7,0,catalog_incident_year,5f5698f132245115dd9d4a5197d2748847f281e466d8b660de036aa3c4b678c7
1968-01-01T00:00:00Z,1968,agency_366aea874bee4b7957c9,0,catalog_incident_year,5f5698f132245115dd9d4a5197d2748847f281e466d8b660de036aa3c4b678c7
1968-01-01T00:00:00Z,1968,agency_4d042d764d542694c43b,0,catalog_incident_year,5f5698f132245115dd9d4a5197d2748847f281e466d8b660de036aa3c4b678c7
1968-01-01T00:00:00Z,1968,agency_9509941b7ce5f6527cf7,1,catalog_incident_year,5f5698f132245115dd9d4a5197d2748847f281e466d8b660de036aa3c4b678c7
1968-01-01T00:00:00Z,1968,agency_9c38e26a15a91461278a,0,catalog_incident_year,5f5698f132245115dd9d4a5197d2748847f281e466d8b660de036aa3c4b678c7
1968-01-01T00:00:00Z,1968,agency_bdf5d70c3a430ec1cb4f,0,catalog_incident_year,5f5698f132245115dd9d4a5197d2748847f281e466d8b660de036aa3c4b678c7
1968-01-01T00:00:00Z,1968,agency_c6cd4cf936fd5ad884ed,0,catalog_incident_year,5f5698f132245115dd9d4a5197d2748847f281e466d8b660de036aa3c4b678c7
1968-01-01T00:00:00Z,1968,agency_cf08cb54ab0b6e4ff3a0,0,catalog_incident_year,5f5698f132245115dd9d4a5197d2748847f281e466d8b660de036aa3c4b678c7
1969-01-01T00:00:00Z,1969,agency_06552eff6885a0591452,8,catalog_incident_year,5f5698f132245115dd9d4a5197d2748847f281e466d8b660de036aa3c4b678c7
1969-01-01T00:00:00Z,1969,agency_066b1b9fe8463307ff8b,0,catalog_incident_year,5f5698f132245115dd9d4a5197d2748847f281e466d8b660de036aa3c4b678c7
1969-01-01T00:00:00Z,1969,agency_0e616debe8fcadbb45f7,0,catalog_incident_year,5f5698f132245115dd9d4a5197d2748847f281e466d8b660de036aa3c4b678c7
1969-01-01T00:00:00Z,1969,agency_366aea874bee4b7957c9,0,catalog_incident_year,5f5698f132245115dd9d4a5197d2748847f281e466d8b660de036aa3c4b678c7
1969-01-01T00:00:00Z,1969,agency_4d042d764d542694c43b,0,catalog_incident_year,5f5698f132245115dd9d4a5197d2748847f281e466d8b660de036aa3c4b678c7
1969-01-01T00:00:00Z,1969,agency_9509941b7ce5f6527cf7,0,catalog_incident_year,5f5698f132245115dd9d4a5197d2748847f281e466d8b660de036aa3c4b678c7
1969-01-01T00:00:00Z,1969,agency_9c38e26a15a91461278a,0,catalog_incident_year,5f5698f132245115dd9d4a5197d2748847f281e466d8b660de036aa3c4b678c7
1969-01-01T00:00:00Z,1969,agency_bdf5d70c3a430ec1cb4f,0,catalog_incident_year,5f5698f132245115dd9d4a5197d2748847f281e466d8b660de036aa3c4b678c7
1969-01-01T00:00:00Z,1969,agency_c6cd4cf936fd5ad884ed,0,catalog_incident_year,5f5698f132245115dd9d4a5197d2748847f281e466d8b660de036aa3c4b678c7
1969-01-01T00:00:00Z,1969,agency_cf08cb54ab0b6e4ff3a0,0,catalog_incident_year,5f5698f132245115dd9d4a5197d2748847f281e466d8b660de036aa3c4b678c7
1970-01-01T00:00:00Z,1970,agency_06552eff6885a0591452,0,catalog_incident_year,5f5698f132245115dd9d4a5197d2748847f281e466d8b660de036aa3c4b678c7
1970-01-01T00:00:00Z,1970,agency_066b1b9fe8463307ff8b,0,catalog_incident_year,5f5698f132245115dd9d4a5197d2748847f281e466d8b660de036aa3c4b678c7
1970-01-01T00:00:00Z,1970,agency_0e616debe8fcadbb45f7,0,catalog_incident_year,5f5698f132245115dd9d4a5197d2748847f281e466d8b660de036aa3c4b678c7
1970-01-01T00:00:00Z,1970,agency_366aea874bee4b7957c9,0,catalog_incident_year,5f5698f132245115dd9d4a5197d2748847f281e466d8b660de036aa3c4b678c7
1970-01-01T00:00:00Z,1970,agency_4d042d764d542694c43b,0,catalog_incident_year,5f5698f132245115dd9d4a5197d2748847f281e466d8b660de036aa3c4b678c7
1970-01-01T00:00:00Z,1970,agency_9509941b7ce5f6527cf7,0,catalog_incident_year,5f5698f132245115dd9d4a5197d2748847f281e466d8b660de036aa3c4b678c7
1970-01-01T00:00:00Z,1970,agency_9c38e26a15a91461278a,0,catalog_incident_year,5f5698f132245115dd9d4a5197d2748847f281e466d8b660de036aa3c4b678c7
1970-01-01T00:00:00Z,1970,agency_bdf5d70c3a430ec1cb4f,0,catalog_incident_year,5f5698f132245115dd9d4a5197d2748847f281e466d8b660de036aa3c4b678c7
1970-01-01T00:00:00Z,1970,agency_c6cd4cf936fd5ad884ed,0,catalog_incident_year,5f5698f132245115dd9d4a5197d2748847f281e466d8b660de036aa3c4b678c7
1970-01-01T00:00:00Z,1970,agency_cf08cb54ab0b6e4ff3a0,0,catalog_incident_year,5f5698f132245115dd9d4a5197d2748847f281e466d8b660de036aa3c4b678c7
1971-01-01T00:00:00Z,1971,agency_06552eff6885a0591452,2,catalog_incident_year,5f5698f132245115dd9d4a5197d2748847f281e466d8b660de036aa3c4b678c7
1971-01-01T00:00:00Z,1971,agency_066b1b9fe8463307ff8b,0,catalog_incident_year,5f5698f132245115dd9d4a5197d2748847f281e466d8b660de036aa3c4b678c7
1971-01-01T00:00:00Z,1971,agency_0e616debe8fcadbb45f7,0,catalog_incident_year,5f5698f132245115dd9d4a5197d2748847f281e466d8b660de036aa3c4b678c7
1971-01-01T00:00:00Z,1971,agency_366aea874bee4b7957c9,0,catalog_incident_year,5f5698f132245115dd9d4a5197d2748847f281e466d8b660de036aa3c4b678c7
1971-01-01T00:00:00Z,1971,agency_4d042d764d542694c43b,0,catalog_incident_year,5f5698f132245115dd9d4a5197d2748847f281e466d8b660de036aa3c4b678c7
1971-01-01T00:00:00Z,1971,agency_9509941b7ce5f6527cf7,1,catalog_incident_year,5f5698f132245115dd9d4a5197d2748847f281e466d8b660de036aa3c4b678c7
1971-01-01T00:00:00Z,1971,agency_9c38e26a15a91461278a,0,catalog_incident_year,5f5698f132245115dd9d4a5197d2748847f281e466d8b660de036aa3c4b678c7
1971-01-01T00:00:00Z,1971,agency_bdf5d70c3a430ec1cb4f,0,catalog_incident_year,5f5698f132245115dd9d4a5197d2748847f281e466d8b660de036aa3c4b678c7
1971-01-01T00:00:00Z,1971,agency_c6cd4cf936fd5ad884ed,0,catalog_incident_year,5f5698f132245115dd9d4a5197d2748847f281e466d8b660de036aa3c4b678c7
1971-01-01T00:00:00Z,1971,agency_cf08cb54ab0b6e4ff3a0,0,catalog_incident_year,5f5698f132245115dd9d4a5197d2748847f281e466d8b660de036aa3c4b678c7
1972-01-01T00:00:00Z,1972,agency_06552eff6885a0591452,5,catalog_incident_year,5f5698f132245115dd9d4a5197d2748847f281e466d8b660de036aa3c4b678c7
1972-01-01T00:00:00Z,1972,agency_066b1b9fe8463307ff8b,0,catalog_incident_year,5f5698f132245115dd9d4a5197d2748847f281e466d8b660de036aa3c4b678c7
1972-01-01T00:00:00Z,1972,agency_0e616debe8fcadbb45f7,0,catalog_incident_year,5f5698f132245115dd9d4a5197d2748847f281e466d8b660de036aa3c4b678c7
1972-01-01T00:00:00Z,1972,agency_366aea874bee4b7957c9,0,catalog_incident_year,5f5698f132245115dd9d4a5197d2748847f281e466d8b660de036aa3c4b678c7
1972-01-01T00:00:00Z,1972,agency_4d042d764d542694c43b,0,catalog_incident_year,5f5698f132245115dd9d4a5197d2748847f281e466d8b660de036aa3c4b678c7
1972-01-01T00:00:00Z,1972,agency_9509941b7ce5f6527cf7,1,catalog_incident_year,5f5698f132245115dd9d4a5197d2748847f281e466d8b660de036aa3c4b678c7
1972-01-01T00:00:00Z,1972,agency_9c38e26a15a91461278a,0,catalog_incident_year,5f5698f132245115dd9d4a5197d2748847f281e466d8b660de036aa3c4b678c7
1972-01-01T00:00:00Z,1972,agency_bdf5d70c3a430ec1cb4f,0,catalog_incident_year,5f5698f132245115dd9d4a5197d2748847f281e466d8b660de036aa3c4b678c7
1972-01-01T00:00:00Z,1972,agency_c6cd4cf936fd5ad884ed,0,catalog_incident_year,5f5698f132245115dd9d4a5197d2748847f281e466d8b660de036aa3c4b678c7
1972-01-01T00:00:00Z,1972,agency_cf08cb54ab0b6e4ff3a0,0,catalog_incident_year,5f5698f132245115dd9d4a5197d2748847f281e466d8b660de036aa3c4b678c7
1973-01-01T00:00:00Z,1973,agency_06552eff6885a0591452,3,catalog_incident_year,5f5698f132245115dd9d4a5197d2748847f281e466d8b660de036aa3c4b678c7
1973-01-01T00:00:00Z,1973,agency_066b1b9fe8463307ff8b,0,catalog_incident_year,5f5698f132245115dd9d4a5197d2748847f281e466d8b660de036aa3c4b678c7
1973-01-01T00:00:00Z,1973,agency_0e616debe8fcadbb45f7,0,catalog_incident_year,5f5698f132245115dd9d4a5197d2748847f281e466d8b660de036aa3c4b678c7
1973-01-01T00:00:00Z,1973,agency_366aea874bee4b7957c9,0,catalog_incident_year,5f5698f132245115dd9d4a5197d2748847f281e466d8b660de036aa3c4b678c7
1973-01-01T00:00:00Z,1973,agency_4d042d764d542694c43b,0,catalog_incident_year,5f5698f132245115dd9d4a5197d2748847f281e466d8b660de036aa3c4b678c7
1973-01-01T00:00:00Z,1973,agency_9509941b7ce5f6527cf7,2,catalog_incident_year,5f5698f132245115dd9d4a5197d2748847f281e466d8b660de036aa3c4b678c7
1973-01-01T00:00:00Z,1973,agency_9c38e26a15a91461278a,0,catalog_incident_year,5f5698f132245115dd9d4a5197d2748847f281e466d8b660de036aa3c4b678c7
1973-01-01T00:00:00Z,1973,agency_bdf5d70c3a430ec1cb4f,0,catalog_incident_year,5f5698f132245115dd9d4a5197d2748847f281e466d8b660de036aa3c4b678c7
1973-01-01T00:00:00Z,1973,agency_c6cd4cf936fd5ad884ed,0,catalog_incident_year,5f5698f132245115dd9d4a5197d2748847f281e466d8b660de036aa3c4b678c7
1973-01-01T00:00:00Z,1973,agency_cf08cb54ab0b6e4ff3a0,0,catalog_incident_year,5f5698f132245115dd9d4a5197d2748847f281e466d8b660de036aa3c4b678c7
1974-01-01T00:00:00Z,1974,agency_06552eff6885a0591452,0,catalog_incident_year,5f5698f132245115dd9d4a5197d2748847f281e466d8b660de036aa3c4b678c7
1974-01-01T00:00:00Z,1974,agency_066b1b9fe8463307ff8b,0,catalog_incident_year,5f5698f132245115dd9d4a5197d2748847f281e466d8b660de036aa3c4b678c7
1974-01-01T00:00:00Z,1974,agency_0e616debe8fcadbb45f7,0,catalog_incident_year,5f5698f132245115dd9d4a5197d2748847f281e466d8b660de036aa3c4b678c7
1974-01-01T00:00:00Z,1974,agency_366aea874bee4b7957c9,0,catalog_incident_year,5f5698f132245115dd9d4a5197d2748847f281e466d8b660de036aa3c4b678c7
1974-01-01T00:00:00Z,1974,agency_4d042d764d542694c43b,0,catalog_incident_year,5f5698f132245115dd9d4a5197d2748847f281e466d8b660de036aa3c4b678c7
1974-01-01T00:00:00Z,1974,agency_9509941b7ce5f6527cf7,0,catalog_incident_year,5f5698f132245115dd9d4a5197d2748847f281e466d8b660de036aa3c4b678c7
1974-01-01T00:00:00Z,1974,agency_9c38e26a15a91461278a,0,catalog_incident_year,5f5698f132245115dd9d4a5197d2748847f281e466d8b660de036aa3c4b678c7
1974-01-01T00:00:00Z,1974,agency_bdf5d70c3a430ec1cb4f,0,catalog_incident_year,5f5698f132245115dd9d4a5197d2748847f281e466d8b660de036aa3c4b678c7
1974-01-01T00:00:00Z,1974,agency_c6cd4cf936fd5ad884ed,1,catalog_incident_year,5f5698f132245115dd9d4a5197d2748847f281e466d8b660de036aa3c4b678c7
1974-01-01T00:00:00Z,1974,agency_cf08cb54ab0b6e4ff3a0,0,catalog_incident_year,5f5698f132245115dd9d4a5197d2748847f281e466d8b660de036aa3c4b678c7
1975-01-01T00:00:00Z,1975,agency_06552eff6885a0591452,0,catalog_incident_year,5f5698f132245115dd9d4a5197d2748847f281e466d8b660de036aa3c4b678c7
1975-01-01T00:00:00Z,1975,agency_066b1b9fe8463307ff8b,0,catalog_incident_year,5f5698f132245115dd9d4a5197d2748847f281e466d8b660de036aa3c4b678c7
1975-01-01T00:00:00Z,1975,agency_0e616debe8fcadbb45f7,0,catalog_incident_year,5f5698f132245115dd9d4a5197d2748847f281e466d8b660de036aa3c4b678c7
1975-01-01T00:00:00Z,1975,agency_366aea874bee4b7957c9,0,catalog_incident_year,5f5698f132245115dd9d4a5197d2748847f281e466d8b660de036aa3c4b678c7
1975-01-01T00:00:00Z,1975,agency_4d042d764d542694c43b,0,catalog_incident_year,5f5698f132245115dd9d4a5197d2748847f281e466d8b660de036aa3c4b678c7
1975-01-01T00:00:00Z,1975,agency_9509941b7ce5f6527cf7,0,catalog_incident_year,5f5698f132245115dd9d4a5197d2748847f281e466d8b660de036aa3c4b678c7
1975-01-01T00:00:00Z,1975,agency_9c38e26a15a91461278a,0,catalog_incident_year,5f5698f132245115dd9d4a5197d2748847f281e466d8b660de036aa3c4b678c7
1975-01-01T00:00:00Z,1975,agency_bdf5d70c3a430ec1cb4f,0,catalog_incident_year,5f5698f132245115dd9d4a5197d2748847f281e466d8b660de036aa3c4b678c7
1975-01-01T00:00:00Z,1975,agency_c6cd4cf936fd5ad884ed,0,catalog_incident_year,5f5698f132245115dd9d4a5197d2748847f281e466d8b660de036aa3c4b678c7
1975-01-01T00:00:00Z,1975,agency_cf08cb54ab0b6e4ff3a0,0,catalog_incident_year,5f5698f132245115dd9d4a5197d2748847f281e466d8b660de036aa3c4b678c7
1976-01-01T00:00:00Z,1976,agency_06552eff6885a0591452,0,catalog_incident_year,5f5698f132245115dd9d4a5197d2748847f281e466d8b660de036aa3c4b678c7
1976-01-01T00:00:00Z,1976,agency_066b1b9fe8463307ff8b,0,catalog_incident_year,5f5698f132245115dd9d4a5197d2748847f281e466d8b660de036aa3c4b678c7
1976-01-01T00:00:00Z,1976,agency_0e616debe8fcadbb45f7,0,catalog_incident_year,5f5698f132245115dd9d4a5197d2748847f281e466d8b660de036aa3c4b678c7
1976-01-01T00:00:00Z,1976,agency_366aea874bee4b7957c9,0,catalog_incident_year,5f5698f132245115dd9d4a5197d2748847f281e466d8b660de036aa3c4b678c7
1976-01-01T00:00:00Z,1976,agency_4d042d764d542694c43b,0,catalog_incident_year,5f5698f132245115dd9d4a5197d2748847f281e466d8b660de036aa3c4b678c7
1976-01-01T00:00:00Z,1976,agency_9509941b7ce5f6527cf7,1,catalog_incident_year,5f5698f132245115dd9d4a5197d2748847f281e466d8b660de036aa3c4b678c7
1976-01-01T00:00:00Z,1976,agency_9c38e26a15a91461278a,0,catalog_incident_year,5f5698f132245115dd9d4a5197d2748847f281e466d8b660de036aa3c4b678c7
1976-01-01T00:00:00Z,1976,agency_bdf5d70c3a430ec1cb4f,0,catalog_incident_year,5f5698f132245115dd9d4a5197d2748847f281e466d8b660de036aa3c4b678c7
1976-01-01T00:00:00Z,1976,agency_c6cd4cf936fd5ad884ed,0,catalog_incident_year,5f5698f132245115dd9d4a5197d2748847f281e466d8b660de036aa3c4b678c7
1976-01-01T00:00:00Z,1976,agency_cf08cb54ab0b6e4ff3a0,0,catalog_incident_year,5f5698f132245115dd9d4a5197d2748847f281e466d8b660de036aa3c4b678c7
1977-01-01T00:00:00Z,1977,agency_06552eff6885a0591452,0,catalog_incident_year,5f5698f132245115dd9d4a5197d2748847f281e466d8b660de036aa3c4b678c7
1977-01-01T00:00:00Z,1977,agency_066b1b9fe8463307ff8b,0,catalog_incident_year,5f5698f132245115dd9d4a5197d2748847f281e466d8b660de036aa3c4b678c7
1977-01-01T00:00:00Z,1977,agency_0e616debe8fcadbb45f7,0,catalog_incident_year,5f5698f132245115dd9d4a5197d2748847f281e466d8b660de036aa3c4b678c7
1977-01-01T00:00:00Z,1977,agency_366aea874bee4b7957c9,0,catalog_incident_year,5f5698f132245115dd9d4a5197d2748847f281e466d8b660de036aa3c4b678c7
1977-01-01T00:00:00Z,1977,agency_4d042d764d542694c43b,0,catalog_incident_year,5f5698f132245115dd9d4a5197d2748847f281e466d8b660de036aa3c4b678c7
1977-01-01T00:00:00Z,1977,agency_9509941b7ce5f6527cf7,0,catalog_incident_year,5f5698f132245115dd9d4a5197d2748847f281e466d8b660de036aa3c4b678c7
1977-01-01T00:00:00Z,1977,agency_9c38e26a15a91461278a,0,catalog_incident_year,5f5698f132245115dd9d4a5197d2748847f281e466d8b660de036aa3c4b678c7
1977-01-01T00:00:00Z,1977,agency_bdf5d70c3a430ec1cb4f,0,catalog_incident_year,5f5698f132245115dd9d4a5197d2748847f281e466d8b660de036aa3c4b678c7
1977-01-01T00:00:00Z,1977,agency_c6cd4cf936fd5ad884ed,0,catalog_incident_year,5f5698f132245115dd9d4a5197d2748847f281e466d8b660de036aa3c4b678c7
1977-01-01T00:00:00Z,1977,agency_cf08cb54ab0b6e4ff3a0,0,catalog_incident_year,5f5698f132245115dd9d4a5197d2748847f281e466d8b660de036aa3c4b678c7
1978-01-01T00:00:00Z,1978,agency_06552eff6885a0591452,0,catalog_incident_year,5f5698f132245115dd9d4a5197d2748847f281e466d8b660de036aa3c4b678c7
1978-01-01T00:00:00Z,1978,agency_066b1b9fe8463307ff8b,0,catalog_incident_year,5f5698f132245115dd9d4a5197d2748847f281e466d8b660de036aa3c4b678c7
1978-01-01T00:00:00Z,1978,agency_0e616debe8fcadbb45f7,0,catalog_incident_year,5f5698f132245115dd9d4a5197d2748847f281e466d8b660de036aa3c4b678c7
1978-01-01T00:00:00Z,1978,agency_366aea874bee4b7957c9,0,catalog_incident_year,5f5698f132245115dd9d4a5197d2748847f281e466d8b660de036aa3c4b678c7
1978-01-01T00:00:00Z,1978,agency_4d042d764d542694c43b,0,catalog_incident_year,5f5698f132245115dd9d4a5197d2748847f281e466d8b660de036aa3c4b678c7
1978-01-01T00:00:00Z,1978,agency_9509941b7ce5f6527cf7,0,catalog_incident_year,5f5698f132245115dd9d4a5197d2748847f281e466d8b660de036aa3c4b678c7
1978-01-01T00:00:00Z,1978,agency_9c38e26a15a91461278a,0,catalog_incident_year,5f5698f132245115dd9d4a5197d2748847f281e466d8b660de036aa3c4b678c7
1978-01-01T00:00:00Z,1978,agency_bdf5d70c3a430ec1cb4f,0,catalog_incident_year,5f5698f132245115dd9d4a5197d2748847f281e466d8b660de036aa3c4b678c7
1978-01-01T00:00:00Z,1978,agency_c6cd4cf936fd5ad884ed,0,catalog_incident_year,5f5698f132245115dd9d4a5197d2748847f281e466d8b660de036aa3c4b678c7
1978-01-01T00:00:00Z,1978,agency_cf08cb54ab0b6e4ff3a0,0,catalog_incident_year,5f5698f132245115dd9d4a5197d2748847f281e466d8b660de036aa3c4b678c7
1979-01-01T00:00:00Z,1979,agency_06552eff6885a0591452,0,catalog_incident_year,5f5698f132245115dd9d4a5197d2748847f281e466d8b660de036aa3c4b678c7
1979-01-01T00:00:00Z,1979,agency_066b1b9fe8463307ff8b,0,catalog_incident_year,5f5698f132245115dd9d4a5197d2748847f281e466d8b660de036aa3c4b678c7
1979-01-01T00:00:00Z,1979,agency_0e616debe8fcadbb45f7,0,catalog_incident_year,5f5698f132245115dd9d4a5197d2748847f281e466d8b660de036aa3c4b678c7
1979-01-01T00:00:00Z,1979,agency_366aea874bee4b7957c9,0,catalog_incident_year,5f5698f132245115dd9d4a5197d2748847f281e466d8b660de036aa3c4b678c7
1979-01-01T00:00:00Z,1979,agency_4d042d764d542694c43b,0,catalog_incident_year,5f5698f132245115dd9d4a5197d2748847f281e466d8b660de036aa3c4b678c7
1979-01-01T00:00:00Z,1979,agency_9509941b7ce5f6527cf7,0,catalog_incident_year,5f5698f132245115dd9d4a5197d2748847f281e466d8b660de036aa3c4b678c7
1979-01-01T00:00:00Z,1979,agency_9c38e26a15a91461278a,0,catalog_incident_year,5f5698f132245115dd9d4a5197d2748847f281e466d8b660de036aa3c4b678c7
1979-01-01T00:00:00Z,1979,agency_bdf5d70c3a430ec1cb4f,0,catalog_incident_year,5f5698f132245115dd9d4a5197d2748847f281e466d8b660de036aa3c4b678c7
1979-01-01T00:00:00Z,1979,agency_c6cd4cf936fd5ad884ed,0,catalog_incident_year,5f5698f132245115dd9d4a5197d2748847f281e466d8b660de036aa3c4b678c7
1979-01-01T00:00:00Z,1979,agency_cf08cb54ab0b6e4ff3a0,0,catalog_incident_year,5f5698f132245115dd9d4a5197d2748847f281e466d8b660de036aa3c4b678c7
1980-01-01T00:00:00Z,1980,agency_06552eff6885a0591452,0,catalog_incident_year,5f5698f132245115dd9d4a5197d2748847f281e466d8b660de036aa3c4b678c7
1980-01-01T00:00:00Z,1980,agency_066b1b9fe8463307ff8b,0,catalog_incident_year,5f5698f132245115dd9d4a5197d2748847f281e466d8b660de036aa3c4b678c7
1980-01-01T00:00:00Z,1980,agency_0e616debe8fcadbb45f7,0,catalog_incident_year,5f5698f132245115dd9d4a5197d2748847f281e466d8b660de036aa3c4b678c7
1980-01-01T00:00:00Z,1980,agency_366aea874bee4b7957c9,0,catalog_incident_year,5f5698f132245115dd9d4a5197d2748847f281e466d8b660de036aa3c4b678c7
1980-01-01T00:00:00Z,1980,agency_4d042d764d542694c43b,0,catalog_incident_year,5f5698f132245115dd9d4a5197d2748847f281e466d8b660de036aa3c4b678c7
1980-01-01T00:00:00Z,1980,agency_9509941b7ce5f6527cf7,0,catalog_incident_year,5f5698f132245115dd9d4a5197d2748847f281e466d8b660de036aa3c4b678c7
1980-01-01T00:00:00Z,1980,agency_9c38e26a15a91461278a,0,catalog_incident_year,5f5698f132245115dd9d4a5197d2748847f281e466d8b660de036aa3c4b678c7
1980-01-01T00:00:00Z,1980,agency_bdf5d70c3a430ec1cb4f,0,catalog_incident_year,5f5698f132245115dd9d4a5197d2748847f281e466d8b660de036aa3c4b678c7
1980-01-01T00:00:00Z,1980,agency_c6cd4cf936fd5ad884ed,0,catalog_incident_year,5f5698f132245115dd9d4a5197d2748847f281e466d8b660de036aa3c4b678c7
1980-01-01T00:00:00Z,1980,agency_cf08cb54ab0b6e4ff3a0,0,catalog_incident_year,5f5698f132245115dd9d4a5197d2748847f281e466d8b660de036aa3c4b678c7
1981-01-01T00:00:00Z,1981,agency_06552eff6885a0591452,0,catalog_incident_year,5f5698f132245115dd9d4a5197d2748847f281e466d8b660de036aa3c4b678c7
1981-01-01T00:00:00Z,1981,agency_066b1b9fe8463307ff8b,0,catalog_incident_year,5f5698f132245115dd9d4a5197d2748847f281e466d8b660de036aa3c4b678c7
1981-01-01T00:00:00Z,1981,agency_0e616debe8fcadbb45f7,0,catalog_incident_year,5f5698f132245115dd9d4a5197d2748847f281e466d8b660de036aa3c4b678c7
1981-01-01T00:00:00Z,1981,agency_366aea874bee4b7957c9,0,catalog_incident_year,5f5698f132245115dd9d4a5197d2748847f281e466d8b660de036aa3c4b678c7
1981-01-01T00:00:00Z,1981,agency_4d042d764d542694c43b,0,catalog_incident_year,5f5698f132245115dd9d4a5197d2748847f281e466d8b660de036aa3c4b678c7
1981-01-01T00:00:00Z,1981,agency_9509941b7ce5f6527cf7,0,catalog_incident_year,5f5698f132245115dd9d4a5197d2748847f281e466d8b660de036aa3c4b678c7
1981-01-01T00:00:00Z,1981,agency_9c38e26a15a91461278a,0,catalog_incident_year,5f5698f132245115dd9d4a5197d2748847f281e466d8b660de036aa3c4b678c7
1981-01-01T00:00:00Z,1981,agency_bdf5d70c3a430ec1cb4f,0,catalog_incident_year,5f5698f132245115dd9d4a5197d2748847f281e466d8b660de036aa3c4b678c7
1981-01-01T00:00:00Z,1981,agency_c6cd4cf936fd5ad884ed,0,catalog_incident_year,5f5698f132245115dd9d4a5197d2748847f281e466d8b660de036aa3c4b678c7
1981-01-01T00:00:00Z,1981,agency_cf08cb54ab0b6e4ff3a0,0,catalog_incident_year,5f5698f132245115dd9d4a5197d2748847f281e466d8b660de036aa3c4b678c7
1982-01-01T00:00:00Z,1982,agency_06552eff6885a0591452,0,catalog_incident_year,5f5698f132245115dd9d4a5197d2748847f281e466d8b660de036aa3c4b678c7
1982-01-01T00:00:00Z,1982,agency_066b1b9fe8463307ff8b,0,catalog_incident_year,5f5698f132245115dd9d4a5197d2748847f281e466d8b660de036aa3c4b678c7
1982-01-01T00:00:00Z,1982,agency_0e616debe8fcadbb45f7,0,catalog_incident_year,5f5698f132245115dd9d4a5197d2748847f281e466d8b660de036aa3c4b678c7
1982-01-01T00:00:00Z,1982,agency_366aea874bee4b7957c9,0,catalog_incident_year,5f5698f132245115dd9d4a5197d2748847f281e466d8b660de036aa3c4b678c7
1982-01-01T00:00:00Z,1982,agency_4d042d764d542694c43b,0,catalog_incident_year,5f5698f132245115dd9d4a5197d2748847f281e466d8b660de036aa3c4b678c7
1982-01-01T00:00:00Z,1982,agency_9509941b7ce5f6527cf7,0,catalog_incident_year,5f5698f132245115dd9d4a5197d2748847f281e466d8b660de036aa3c4b678c7
1982-01-01T00:00:00Z,1982,agency_9c38e26a15a91461278a,0,catalog_incident_year,5f5698f132245115dd9d4a5197d2748847f281e466d8b660de036aa3c4b678c7
1982-01-01T00:00:00Z,1982,agency_bdf5d70c3a430ec1cb4f,0,catalog_incident_year,5f5698f132245115dd9d4a5197d2748847f281e466d8b660de036aa3c4b678c7
1982-01-01T00:00:00Z,1982,agency_c6cd4cf936fd5ad884ed,0,catalog_incident_year,5f5698f132245115dd9d4a5197d2748847f281e466d8b660de036aa3c4b678c7
1982-01-01T00:00:00Z,1982,agency_cf08cb54ab0b6e4ff3a0,0,catalog_incident_year,5f5698f132245115dd9d4a5197d2748847f281e466d8b660de036aa3c4b678c7
1983-01-01T00:00:00Z,1983,agency_06552eff6885a0591452,0,catalog_incident_year,5f5698f132245115dd9d4a5197d2748847f281e466d8b660de036aa3c4b678c7
1983-01-01T00:00:00Z,1983,agency_066b1b9fe8463307ff8b,0,catalog_incident_year,5f5698f132245115dd9d4a5197d2748847f281e466d8b660de036aa3c4b678c7
1983-01-01T00:00:00Z,1983,agency_0e616debe8fcadbb45f7,0,catalog_incident_year,5f5698f132245115dd9d4a5197d2748847f281e466d8b660de036aa3c4b678c7
1983-01-01T00:00:00Z,1983,agency_366aea874bee4b7957c9,0,catalog_incident_year,5f5698f132245115dd9d4a5197d2748847f281e466d8b660de036aa3c4b678c7
1983-01-01T00:00:00Z,1983,agency_4d042d764d542694c43b,0,catalog_incident_year,5f5698f132245115dd9d4a5197d2748847f281e466d8b660de036aa3c4b678c7
1983-01-01T00:00:00Z,1983,agency_9509941b7ce5f6527cf7,0,catalog_incident_year,5f5698f132245115dd9d4a5197d2748847f281e466d8b660de036aa3c4b678c7
1983-01-01T00:00:00Z,1983,agency_9c38e26a15a91461278a,0,catalog_incident_year,5f5698f132245115dd9d4a5197d2748847f281e466d8b660de036aa3c4b678c7
1983-01-01T00:00:00Z,1983,agency_bdf5d70c3a430ec1cb4f,0,catalog_incident_year,5f5698f132245115dd9d4a5197d2748847f281e466d8b660de036aa3c4b678c7
1983-01-01T00:00:00Z,1983,agency_c6cd4cf936fd5ad884ed,0,catalog_incident_year,5f5698f132245115dd9d4a5197d2748847f281e466d8b660de036aa3c4b678c7
1983-01-01T00:00:00Z,1983,agency_cf08cb54ab0b6e4ff3a0,0,catalog_incident_year,5f5698f132245115dd9d4a5197d2748847f281e466d8b660de036aa3c4b678c7
1984-01-01T00:00:00Z,1984,agency_06552eff6885a0591452,0,catalog_incident_year,5f5698f132245115dd9d4a5197d2748847f281e466d8b660de036aa3c4b678c7
1984-01-01T00:00:00Z,1984,agency_066b1b9fe8463307ff8b,0,catalog_incident_year,5f5698f132245115dd9d4a5197d2748847f281e466d8b660de036aa3c4b678c7
1984-01-01T00:00:00Z,1984,agency_0e616debe8fcadbb45f7,0,catalog_incident_year,5f5698f132245115dd9d4a5197d2748847f281e466d8b660de036aa3c4b678c7
1984-01-01T00:00:00Z,1984,agency_366aea874bee4b7957c9,0,catalog_incident_year,5f5698f132245115dd9d4a5197d2748847f281e466d8b660de036aa3c4b678c7
1984-01-01T00:00:00Z,1984,agency_4d042d764d542694c43b,0,catalog_incident_year,5f5698f132245115dd9d4a5197d2748847f281e466d8b660de036aa3c4b678c7
1984-01-01T00:00:00Z,1984,agency_9509941b7ce5f6527cf7,0,catalog_incident_year,5f5698f132245115dd9d4a5197d2748847f281e466d8b660de036aa3c4b678c7
1984-01-01T00:00:00Z,1984,agency_9c38e26a15a91461278a,0,catalog_incident_year,5f5698f132245115dd9d4a5197d2748847f281e466d8b660de036aa3c4b678c7
1984-01-01T00:00:00Z,1984,agency_bdf5d70c3a430ec1cb4f,0,catalog_incident_year,5f5698f132245115dd9d4a5197d2748847f281e466d8b660de036aa3c4b678c7
1984-01-01T00:00:00Z,1984,agency_c6cd4cf936fd5ad884ed,0,catalog_incident_year,5f5698f132245115dd9d4a5197d2748847f281e466d8b660de036aa3c4b678c7
1984-01-01T00:00:00Z,1984,agency_cf08cb54ab0b6e4ff3a0,0,catalog_incident_year,5f5698f132245115dd9d4a5197d2748847f281e466d8b660de036aa3c4b678c7
1985-01-01T00:00:00Z,1985,agency_06552eff6885a0591452,0,catalog_incident_year,5f5698f132245115dd9d4a5197d2748847f281e466d8b660de036aa3c4b678c7
1985-01-01T00:00:00Z,1985,agency_066b1b9fe8463307ff8b,1,catalog_incident_year,5f5698f132245115dd9d4a5197d2748847f281e466d8b660de036aa3c4b678c7
1985-01-01T00:00:00Z,1985,agency_0e616debe8fcadbb45f7,0,catalog_incident_year,5f5698f132245115dd9d4a5197d2748847f281e466d8b660de036aa3c4b678c7
1985-01-01T00:00:00Z,1985,agency_366aea874bee4b7957c9,0,catalog_incident_year,5f5698f132245115dd9d4a5197d2748847f281e466d8b660de036aa3c4b678c7
1985-01-01T00:00:00Z,1985,agency_4d042d764d542694c43b,0,catalog_incident_year,5f5698f132245115dd9d4a5197d2748847f281e466d8b660de036aa3c4b678c7
1985-01-01T00:00:00Z,1985,agency_9509941b7ce5f6527cf7,0,catalog_incident_year,5f5698f132245115dd9d4a5197d2748847f281e466d8b660de036aa3c4b678c7
1985-01-01T00:00:00Z,1985,agency_9c38e26a15a91461278a,0,catalog_incident_year,5f5698f132245115dd9d4a5197d2748847f281e466d8b660de036aa3c4b678c7
1985-01-01T00:00:00Z,1985,agency_bdf5d70c3a430ec1cb4f,0,catalog_incident_year,5f5698f132245115dd9d4a5197d2748847f281e466d8b660de036aa3c4b678c7
1985-01-01T00:00:00Z,1985,agency_c6cd4cf936fd5ad884ed,0,catalog_incident_year,5f5698f132245115dd9d4a5197d2748847f281e466d8b660de036aa3c4b678c7
1985-01-01T00:00:00Z,1985,agency_cf08cb54ab0b6e4ff3a0,0,catalog_incident_year,5f5698f132245115dd9d4a5197d2748847f281e466d8b660de036aa3c4b678c7
1986-01-01T00:00:00Z,1986,agency_06552eff6885a0591452,0,catalog_incident_year,5f5698f132245115dd9d4a5197d2748847f281e466d8b660de036aa3c4b678c7
1986-01-01T00:00:00Z,1986,agency_066b1b9fe8463307ff8b,0,catalog_incident_year,5f5698f132245115dd9d4a5197d2748847f281e466d8b660de036aa3c4b678c7
1986-01-01T00:00:00Z,1986,agency_0e616debe8fcadbb45f7,0,catalog_incident_year,5f5698f132245115dd9d4a5197d2748847f281e466d8b660de036aa3c4b678c7
1986-01-01T00:00:00Z,1986,agency_366aea874bee4b7957c9,0,catalog_incident_year,5f5698f132245115dd9d4a5197d2748847f281e466d8b660de036aa3c4b678c7
1986-01-01T00:00:00Z,1986,agency_4d042d764d542694c43b,1,catalog_incident_year,5f5698f132245115dd9d4a5197d2748847f281e466d8b660de036aa3c4b678c7
1986-01-01T00:00:00Z,1986,agency_9509941b7ce5f6527cf7,0,catalog_incident_year,5f5698f132245115dd9d4a5197d2748847f281e466d8b660de036aa3c4b678c7
1986-01-01T00:00:00Z,1986,agency_9c38e26a15a91461278a,0,catalog_incident_year,5f5698f132245115dd9d4a5197d2748847f281e466d8b660de036aa3c4b678c7
1986-01-01T00:00:00Z,1986,agency_bdf5d70c3a430ec1cb4f,0,catalog_incident_year,5f5698f132245115dd9d4a5197d2748847f281e466d8b660de036aa3c4b678c7
1986-01-01T00:00:00Z,1986,agency_c6cd4cf936fd5ad884ed,0,catalog_incident_year,5f5698f132245115dd9d4a5197d2748847f281e466d8b660de036aa3c4b678c7
1986-01-01T00:00:00Z,1986,agency_cf08cb54ab0b6e4ff3a0,0,catalog_incident_year,5f5698f132245115dd9d4a5197d2748847f281e466d8b660de036aa3c4b678c7
1987-01-01T00:00:00Z,1987,agency_06552eff6885a0591452,0,catalog_incident_year,5f5698f132245115dd9d4a5197d2748847f281e466d8b660de036aa3c4b678c7
1987-01-01T00:00:00Z,1987,agency_066b1b9fe8463307ff8b,0,catalog_incident_year,5f5698f132245115dd9d4a5197d2748847f281e466d8b660de036aa3c4b678c7
1987-01-01T00:00:00Z,1987,agency_0e616debe8fcadbb45f7,0,catalog_incident_year,5f5698f132245115dd9d4a5197d2748847f281e466d8b660de036aa3c4b678c7
1987-01-01T00:00:00Z,1987,agency_366aea874bee4b7957c9,0,catalog_incident_year,5f5698f132245115dd9d4a5197d2748847f281e466d8b660de036aa3c4b678c7
1987-01-01T00:00:00Z,1987,agency_4d042d764d542694c43b,0,catalog_incident_year,5f5698f132245115dd9d4a5197d2748847f281e466d8b660de036aa3c4b678c7
1987-01-01T00:00:00Z,1987,agency_9509941b7ce5f6527cf7,0,catalog_incident_year,5f5698f132245115dd9d4a5197d2748847f281e466d8b660de036aa3c4b678c7
1987-01-01T00:00:00Z,1987,agency_9c38e26a15a91461278a,0,catalog_incident_year,5f5698f132245115dd9d4a5197d2748847f281e466d8b660de036aa3c4b678c7
1987-01-01T00:00:00Z,1987,agency_bdf5d70c3a430ec1cb4f,0,catalog_incident_year,5f5698f132245115dd9d4a5197d2748847f281e466d8b660de036aa3c4b678c7
1987-01-01T00:00:00Z,1987,agency_c6cd4cf936fd5ad884ed,0,catalog_incident_year,5f5698f132245115dd9d4a5197d2748847f281e466d8b660de036aa3c4b678c7
1987-01-01T00:00:00Z,1987,agency_cf08cb54ab0b6e4ff3a0,0,catalog_incident_year,5f5698f132245115dd9d4a5197d2748847f281e466d8b660de036aa3c4b678c7
1988-01-01T00:00:00Z,1988,agency_06552eff6885a0591452,0,catalog_incident_year,5f5698f132245115dd9d4a5197d2748847f281e466d8b660de036aa3c4b678c7
1988-01-01T00:00:00Z,1988,agency_066b1b9fe8463307ff8b,0,catalog_incident_year,5f5698f132245115dd9d4a5197d2748847f281e466d8b660de036aa3c4b678c7
1988-01-01T00:00:00Z,1988,agency_0e616debe8fcadbb45f7,0,catalog_incident_year,5f5698f132245115dd9d4a5197d2748847f281e466d8b660de036aa3c4b678c7
1988-01-01T00:00:00Z,1988,agency_366aea874bee4b7957c9,0,catalog_incident_year,5f5698f132245115dd9d4a5197d2748847f281e466d8b660de036aa3c4b678c7
1988-01-01T00:00:00Z,1988,agency_4d042d764d542694c43b,0,catalog_incident_year,5f5698f132245115dd9d4a5197d2748847f281e466d8b660de036aa3c4b678c7
1988-01-01T00:00:00Z,1988,agency_9509941b7ce5f6527cf7,0,catalog_incident_year,5f5698f132245115dd9d4a5197d2748847f281e466d8b660de036aa3c4b678c7
1988-01-01T00:00:00Z,1988,agency_9c38e26a15a91461278a,0,catalog_incident_year,5f5698f132245115dd9d4a5197d2748847f281e466d8b660de036aa3c4b678c7
1988-01-01T00:00:00Z,1988,agency_bdf5d70c3a430ec1cb4f,0,catalog_incident_year,5f5698f132245115dd9d4a5197d2748847f281e466d8b660de036aa3c4b678c7
1988-01-01T00:00:00Z,1988,agency_c6cd4cf936fd5ad884ed,0,catalog_incident_year,5f5698f132245115dd9d4a5197d2748847f281e466d8b660de036aa3c4b678c7
1988-01-01T00:00:00Z,1988,agency_cf08cb54ab0b6e4ff3a0,0,catalog_incident_year,5f5698f132245115dd9d4a5197d2748847f281e466d8b660de036aa3c4b678c7
1989-01-01T00:00:00Z,1989,agency_06552eff6885a0591452,0,catalog_incident_year,5f5698f132245115dd9d4a5197d2748847f281e466d8b660de036aa3c4b678c7
1989-01-01T00:00:00Z,1989,agency_066b1b9fe8463307ff8b,0,catalog_incident_year,5f5698f132245115dd9d4a5197d2748847f281e466d8b660de036aa3c4b678c7
1989-01-01T00:00:00Z,1989,agency_0e616debe8fcadbb45f7,0,catalog_incident_year,5f5698f132245115dd9d4a5197d2748847f281e466d8b660de036aa3c4b678c7
1989-01-01T00:00:00Z,1989,agency_366aea874bee4b7957c9,0,catalog_incident_year,5f5698f132245115dd9d4a5197d2748847f281e466d8b660de036aa3c4b678c7
1989-01-01T00:00:00Z,1989,agency_4d042d764d542694c43b,0,catalog_incident_year,5f5698f132245115dd9d4a5197d2748847f281e466d8b660de036aa3c4b678c7
1989-01-01T00:00:00Z,1989,agency_9509941b7ce5f6527cf7,0,catalog_incident_year,5f5698f132245115dd9d4a5197d2748847f281e466d8b660de036aa3c4b678c7
1989-01-01T00:00:00Z,1989,agency_9c38e26a15a91461278a,0,catalog_incident_year,5f5698f132245115dd9d4a5197d2748847f281e466d8b660de036aa3c4b678c7
1989-01-01T00:00:00Z,1989,agency_bdf5d70c3a430ec1cb4f,0,catalog_incident_year,5f5698f132245115dd9d4a5197d2748847f281e466d8b660de036aa3c4b678c7
1989-01-01T00:00:00Z,1989,agency_c6cd4cf936fd5ad884ed,0,catalog_incident_year,5f5698f132245115dd9d4a5197d2748847f281e466d8b660de036aa3c4b678c7
1989-01-01T00:00:00Z,1989,agency_cf08cb54ab0b6e4ff3a0,0,catalog_incident_year,5f5698f132245115dd9d4a5197d2748847f281e466d8b660de036aa3c4b678c7
1990-01-01T00:00:00Z,1990,agency_06552eff6885a0591452,0,catalog_incident_year,5f5698f132245115dd9d4a5197d2748847f281e466d8b660de036aa3c4b678c7
1990-01-01T00:00:00Z,1990,agency_066b1b9fe8463307ff8b,0,catalog_incident_year,5f5698f132245115dd9d4a5197d2748847f281e466d8b660de036aa3c4b678c7
1990-01-01T00:00:00Z,1990,agency_0e616debe8fcadbb45f7,0,catalog_incident_year,5f5698f132245115dd9d4a5197d2748847f281e466d8b660de036aa3c4b678c7
1990-01-01T00:00:00Z,1990,agency_366aea874bee4b7957c9,0,catalog_incident_year,5f5698f132245115dd9d4a5197d2748847f281e466d8b660de036aa3c4b678c7
1990-01-01T00:00:00Z,1990,agency_4d042d764d542694c43b,0,catalog_incident_year,5f5698f132245115dd9d4a5197d2748847f281e466d8b660de036aa3c4b678c7
1990-01-01T00:00:00Z,1990,agency_9509941b7ce5f6527cf7,0,catalog_incident_year,5f5698f132245115dd9d4a5197d2748847f281e466d8b660de036aa3c4b678c7
1990-01-01T00:00:00Z,1990,agency_9c38e26a15a91461278a,0,catalog_incident_year,5f5698f132245115dd9d4a5197d2748847f281e466d8b660de036aa3c4b678c7
1990-01-01T00:00:00Z,1990,agency_bdf5d70c3a430ec1cb4f,0,catalog_incident_year,5f5698f132245115dd9d4a5197d2748847f281e466d8b660de036aa3c4b678c7
1990-01-01T00:00:00Z,1990,agency_c6cd4cf936fd5ad884ed,0,catalog_incident_year,5f5698f132245115dd9d4a5197d2748847f281e466d8b660de036aa3c4b678c7
1990-01-01T00:00:00Z,1990,agency_cf08cb54ab0b6e4ff3a0,0,catalog_incident_year,5f5698f132245115dd9d4a5197d2748847f281e466d8b660de036aa3c4b678c7
1991-01-01T00:00:00Z,1991,agency_06552eff6885a0591452,0,catalog_incident_year,5f5698f132245115dd9d4a5197d2748847f281e466d8b660de036aa3c4b678c7
1991-01-01T00:00:00Z,1991,agency_066b1b9fe8463307ff8b,0,catalog_incident_year,5f5698f132245115dd9d4a5197d2748847f281e466d8b660de036aa3c4b678c7
1991-01-01T00:00:00Z,1991,agency_0e616debe8fcadbb45f7,0,catalog_incident_year,5f5698f132245115dd9d4a5197d2748847f281e466d8b660de036aa3c4b678c7
1991-01-01T00:00:00Z,1991,agency_366aea874bee4b7957c9,0,catalog_incident_year,5f5698f132245115dd9d4a5197d2748847f281e466d8b660de036aa3c4b678c7
1991-01-01T00:00:00Z,1991,agency_4d042d764d542694c43b,0,catalog_incident_year,5f5698f132245115dd9d4a5197d2748847f281e466d8b660de036aa3c4b678c7
1991-01-01T00:00:00Z,1991,agency_9509941b7ce5f6527cf7,0,catalog_incident_year,5f5698f132245115dd9d4a5197d2748847f281e466d8b660de036aa3c4b678c7
1991-01-01T00:00:00Z,1991,agency_9c38e26a15a91461278a,0,catalog_incident_year,5f5698f132245115dd9d4a5197d2748847f281e466d8b660de036aa3c4b678c7
1991-01-01T00:00:00Z,1991,agency_bdf5d70c3a430ec1cb4f,0,catalog_incident_year,5f5698f132245115dd9d4a5197d2748847f281e466d8b660de036aa3c4b678c7
1991-01-01T00:00:00Z,1991,agency_c6cd4cf936fd5ad884ed,0,catalog_incident_year,5f5698f132245115dd9d4a5197d2748847f281e466d8b660de036aa3c4b678c7
1991-01-01T00:00:00Z,1991,agency_cf08cb54ab0b6e4ff3a0,0,catalog_incident_year,5f5698f132245115dd9d4a5197d2748847f281e466d8b660de036aa3c4b678c7
1992-01-01T00:00:00Z,1992,agency_06552eff6885a0591452,0,catalog_incident_year,5f5698f132245115dd9d4a5197d2748847f281e466d8b660de036aa3c4b678c7
1992-01-01T00:00:00Z,1992,agency_066b1b9fe8463307ff8b,0,catalog_incident_year,5f5698f132245115dd9d4a5197d2748847f281e466d8b660de036aa3c4b678c7
1992-01-01T00:00:00Z,1992,agency_0e616debe8fcadbb45f7,0,catalog_incident_year,5f5698f132245115dd9d4a5197d2748847f281e466d8b660de036aa3c4b678c7
1992-01-01T00:00:00Z,1992,agency_366aea874bee4b7957c9,0,catalog_incident_year,5f5698f132245115dd9d4a5197d2748847f281e466d8b660de036aa3c4b678c7
1992-01-01T00:00:00Z,1992,agency_4d042d764d542694c43b,0,catalog_incident_year,5f5698f132245115dd9d4a5197d2748847f281e466d8b660de036aa3c4b678c7
1992-01-01T00:00:00Z,1992,agency_9509941b7ce5f6527cf7,0,catalog_incident_year,5f5698f132245115dd9d4a5197d2748847f281e466d8b660de036aa3c4b678c7
1992-01-01T00:00:00Z,1992,agency_9c38e26a15a91461278a,0,catalog_incident_year,5f5698f132245115dd9d4a5197d2748847f281e466d8b660de036aa3c4b678c7
1992-01-01T00:00:00Z,1992,agency_bdf5d70c3a430ec1cb4f,0,catalog_incident_year,5f5698f132245115dd9d4a5197d2748847f281e466d8b660de036aa3c4b678c7
1992-01-01T00:00:00Z,1992,agency_c6cd4cf936fd5ad884ed,0,catalog_incident_year,5f5698f132245115dd9d4a5197d2748847f281e466d8b660de036aa3c4b678c7
1992-01-01T00:00:00Z,1992,agency_cf08cb54ab0b6e4ff3a0,0,catalog_incident_year,5f5698f132245115dd9d4a5197d2748847f281e466d8b660de036aa3c4b678c7
1993-01-01T00:00:00Z,1993,agency_06552eff6885a0591452,0,catalog_incident_year,5f5698f132245115dd9d4a5197d2748847f281e466d8b660de036aa3c4b678c7
1993-01-01T00:00:00Z,1993,agency_066b1b9fe8463307ff8b,0,catalog_incident_year,5f5698f132245115dd9d4a5197d2748847f281e466d8b660de036aa3c4b678c7
1993-01-01T00:00:00Z,1993,agency_0e616debe8fcadbb45f7,0,catalog_incident_year,5f5698f132245115dd9d4a5197d2748847f281e466d8b660de036aa3c4b678c7
1993-01-01T00:00:00Z,1993,agency_366aea874bee4b7957c9,0,catalog_incident_year,5f5698f132245115dd9d4a5197d2748847f281e466d8b660de036aa3c4b678c7
1993-01-01T00:00:00Z,1993,agency_4d042d764d542694c43b,0,catalog_incident_year,5f5698f132245115dd9d4a5197d2748847f281e466d8b660de036aa3c4b678c7
1993-01-01T00:00:00Z,1993,agency_9509941b7ce5f6527cf7,0,catalog_incident_year,5f5698f132245115dd9d4a5197d2748847f281e466d8b660de036aa3c4b678c7
1993-01-01T00:00:00Z,1993,agency_9c38e26a15a91461278a,0,catalog_incident_year,5f5698f132245115dd9d4a5197d2748847f281e466d8b660de036aa3c4b678c7
1993-01-01T00:00:00Z,1993,agency_bdf5d70c3a430ec1cb4f,0,catalog_incident_year,5f5698f132245115dd9d4a5197d2748847f281e466d8b660de036aa3c4b678c7
1993-01-01T00:00:00Z,1993,agency_c6cd4cf936fd5ad884ed,0,catalog_incident_year,5f5698f132245115dd9d4a5197d2748847f281e466d8b660de036aa3c4b678c7
1993-01-01T00:00:00Z,1993,agency_cf08cb54ab0b6e4ff3a0,0,catalog_incident_year,5f5698f132245115dd9d4a5197d2748847f281e466d8b660de036aa3c4b678c7
1994-01-01T00:00:00Z,1994,agency_06552eff6885a0591452,0,catalog_incident_year,5f5698f132245115dd9d4a5197d2748847f281e466d8b660de036aa3c4b678c7
1994-01-01T00:00:00Z,1994,agency_066b1b9fe8463307ff8b,1,catalog_incident_year,5f5698f132245115dd9d4a5197d2748847f281e466d8b660de036aa3c4b678c7
1994-01-01T00:00:00Z,1994,agency_0e616debe8fcadbb45f7,0,catalog_incident_year,5f5698f132245115dd9d4a5197d2748847f281e466d8b660de036aa3c4b678c7
1994-01-01T00:00:00Z,1994,agency_366aea874bee4b7957c9,0,catalog_incident_year,5f5698f132245115dd9d4a5197d2748847f281e466d8b660de036aa3c4b678c7
1994-01-01T00:00:00Z,1994,agency_4d042d764d542694c43b,0,catalog_incident_year,5f5698f132245115dd9d4a5197d2748847f281e466d8b660de036aa3c4b678c7
1994-01-01T00:00:00Z,1994,agency_9509941b7ce5f6527cf7,0,catalog_incident_year,5f5698f132245115dd9d4a5197d2748847f281e466d8b660de036aa3c4b678c7
1994-01-01T00:00:00Z,1994,agency_9c38e26a15a91461278a,0,catalog_incident_year,5f5698f132245115dd9d4a5197d2748847f281e466d8b660de036aa3c4b678c7
1994-01-01T00:00:00Z,1994,agency_bdf5d70c3a430ec1cb4f,0,catalog_incident_year,5f5698f132245115dd9d4a5197d2748847f281e466d8b660de036aa3c4b678c7
1994-01-01T00:00:00Z,1994,agency_c6cd4cf936fd5ad884ed,0,catalog_incident_year,5f5698f132245115dd9d4a5197d2748847f281e466d8b660de036aa3c4b678c7
1994-01-01T00:00:00Z,1994,agency_cf08cb54ab0b6e4ff3a0,0,catalog_incident_year,5f5698f132245115dd9d4a5197d2748847f281e466d8b660de036aa3c4b678c7
1995-01-01T00:00:00Z,1995,agency_06552eff6885a0591452,0,catalog_incident_year,5f5698f132245115dd9d4a5197d2748847f281e466d8b660de036aa3c4b678c7
1995-01-01T00:00:00Z,1995,agency_066b1b9fe8463307ff8b,0,catalog_incident_year,5f5698f132245115dd9d4a5197d2748847f281e466d8b660de036aa3c4b678c7
1995-01-01T00:00:00Z,1995,agency_0e616debe8fcadbb45f7,0,catalog_incident_year,5f5698f132245115dd9d4a5197d2748847f281e466d8b660de036aa3c4b678c7
1995-01-01T00:00:00Z,1995,agency_366aea874bee4b7957c9,0,catalog_incident_year,5f5698f132245115dd9d4a5197d2748847f281e466d8b660de036aa3c4b678c7
1995-01-01T00:00:00Z,1995,agency_4d042d764d542694c43b,0,catalog_incident_year,5f5698f132245115dd9d4a5197d2748847f281e466d8b660de036aa3c4b678c7
1995-01-01T00:00:00Z,1995,agency_9509941b7ce5f6527cf7,0,catalog_incident_year,5f5698f132245115dd9d4a5197d2748847f281e466d8b660de036aa3c4b678c7
1995-01-01T00:00:00Z,1995,agency_9c38e26a15a91461278a,0,catalog_incident_year,5f5698f132245115dd9d4a5197d2748847f281e466d8b660de036aa3c4b678c7
1995-01-01T00:00:00Z,1995,agency_bdf5d70c3a430ec1cb4f,0,catalog_incident_year,5f5698f132245115dd9d4a5197d2748847f281e466d8b660de036aa3c4b678c7
1995-01-01T00:00:00Z,1995,agency_c6cd4cf936fd5ad884ed,0,catalog_incident_year,5f5698f132245115dd9d4a5197d2748847f281e466d8b660de036aa3c4b678c7
1995-01-01T00:00:00Z,1995,agency_cf08cb54ab0b6e4ff3a0,0,catalog_incident_year,5f5698f132245115dd9d4a5197d2748847f281e466d8b660de036aa3c4b678c7
1996-01-01T00:00:00Z,1996,agency_06552eff6885a0591452,3,catalog_incident_year,5f5698f132245115dd9d4a5197d2748847f281e466d8b660de036aa3c4b678c7
1996-01-01T00:00:00Z,1996,agency_066b1b9fe8463307ff8b,0,catalog_incident_year,5f5698f132245115dd9d4a5197d2748847f281e466d8b660de036aa3c4b678c7
1996-01-01T00:00:00Z,1996,agency_0e616debe8fcadbb45f7,2,catalog_incident_year,5f5698f132245115dd9d4a5197d2748847f281e466d8b660de036aa3c4b678c7
1996-01-01T00:00:00Z,1996,agency_366aea874bee4b7957c9,0,catalog_incident_year,5f5698f132245115dd9d4a5197d2748847f281e466d8b660de036aa3c4b678c7
1996-01-01T00:00:00Z,1996,agency_4d042d764d542694c43b,0,catalog_incident_year,5f5698f132245115dd9d4a5197d2748847f281e466d8b660de036aa3c4b678c7
1996-01-01T00:00:00Z,1996,agency_9509941b7ce5f6527cf7,0,catalog_incident_year,5f5698f132245115dd9d4a5197d2748847f281e466d8b660de036aa3c4b678c7
1996-01-01T00:00:00Z,1996,agency_9c38e26a15a91461278a,0,catalog_incident_year,5f5698f132245115dd9d4a5197d2748847f281e466d8b660de036aa3c4b678c7
1996-01-01T00:00:00Z,1996,agency_bdf5d70c3a430ec1cb4f,0,catalog_incident_year,5f5698f132245115dd9d4a5197d2748847f281e466d8b660de036aa3c4b678c7
1996-01-01T00:00:00Z,1996,agency_c6cd4cf936fd5ad884ed,0,catalog_incident_year,5f5698f132245115dd9d4a5197d2748847f281e466d8b660de036aa3c4b678c7
1996-01-01T00:00:00Z,1996,agency_cf08cb54ab0b6e4ff3a0,0,catalog_incident_year,5f5698f132245115dd9d4a5197d2748847f281e466d8b660de036aa3c4b678c7
1997-01-01T00:00:00Z,1997,agency_06552eff6885a0591452,0,catalog_incident_year,5f5698f132245115dd9d4a5197d2748847f281e466d8b660de036aa3c4b678c7
1997-01-01T00:00:00Z,1997,agency_066b1b9fe8463307ff8b,0,catalog_incident_year,5f5698f132245115dd9d4a5197d2748847f281e466d8b660de036aa3c4b678c7
1997-01-01T00:00:00Z,1997,agency_0e616debe8fcadbb45f7,0,catalog_incident_year,5f5698f132245115dd9d4a5197d2748847f281e466d8b660de036aa3c4b678c7
1997-01-01T00:00:00Z,1997,agency_366aea874bee4b7957c9,0,catalog_incident_year,5f5698f132245115dd9d4a5197d2748847f281e466d8b660de036aa3c4b678c7
1997-01-01T00:00:00Z,1997,agency_4d042d764d542694c43b,0,catalog_incident_year,5f5698f132245115dd9d4a5197d2748847f281e466d8b660de036aa3c4b678c7
1997-01-01T00:00:00Z,1997,agency_9509941b7ce5f6527cf7,0,catalog_incident_year,5f5698f132245115dd9d4a5197d2748847f281e466d8b660de036aa3c4b678c7
1997-01-01T00:00:00Z,1997,agency_9c38e26a15a91461278a,0,catalog_incident_year,5f5698f132245115dd9d4a5197d2748847f281e466d8b660de036aa3c4b678c7
1997-01-01T00:00:00Z,1997,agency_bdf5d70c3a430ec1cb4f,0,catalog_incident_year,5f5698f132245115dd9d4a5197d2748847f281e466d8b660de036aa3c4b678c7
1997-01-01T00:00:00Z,1997,agency_c6cd4cf936fd5ad884ed,0,catalog_incident_year,5f5698f132245115dd9d4a5197d2748847f281e466d8b660de036aa3c4b678c7
1997-01-01T00:00:00Z,1997,agency_cf08cb54ab0b6e4ff3a0,0,catalog_incident_year,5f5698f132245115dd9d4a5197d2748847f281e466d8b660de036aa3c4b678c7
1998-01-01T00:00:00Z,1998,agency_06552eff6885a0591452,0,catalog_incident_year,5f5698f132245115dd9d4a5197d2748847f281e466d8b660de036aa3c4b678c7
1998-01-01T00:00:00Z,1998,agency_066b1b9fe8463307ff8b,0,catalog_incident_year,5f5698f132245115dd9d4a5197d2748847f281e466d8b660de036aa3c4b678c7
1998-01-01T00:00:00Z,1998,agency_0e616debe8fcadbb45f7,0,catalog_incident_year,5f5698f132245115dd9d4a5197d2748847f281e466d8b660de036aa3c4b678c7
1998-01-01T00:00:00Z,1998,agency_366aea874bee4b7957c9,0,catalog_incident_year,5f5698f132245115dd9d4a5197d2748847f281e466d8b660de036aa3c4b678c7
1998-01-01T00:00:00Z,1998,agency_4d042d764d542694c43b,0,catalog_incident_year,5f5698f132245115dd9d4a5197d2748847f281e466d8b660de036aa3c4b678c7
1998-01-01T00:00:00Z,1998,agency_9509941b7ce5f6527cf7,0,catalog_incident_year,5f5698f132245115dd9d4a5197d2748847f281e466d8b660de036aa3c4b678c7
1998-01-01T00:00:00Z,1998,agency_9c38e26a15a91461278a,0,catalog_incident_year,5f5698f132245115dd9d4a5197d2748847f281e466d8b660de036aa3c4b678c7
1998-01-01T00:00:00Z,1998,agency_bdf5d70c3a430ec1cb4f,0,catalog_incident_year,5f5698f132245115dd9d4a5197d2748847f281e466d8b660de036aa3c4b678c7
1998-01-01T00:00:00Z,1998,agency_c6cd4cf936fd5ad884ed,0,catalog_incident_year,5f5698f132245115dd9d4a5197d2748847f281e466d8b660de036aa3c4b678c7
1998-01-01T00:00:00Z,1998,agency_cf08cb54ab0b6e4ff3a0,1,catalog_incident_year,5f5698f132245115dd9d4a5197d2748847f281e466d8b660de036aa3c4b678c7
1999-01-01T00:00:00Z,1999,agency_06552eff6885a0591452,0,catalog_incident_year,5f5698f132245115dd9d4a5197d2748847f281e466d8b660de036aa3c4b678c7
1999-01-01T00:00:00Z,1999,agency_066b1b9fe8463307ff8b,0,catalog_incident_year,5f5698f132245115dd9d4a5197d2748847f281e466d8b660de036aa3c4b678c7
1999-01-01T00:00:00Z,1999,agency_0e616debe8fcadbb45f7,0,catalog_incident_year,5f5698f132245115dd9d4a5197d2748847f281e466d8b660de036aa3c4b678c7
1999-01-01T00:00:00Z,1999,agency_366aea874bee4b7957c9,0,catalog_incident_year,5f5698f132245115dd9d4a5197d2748847f281e466d8b660de036aa3c4b678c7
1999-01-01T00:00:00Z,1999,agency_4d042d764d542694c43b,0,catalog_incident_year,5f5698f132245115dd9d4a5197d2748847f281e466d8b660de036aa3c4b678c7
1999-01-01T00:00:00Z,1999,agency_9509941b7ce5f6527cf7,0,catalog_incident_year,5f5698f132245115dd9d4a5197d2748847f281e466d8b660de036aa3c4b678c7
1999-01-01T00:00:00Z,1999,agency_9c38e26a15a91461278a,0,catalog_incident_year,5f5698f132245115dd9d4a5197d2748847f281e466d8b660de036aa3c4b678c7
1999-01-01T00:00:00Z,1999,agency_bdf5d70c3a430ec1cb4f,0,catalog_incident_year,5f5698f132245115dd9d4a5197d2748847f281e466d8b660de036aa3c4b678c7
1999-01-01T00:00:00Z,1999,agency_c6cd4cf936fd5ad884ed,0,catalog_incident_year,5f5698f132245115dd9d4a5197d2748847f281e466d8b660de036aa3c4b678c7
1999-01-01T00:00:00Z,1999,agency_cf08cb54ab0b6e4ff3a0,0,catalog_incident_year,5f5698f132245115dd9d4a5197d2748847f281e466d8b660de036aa3c4b678c7
2000-01-01T00:00:00Z,2000,agency_06552eff6885a0591452,0,catalog_incident_year,5f5698f132245115dd9d4a5197d2748847f281e466d8b660de036aa3c4b678c7
2000-01-01T00:00:00Z,2000,agency_066b1b9fe8463307ff8b,0,catalog_incident_year,5f5698f132245115dd9d4a5197d2748847f281e466d8b660de036aa3c4b678c7
2000-01-01T00:00:00Z,2000,agency_0e616debe8fcadbb45f7,1,catalog_incident_year,5f5698f132245115dd9d4a5197d2748847f281e466d8b660de036aa3c4b678c7
2000-01-01T00:00:00Z,2000,agency_366aea874bee4b7957c9,0,catalog_incident_year,5f5698f132245115dd9d4a5197d2748847f281e466d8b660de036aa3c4b678c7
2000-01-01T00:00:00Z,2000,agency_4d042d764d542694c43b,0,catalog_incident_year,5f5698f132245115dd9d4a5197d2748847f281e466d8b660de036aa3c4b678c7
2000-01-01T00:00:00Z,2000,agency_9509941b7ce5f6527cf7,0,catalog_incident_year,5f5698f132245115dd9d4a5197d2748847f281e466d8b660de036aa3c4b678c7
2000-01-01T00:00:00Z,2000,agency_9c38e26a15a91461278a,0,catalog_incident_year,5f5698f132245115dd9d4a5197d2748847f281e466d8b660de036aa3c4b678c7
2000-01-01T00:00:00Z,2000,agency_bdf5d70c3a430ec1cb4f,0,catalog_incident_year,5f5698f132245115dd9d4a5197d2748847f281e466d8b660de036aa3c4b678c7
2000-01-01T00:00:00Z,2000,agency_c6cd4cf936fd5ad884ed,0,catalog_incident_year,5f5698f132245115dd9d4a5197d2748847f281e466d8b660de036aa3c4b678c7
2000-01-01T00:00:00Z,2000,agency_cf08cb54ab0b6e4ff3a0,0,catalog_incident_year,5f5698f132245115dd9d4a5197d2748847f281e466d8b660de036aa3c4b678c7
2001-01-01T00:00:00Z,2001,agency_06552eff6885a0591452,0,catalog_incident_year,5f5698f132245115dd9d4a5197d2748847f281e466d8b660de036aa3c4b678c7
2001-01-01T00:00:00Z,2001,agency_066b1b9fe8463307ff8b,1,catalog_incident_year,5f5698f132245115dd9d4a5197d2748847f281e466d8b660de036aa3c4b678c7
2001-01-01T00:00:00Z,2001,agency_0e616debe8fcadbb45f7,0,catalog_incident_year,5f5698f132245115dd9d4a5197d2748847f281e466d8b660de036aa3c4b678c7
2001-01-01T00:00:00Z,2001,agency_366aea874bee4b7957c9,0,catalog_incident_year,5f5698f132245115dd9d4a5197d2748847f281e466d8b660de036aa3c4b678c7
2001-01-01T00:00:00Z,2001,agency_4d042d764d542694c43b,0,catalog_incident_year,5f5698f132245115dd9d4a5197d2748847f281e466d8b660de036aa3c4b678c7
2001-01-01T00:00:00Z,2001,agency_9509941b7ce5f6527cf7,0,catalog_incident_year,5f5698f132245115dd9d4a5197d2748847f281e466d8b660de036aa3c4b678c7
2001-01-01T00:00:00Z,2001,agency_9c38e26a15a91461278a,0,catalog_incident_year,5f5698f132245115dd9d4a5197d2748847f281e466d8b660de036aa3c4b678c7
2001-01-01T00:00:00Z,2001,agency_bdf5d70c3a430ec1cb4f,0,catalog_incident_year,5f5698f132245115dd9d4a5197d2748847f281e466d8b660de036aa3c4b678c7
2001-01-01T00:00:00Z,2001,agency_c6cd4cf936fd5ad884ed,0,catalog_incident_year,5f5698f132245115dd9d4a5197d2748847f281e466d8b660de036aa3c4b678c7
2001-01-01T00:00:00Z,2001,agency_cf08cb54ab0b6e4ff3a0,0,catalog_incident_year,5f5698f132245115dd9d4a5197d2748847f281e466d8b660de036aa3c4b678c7
2002-01-01T00:00:00Z,2002,agency_06552eff6885a0591452,0,catalog_incident_year,5f5698f132245115dd9d4a5197d2748847f281e466d8b660de036aa3c4b678c7
2002-01-01T00:00:00Z,2002,agency_066b1b9fe8463307ff8b,0,catalog_incident_year,5f5698f132245115dd9d4a5197d2748847f281e466d8b660de036aa3c4b678c7
2002-01-01T00:00:00Z,2002,agency_0e616debe8fcadbb45f7,0,catalog_incident_year,5f5698f132245115dd9d4a5197d2748847f281e466d8b660de036aa3c4b678c7
2002-01-01T00:00:00Z,2002,agency_366aea874bee4b7957c9,0,catalog_incident_year,5f5698f132245115dd9d4a5197d2748847f281e466d8b660de036aa3c4b678c7
2002-01-01T00:00:00Z,2002,agency_4d042d764d542694c43b,0,catalog_incident_year,5f5698f132245115dd9d4a5197d2748847f281e466d8b660de036aa3c4b678c7
2002-01-01T00:00:00Z,2002,agency_9509941b7ce5f6527cf7,0,catalog_incident_year,5f5698f132245115dd9d4a5197d2748847f281e466d8b660de036aa3c4b678c7
2002-01-01T00:00:00Z,2002,agency_9c38e26a15a91461278a,0,catalog_incident_year,5f5698f132245115dd9d4a5197d2748847f281e466d8b660de036aa3c4b678c7
2002-01-01T00:00:00Z,2002,agency_bdf5d70c3a430ec1cb4f,0,catalog_incident_year,5f5698f132245115dd9d4a5197d2748847f281e466d8b660de036aa3c4b678c7
2002-01-01T00:00:00Z,2002,agency_c6cd4cf936fd5ad884ed,1,catalog_incident_year,5f5698f132245115dd9d4a5197d2748847f281e466d8b660de036aa3c4b678c7
2002-01-01T00:00:00Z,2002,agency_cf08cb54ab0b6e4ff3a0,0,catalog_incident_year,5f5698f132245115dd9d4a5197d2748847f281e466d8b660de036aa3c4b678c7
2003-01-01T00:00:00Z,2003,agency_06552eff6885a0591452,0,catalog_incident_year,5f5698f132245115dd9d4a5197d2748847f281e466d8b660de036aa3c4b678c7
2003-01-01T00:00:00Z,2003,agency_066b1b9fe8463307ff8b,1,catalog_incident_year,5f5698f132245115dd9d4a5197d2748847f281e466d8b660de036aa3c4b678c7
2003-01-01T00:00:00Z,2003,agency_0e616debe8fcadbb45f7,0,catalog_incident_year,5f5698f132245115dd9d4a5197d2748847f281e466d8b660de036aa3c4b678c7
2003-01-01T00:00:00Z,2003,agency_366aea874bee4b7957c9,0,catalog_incident_year,5f5698f132245115dd9d4a5197d2748847f281e466d8b660de036aa3c4b678c7
2003-01-01T00:00:00Z,2003,agency_4d042d764d542694c43b,0,catalog_incident_year,5f5698f132245115dd9d4a5197d2748847f281e466d8b660de036aa3c4b678c7
2003-01-01T00:00:00Z,2003,agency_9509941b7ce5f6527cf7,0,catalog_incident_year,5f5698f132245115dd9d4a5197d2748847f281e466d8b660de036aa3c4b678c7
2003-01-01T00:00:00Z,2003,agency_9c38e26a15a91461278a,0,catalog_incident_year,5f5698f132245115dd9d4a5197d2748847f281e466d8b660de036aa3c4b678c7
2003-01-01T00:00:00Z,2003,agency_bdf5d70c3a430ec1cb4f,0,catalog_incident_year,5f5698f132245115dd9d4a5197d2748847f281e466d8b660de036aa3c4b678c7
2003-01-01T00:00:00Z,2003,agency_c6cd4cf936fd5ad884ed,0,catalog_incident_year,5f5698f132245115dd9d4a5197d2748847f281e466d8b660de036aa3c4b678c7
2003-01-01T00:00:00Z,2003,agency_cf08cb54ab0b6e4ff3a0,0,catalog_incident_year,5f5698f132245115dd9d4a5197d2748847f281e466d8b660de036aa3c4b678c7
2004-01-01T00:00:00Z,2004,agency_06552eff6885a0591452,0,catalog_incident_year,5f5698f132245115dd9d4a5197d2748847f281e466d8b660de036aa3c4b678c7
2004-01-01T00:00:00Z,2004,agency_066b1b9fe8463307ff8b,1,catalog_incident_year,5f5698f132245115dd9d4a5197d2748847f281e466d8b660de036aa3c4b678c7
2004-01-01T00:00:00Z,2004,agency_0e616debe8fcadbb45f7,0,catalog_incident_year,5f5698f132245115dd9d4a5197d2748847f281e466d8b660de036aa3c4b678c7
2004-01-01T00:00:00Z,2004,agency_366aea874bee4b7957c9,0,catalog_incident_year,5f5698f132245115dd9d4a5197d2748847f281e466d8b660de036aa3c4b678c7
2004-01-01T00:00:00Z,2004,agency_4d042d764d542694c43b,0,catalog_incident_year,5f5698f132245115dd9d4a5197d2748847f281e466d8b660de036aa3c4b678c7
2004-01-01T00:00:00Z,2004,agency_9509941b7ce5f6527cf7,0,catalog_incident_year,5f5698f132245115dd9d4a5197d2748847f281e466d8b660de036aa3c4b678c7
2004-01-01T00:00:00Z,2004,agency_9c38e26a15a91461278a,0,catalog_incident_year,5f5698f132245115dd9d4a5197d2748847f281e466d8b660de036aa3c4b678c7
2004-01-01T00:00:00Z,2004,agency_bdf5d70c3a430ec1cb4f,0,catalog_incident_year,5f5698f132245115dd9d4a5197d2748847f281e466d8b660de036aa3c4b678c7
2004-01-01T00:00:00Z,2004,agency_c6cd4cf936fd5ad884ed,0,catalog_incident_year,5f5698f132245115dd9d4a5197d2748847f281e466d8b660de036aa3c4b678c7
2004-01-01T00:00:00Z,2004,agency_cf08cb54ab0b6e4ff3a0,0,catalog_incident_year,5f5698f132245115dd9d4a5197d2748847f281e466d8b660de036aa3c4b678c7
2005-01-01T00:00:00Z,2005,agency_06552eff6885a0591452,0,catalog_incident_year,5f5698f132245115dd9d4a5197d2748847f281e466d8b660de036aa3c4b678c7
2005-01-01T00:00:00Z,2005,agency_066b1b9fe8463307ff8b,0,catalog_incident_year,5f5698f132245115dd9d4a5197d2748847f281e466d8b660de036aa3c4b678c7
2005-01-01T00:00:00Z,2005,agency_0e616debe8fcadbb45f7,0,catalog_incident_year,5f5698f132245115dd9d4a5197d2748847f281e466d8b660de036aa3c4b678c7
2005-01-01T00:00:00Z,2005,agency_366aea874bee4b7957c9,0,catalog_incident_year,5f5698f132245115dd9d4a5197d2748847f281e466d8b660de036aa3c4b678c7
2005-01-01T00:00:00Z,2005,agency_4d042d764d542694c43b,0,catalog_incident_year,5f5698f132245115dd9d4a5197d2748847f281e466d8b660de036aa3c4b678c7
2005-01-01T00:00:00Z,2005,agency_9509941b7ce5f6527cf7,0,catalog_incident_year,5f5698f132245115dd9d4a5197d2748847f281e466d8b660de036aa3c4b678c7
2005-01-01T00:00:00Z,2005,agency_9c38e26a15a91461278a,0,catalog_incident_year,5f5698f132245115dd9d4a5197d2748847f281e466d8b660de036aa3c4b678c7
2005-01-01T00:00:00Z,2005,agency_bdf5d70c3a430ec1cb4f,0,catalog_incident_year,5f5698f132245115dd9d4a5197d2748847f281e466d8b660de036aa3c4b678c7
2005-01-01T00:00:00Z,2005,agency_c6cd4cf936fd5ad884ed,0,catalog_incident_year,5f5698f132245115dd9d4a5197d2748847f281e466d8b660de036aa3c4b678c7
2005-01-01T00:00:00Z,2005,agency_cf08cb54ab0b6e4ff3a0,0,catalog_incident_year,5f5698f132245115dd9d4a5197d2748847f281e466d8b660de036aa3c4b678c7
2006-01-01T00:00:00Z,2006,agency_06552eff6885a0591452,0,catalog_incident_year,5f5698f132245115dd9d4a5197d2748847f281e466d8b660de036aa3c4b678c7
2006-01-01T00:00:00Z,2006,agency_066b1b9fe8463307ff8b,0,catalog_incident_year,5f5698f132245115dd9d4a5197d2748847f281e466d8b660de036aa3c4b678c7
2006-01-01T00:00:00Z,2006,agency_0e616debe8fcadbb45f7,0,catalog_incident_year,5f5698f132245115dd9d4a5197d2748847f281e466d8b660de036aa3c4b678c7
2006-01-01T00:00:00Z,2006,agency_366aea874bee4b7957c9,0,catalog_incident_year,5f5698f132245115dd9d4a5197d2748847f281e466d8b660de036aa3c4b678c7
2006-01-01T00:00:00Z,2006,agency_4d042d764d542694c43b,0,catalog_incident_year,5f5698f132245115dd9d4a5197d2748847f281e466d8b660de036aa3c4b678c7
2006-01-01T00:00:00Z,2006,agency_9509941b7ce5f6527cf7,0,catalog_incident_year,5f5698f132245115dd9d4a5197d2748847f281e466d8b660de036aa3c4b678c7
2006-01-01T00:00:00Z,2006,agency_9c38e26a15a91461278a,0,catalog_incident_year,5f5698f132245115dd9d4a5197d2748847f281e466d8b660de036aa3c4b678c7
2006-01-01T00:00:00Z,2006,agency_bdf5d70c3a430ec1cb4f,0,catalog_incident_year,5f5698f132245115dd9d4a5197d2748847f281e466d8b660de036aa3c4b678c7
2006-01-01T00:00:00Z,2006,agency_c6cd4cf936fd5ad884ed,0,catalog_incident_year,5f5698f132245115dd9d4a5197d2748847f281e466d8b660de036aa3c4b678c7
2006-01-01T00:00:00Z,2006,agency_cf08cb54ab0b6e4ff3a0,0,catalog_incident_year,5f5698f132245115dd9d4a5197d2748847f281e466d8b660de036aa3c4b678c7
2007-01-01T00:00:00Z,2007,agency_06552eff6885a0591452,0,catalog_incident_year,5f5698f132245115dd9d4a5197d2748847f281e466d8b660de036aa3c4b678c7
2007-01-01T00:00:00Z,2007,agency_066b1b9fe8463307ff8b,0,catalog_incident_year,5f5698f132245115dd9d4a5197d2748847f281e466d8b660de036aa3c4b678c7
2007-01-01T00:00:00Z,2007,agency_0e616debe8fcadbb45f7,0,catalog_incident_year,5f5698f132245115dd9d4a5197d2748847f281e466d8b660de036aa3c4b678c7
2007-01-01T00:00:00Z,2007,agency_366aea874bee4b7957c9,0,catalog_incident_year,5f5698f132245115dd9d4a5197d2748847f281e466d8b660de036aa3c4b678c7
2007-01-01T00:00:00Z,2007,agency_4d042d764d542694c43b,0,catalog_incident_year,5f5698f132245115dd9d4a5197d2748847f281e466d8b660de036aa3c4b678c7
2007-01-01T00:00:00Z,2007,agency_9509941b7ce5f6527cf7,0,catalog_incident_year,5f5698f132245115dd9d4a5197d2748847f281e466d8b660de036aa3c4b678c7
2007-01-01T00:00:00Z,2007,agency_9c38e26a15a91461278a,0,catalog_incident_year,5f5698f132245115dd9d4a5197d2748847f281e466d8b660de036aa3c4b678c7
2007-01-01T00:00:00Z,2007,agency_bdf5d70c3a430ec1cb4f,0,catalog_incident_year,5f5698f132245115dd9d4a5197d2748847f281e466d8b660de036aa3c4b678c7
2007-01-01T00:00:00Z,2007,agency_c6cd4cf936fd5ad884ed,0,catalog_incident_year,5f5698f132245115dd9d4a5197d2748847f281e466d8b660de036aa3c4b678c7
2007-01-01T00:00:00Z,2007,agency_cf08cb54ab0b6e4ff3a0,0,catalog_incident_year,5f5698f132245115dd9d4a5197d2748847f281e466d8b660de036aa3c4b678c7
2008-01-01T00:00:00Z,2008,agency_06552eff6885a0591452,0,catalog_incident_year,5f5698f132245115dd9d4a5197d2748847f281e466d8b660de036aa3c4b678c7
2008-01-01T00:00:00Z,2008,agency_066b1b9fe8463307ff8b,0,catalog_incident_year,5f5698f132245115dd9d4a5197d2748847f281e466d8b660de036aa3c4b678c7
2008-01-01T00:00:00Z,2008,agency_0e616debe8fcadbb45f7,0,catalog_incident_year,5f5698f132245115dd9d4a5197d2748847f281e466d8b660de036aa3c4b678c7
2008-01-01T00:00:00Z,2008,agency_366aea874bee4b7957c9,0,catalog_incident_year,5f5698f132245115dd9d4a5197d2748847f281e466d8b660de036aa3c4b678c7
2008-01-01T00:00:00Z,2008,agency_4d042d764d542694c43b,0,catalog_incident_year,5f5698f132245115dd9d4a5197d2748847f281e466d8b660de036aa3c4b678c7
2008-01-01T00:00:00Z,2008,agency_9509941b7ce5f6527cf7,1,catalog_incident_year,5f5698f132245115dd9d4a5197d2748847f281e466d8b660de036aa3c4b678c7
2008-01-01T00:00:00Z,2008,agency_9c38e26a15a91461278a,0,catalog_incident_year,5f5698f132245115dd9d4a5197d2748847f281e466d8b660de036aa3c4b678c7
2008-01-01T00:00:00Z,2008,agency_bdf5d70c3a430ec1cb4f,0,catalog_incident_year,5f5698f132245115dd9d4a5197d2748847f281e466d8b660de036aa3c4b678c7
2008-01-01T00:00:00Z,2008,agency_c6cd4cf936fd5ad884ed,0,catalog_incident_year,5f5698f132245115dd9d4a5197d2748847f281e466d8b660de036aa3c4b678c7
2008-01-01T00:00:00Z,2008,agency_cf08cb54ab0b6e4ff3a0,0,catalog_incident_year,5f5698f132245115dd9d4a5197d2748847f281e466d8b660de036aa3c4b678c7
2009-01-01T00:00:00Z,2009,agency_06552eff6885a0591452,0,catalog_incident_year,5f5698f132245115dd9d4a5197d2748847f281e466d8b660de036aa3c4b678c7
2009-01-01T00:00:00Z,2009,agency_066b1b9fe8463307ff8b,0,catalog_incident_year,5f5698f132245115dd9d4a5197d2748847f281e466d8b660de036aa3c4b678c7
2009-01-01T00:00:00Z,2009,agency_0e616debe8fcadbb45f7,0,catalog_incident_year,5f5698f132245115dd9d4a5197d2748847f281e466d8b660de036aa3c4b678c7
2009-01-01T00:00:00Z,2009,agency_366aea874bee4b7957c9,0,catalog_incident_year,5f5698f132245115dd9d4a5197d2748847f281e466d8b660de036aa3c4b678c7
2009-01-01T00:00:00Z,2009,agency_4d042d764d542694c43b,0,catalog_incident_year,5f5698f132245115dd9d4a5197d2748847f281e466d8b660de036aa3c4b678c7
2009-01-01T00:00:00Z,2009,agency_9509941b7ce5f6527cf7,0,catalog_incident_year,5f5698f132245115dd9d4a5197d2748847f281e466d8b660de036aa3c4b678c7
2009-01-01T00:00:00Z,2009,agency_9c38e26a15a91461278a,0,catalog_incident_year,5f5698f132245115dd9d4a5197d2748847f281e466d8b660de036aa3c4b678c7
2009-01-01T00:00:00Z,2009,agency_bdf5d70c3a430ec1cb4f,0,catalog_incident_year,5f5698f132245115dd9d4a5197d2748847f281e466d8b660de036aa3c4b678c7
2009-01-01T00:00:00Z,2009,agency_c6cd4cf936fd5ad884ed,0,catalog_incident_year,5f5698f132245115dd9d4a5197d2748847f281e466d8b660de036aa3c4b678c7
2009-01-01T00:00:00Z,2009,agency_cf08cb54ab0b6e4ff3a0,0,catalog_incident_year,5f5698f132245115dd9d4a5197d2748847f281e466d8b660de036aa3c4b678c7
2010-01-01T00:00:00Z,2010,agency_06552eff6885a0591452,0,catalog_incident_year,5f5698f132245115dd9d4a5197d2748847f281e466d8b660de036aa3c4b678c7
2010-01-01T00:00:00Z,2010,agency_066b1b9fe8463307ff8b,0,catalog_incident_year,5f5698f132245115dd9d4a5197d2748847f281e466d8b660de036aa3c4b678c7
2010-01-01T00:00:00Z,2010,agency_0e616debe8fcadbb45f7,0,catalog_incident_year,5f5698f132245115dd9d4a5197d2748847f281e466d8b660de036aa3c4b678c7
2010-01-01T00:00:00Z,2010,agency_366aea874bee4b7957c9,0,catalog_incident_year,5f5698f132245115dd9d4a5197d2748847f281e466d8b660de036aa3c4b678c7
2010-01-01T00:00:00Z,2010,agency_4d042d764d542694c43b,0,catalog_incident_year,5f5698f132245115dd9d4a5197d2748847f281e466d8b660de036aa3c4b678c7
2010-01-01T00:00:00Z,2010,agency_9509941b7ce5f6527cf7,0,catalog_incident_year,5f5698f132245115dd9d4a5197d2748847f281e466d8b660de036aa3c4b678c7
2010-01-01T00:00:00Z,2010,agency_9c38e26a15a91461278a,0,catalog_incident_year,5f5698f132245115dd9d4a5197d2748847f281e466d8b660de036aa3c4b678c7
2010-01-01T00:00:00Z,2010,agency_bdf5d70c3a430ec1cb4f,0,catalog_incident_year,5f5698f132245115dd9d4a5197d2748847f281e466d8b660de036aa3c4b678c7
2010-01-01T00:00:00Z,2010,agency_c6cd4cf936fd5ad884ed,0,catalog_incident_year,5f5698f132245115dd9d4a5197d2748847f281e466d8b660de036aa3c4b678c7
2010-01-01T00:00:00Z,2010,agency_cf08cb54ab0b6e4ff3a0,0,catalog_incident_year,5f5698f132245115dd9d4a5197d2748847f281e466d8b660de036aa3c4b678c7
2011-01-01T00:00:00Z,2011,agency_06552eff6885a0591452,0,catalog_incident_year,5f5698f132245115dd9d4a5197d2748847f281e466d8b660de036aa3c4b678c7
2011-01-01T00:00:00Z,2011,agency_066b1b9fe8463307ff8b,0,catalog_incident_year,5f5698f132245115dd9d4a5197d2748847f281e466d8b660de036aa3c4b678c7
2011-01-01T00:00:00Z,2011,agency_0e616debe8fcadbb45f7,0,catalog_incident_year,5f5698f132245115dd9d4a5197d2748847f281e466d8b660de036aa3c4b678c7
2011-01-01T00:00:00Z,2011,agency_366aea874bee4b7957c9,0,catalog_incident_year,5f5698f132245115dd9d4a5197d2748847f281e466d8b660de036aa3c4b678c7
2011-01-01T00:00:00Z,2011,agency_4d042d764d542694c43b,0,catalog_incident_year,5f5698f132245115dd9d4a5197d2748847f281e466d8b660de036aa3c4b678c7
2011-01-01T00:00:00Z,2011,agency_9509941b7ce5f6527cf7,0,catalog_incident_year,5f5698f132245115dd9d4a5197d2748847f281e466d8b660de036aa3c4b678c7
2011-01-01T00:00:00Z,2011,agency_9c38e26a15a91461278a,0,catalog_incident_year,5f5698f132245115dd9d4a5197d2748847f281e466d8b660de036aa3c4b678c7
2011-01-01T00:00:00Z,2011,agency_bdf5d70c3a430ec1cb4f,0,catalog_incident_year,5f5698f132245115dd9d4a5197d2748847f281e466d8b660de036aa3c4b678c7
2011-01-01T00:00:00Z,2011,agency_c6cd4cf936fd5ad884ed,2,catalog_incident_year,5f5698f132245115dd9d4a5197d2748847f281e466d8b660de036aa3c4b678c7
2011-01-01T00:00:00Z,2011,agency_cf08cb54ab0b6e4ff3a0,0,catalog_incident_year,5f5698f132245115dd9d4a5197d2748847f281e466d8b660de036aa3c4b678c7
2012-01-01T00:00:00Z,2012,agency_06552eff6885a0591452,0,catalog_incident_year,5f5698f132245115dd9d4a5197d2748847f281e466d8b660de036aa3c4b678c7
2012-01-01T00:00:00Z,2012,agency_066b1b9fe8463307ff8b,0,catalog_incident_year,5f5698f132245115dd9d4a5197d2748847f281e466d8b660de036aa3c4b678c7
2012-01-01T00:00:00Z,2012,agency_0e616debe8fcadbb45f7,0,catalog_incident_year,5f5698f132245115dd9d4a5197d2748847f281e466d8b660de036aa3c4b678c7
2012-01-01T00:00:00Z,2012,agency_366aea874bee4b7957c9,0,catalog_incident_year,5f5698f132245115dd9d4a5197d2748847f281e466d8b660de036aa3c4b678c7
2012-01-01T00:00:00Z,2012,agency_4d042d764d542694c43b,0,catalog_incident_year,5f5698f132245115dd9d4a5197d2748847f281e466d8b660de036aa3c4b678c7
2012-01-01T00:00:00Z,2012,agency_9509941b7ce5f6527cf7,0,catalog_incident_year,5f5698f132245115dd9d4a5197d2748847f281e466d8b660de036aa3c4b678c7
2012-01-01T00:00:00Z,2012,agency_9c38e26a15a91461278a,0,catalog_incident_year,5f5698f132245115dd9d4a5197d2748847f281e466d8b660de036aa3c4b678c7
2012-01-01T00:00:00Z,2012,agency_bdf5d70c3a430ec1cb4f,0,catalog_incident_year,5f5698f132245115dd9d4a5197d2748847f281e466d8b660de036aa3c4b678c7
2012-01-01T00:00:00Z,2012,agency_c6cd4cf936fd5ad884ed,0,catalog_incident_year,5f5698f132245115dd9d4a5197d2748847f281e466d8b660de036aa3c4b678c7
2012-01-01T00:00:00Z,2012,agency_cf08cb54ab0b6e4ff3a0,0,catalog_incident_year,5f5698f132245115dd9d4a5197d2748847f281e466d8b660de036aa3c4b678c7
2013-01-01T00:00:00Z,2013,agency_06552eff6885a0591452,0,catalog_incident_year,5f5698f132245115dd9d4a5197d2748847f281e466d8b660de036aa3c4b678c7
2013-01-01T00:00:00Z,2013,agency_066b1b9fe8463307ff8b,0,catalog_incident_year,5f5698f132245115dd9d4a5197d2748847f281e466d8b660de036aa3c4b678c7
2013-01-01T00:00:00Z,2013,agency_0e616debe8fcadbb45f7,0,catalog_incident_year,5f5698f132245115dd9d4a5197d2748847f281e466d8b660de036aa3c4b678c7
2013-01-01T00:00:00Z,2013,agency_366aea874bee4b7957c9,0,catalog_incident_year,5f5698f132245115dd9d4a5197d2748847f281e466d8b660de036aa3c4b678c7
2013-01-01T00:00:00Z,2013,agency_4d042d764d542694c43b,0,catalog_incident_year,5f5698f132245115dd9d4a5197d2748847f281e466d8b660de036aa3c4b678c7
2013-01-01T00:00:00Z,2013,agency_9509941b7ce5f6527cf7,0,catalog_incident_year,5f5698f132245115dd9d4a5197d2748847f281e466d8b660de036aa3c4b678c7
2013-01-01T00:00:00Z,2013,agency_9c38e26a15a91461278a,0,catalog_incident_year,5f5698f132245115dd9d4a5197d2748847f281e466d8b660de036aa3c4b678c7
2013-01-01T00:00:00Z,2013,agency_bdf5d70c3a430ec1cb4f,0,catalog_incident_year,5f5698f132245115dd9d4a5197d2748847f281e466d8b660de036aa3c4b678c7
2013-01-01T00:00:00Z,2013,agency_c6cd4cf936fd5ad884ed,0,catalog_incident_year,5f5698f132245115dd9d4a5197d2748847f281e466d8b660de036aa3c4b678c7
2013-01-01T00:00:00Z,2013,agency_cf08cb54ab0b6e4ff3a0,0,catalog_incident_year,5f5698f132245115dd9d4a5197d2748847f281e466d8b660de036aa3c4b678c7
2014-01-01T00:00:00Z,2014,agency_06552eff6885a0591452,0,catalog_incident_year,5f5698f132245115dd9d4a5197d2748847f281e466d8b660de036aa3c4b678c7
2014-01-01T00:00:00Z,2014,agency_066b1b9fe8463307ff8b,0,catalog_incident_year,5f5698f132245115dd9d4a5197d2748847f281e466d8b660de036aa3c4b678c7
2014-01-01T00:00:00Z,2014,agency_0e616debe8fcadbb45f7,0,catalog_incident_year,5f5698f132245115dd9d4a5197d2748847f281e466d8b660de036aa3c4b678c7
2014-01-01T00:00:00Z,2014,agency_366aea874bee4b7957c9,0,catalog_incident_year,5f5698f132245115dd9d4a5197d2748847f281e466d8b660de036aa3c4b678c7
2014-01-01T00:00:00Z,2014,agency_4d042d764d542694c43b,0,catalog_incident_year,5f5698f132245115dd9d4a5197d2748847f281e466d8b660de036aa3c4b678c7
2014-01-01T00:00:00Z,2014,agency_9509941b7ce5f6527cf7,0,catalog_incident_year,5f5698f132245115dd9d4a5197d2748847f281e466d8b660de036aa3c4b678c7
2014-01-01T00:00:00Z,2014,agency_9c38e26a15a91461278a,0,catalog_incident_year,5f5698f132245115dd9d4a5197d2748847f281e466d8b660de036aa3c4b678c7
2014-01-01T00:00:00Z,2014,agency_bdf5d70c3a430ec1cb4f,0,catalog_incident_year,5f5698f132245115dd9d4a5197d2748847f281e466d8b660de036aa3c4b678c7
2014-01-01T00:00:00Z,2014,agency_c6cd4cf936fd5ad884ed,0,catalog_incident_year,5f5698f132245115dd9d4a5197d2748847f281e466d8b660de036aa3c4b678c7
2014-01-01T00:00:00Z,2014,agency_cf08cb54ab0b6e4ff3a0,0,catalog_incident_year,5f5698f132245115dd9d4a5197d2748847f281e466d8b660de036aa3c4b678c7
2015-01-01T00:00:00Z,2015,agency_06552eff6885a0591452,0,catalog_incident_year,5f5698f132245115dd9d4a5197d2748847f281e466d8b660de036aa3c4b678c7
2015-01-01T00:00:00Z,2015,agency_066b1b9fe8463307ff8b,0,catalog_incident_year,5f5698f132245115dd9d4a5197d2748847f281e466d8b660de036aa3c4b678c7
2015-01-01T00:00:00Z,2015,agency_0e616debe8fcadbb45f7,1,catalog_incident_year,5f5698f132245115dd9d4a5197d2748847f281e466d8b660de036aa3c4b678c7
2015-01-01T00:00:00Z,2015,agency_366aea874bee4b7957c9,0,catalog_incident_year,5f5698f132245115dd9d4a5197d2748847f281e466d8b660de036aa3c4b678c7
2015-01-01T00:00:00Z,2015,agency_4d042d764d542694c43b,1,catalog_incident_year,5f5698f132245115dd9d4a5197d2748847f281e466d8b660de036aa3c4b678c7
2015-01-01T00:00:00Z,2015,agency_9509941b7ce5f6527cf7,0,catalog_incident_year,5f5698f132245115dd9d4a5197d2748847f281e466d8b660de036aa3c4b678c7
2015-01-01T00:00:00Z,2015,agency_9c38e26a15a91461278a,0,catalog_incident_year,5f5698f132245115dd9d4a5197d2748847f281e466d8b660de036aa3c4b678c7
2015-01-01T00:00:00Z,2015,agency_bdf5d70c3a430ec1cb4f,0,catalog_incident_year,5f5698f132245115dd9d4a5197d2748847f281e466d8b660de036aa3c4b678c7
2015-01-01T00:00:00Z,2015,agency_c6cd4cf936fd5ad884ed,0,catalog_incident_year,5f5698f132245115dd9d4a5197d2748847f281e466d8b660de036aa3c4b678c7
2015-01-01T00:00:00Z,2015,agency_cf08cb54ab0b6e4ff3a0,0,catalog_incident_year,5f5698f132245115dd9d4a5197d2748847f281e466d8b660de036aa3c4b678c7
2016-01-01T00:00:00Z,2016,agency_06552eff6885a0591452,0,catalog_incident_year,5f5698f132245115dd9d4a5197d2748847f281e466d8b660de036aa3c4b678c7
2016-01-01T00:00:00Z,2016,agency_066b1b9fe8463307ff8b,0,catalog_incident_year,5f5698f132245115dd9d4a5197d2748847f281e466d8b660de036aa3c4b678c7
2016-01-01T00:00:00Z,2016,agency_0e616debe8fcadbb45f7,2,catalog_incident_year,5f5698f132245115dd9d4a5197d2748847f281e466d8b660de036aa3c4b678c7
2016-01-01T00:00:00Z,2016,agency_366aea874bee4b7957c9,0,catalog_incident_year,5f5698f132245115dd9d4a5197d2748847f281e466d8b660de036aa3c4b678c7
2016-01-01T00:00:00Z,2016,agency_4d042d764d542694c43b,0,catalog_incident_year,5f5698f132245115dd9d4a5197d2748847f281e466d8b660de036aa3c4b678c7
2016-01-01T00:00:00Z,2016,agency_9509941b7ce5f6527cf7,0,catalog_incident_year,5f5698f132245115dd9d4a5197d2748847f281e466d8b660de036aa3c4b678c7
2016-01-01T00:00:00Z,2016,agency_9c38e26a15a91461278a,0,catalog_incident_year,5f5698f132245115dd9d4a5197d2748847f281e466d8b660de036aa3c4b678c7
2016-01-01T00:00:00Z,2016,agency_bdf5d70c3a430ec1cb4f,0,catalog_incident_year,5f5698f132245115dd9d4a5197d2748847f281e466d8b660de036aa3c4b678c7
2016-01-01T00:00:00Z,2016,agency_c6cd4cf936fd5ad884ed,0,catalog_incident_year,5f5698f132245115dd9d4a5197d2748847f281e466d8b660de036aa3c4b678c7
2016-01-01T00:00:00Z,2016,agency_cf08cb54ab0b6e4ff3a0,0,catalog_incident_year,5f5698f132245115dd9d4a5197d2748847f281e466d8b660de036aa3c4b678c7
2017-01-01T00:00:00Z,2017,agency_06552eff6885a0591452,0,catalog_incident_year,5f5698f132245115dd9d4a5197d2748847f281e466d8b660de036aa3c4b678c7
2017-01-01T00:00:00Z,2017,agency_066b1b9fe8463307ff8b,0,catalog_incident_year,5f5698f132245115dd9d4a5197d2748847f281e466d8b660de036aa3c4b678c7
2017-01-01T00:00:00Z,2017,agency_0e616debe8fcadbb45f7,0,catalog_incident_year,5f5698f132245115dd9d4a5197d2748847f281e466d8b660de036aa3c4b678c7
2017-01-01T00:00:00Z,2017,agency_366aea874bee4b7957c9,0,catalog_incident_year,5f5698f132245115dd9d4a5197d2748847f281e466d8b660de036aa3c4b678c7
2017-01-01T00:00:00Z,2017,agency_4d042d764d542694c43b,0,catalog_incident_year,5f5698f132245115dd9d4a5197d2748847f281e466d8b660de036aa3c4b678c7
2017-01-01T00:00:00Z,2017,agency_9509941b7ce5f6527cf7,0,catalog_incident_year,5f5698f132245115dd9d4a5197d2748847f281e466d8b660de036aa3c4b678c7
2017-01-01T00:00:00Z,2017,agency_9c38e26a15a91461278a,0,catalog_incident_year,5f5698f132245115dd9d4a5197d2748847f281e466d8b660de036aa3c4b678c7
2017-01-01T00:00:00Z,2017,agency_bdf5d70c3a430ec1cb4f,0,catalog_incident_year,5f5698f132245115dd9d4a5197d2748847f281e466d8b660de036aa3c4b678c7
2017-01-01T00:00:00Z,2017,agency_c6cd4cf936fd5ad884ed,0,catalog_incident_year,5f5698f132245115dd9d4a5197d2748847f281e466d8b660de036aa3c4b678c7
2017-01-01T00:00:00Z,2017,agency_cf08cb54ab0b6e4ff3a0,0,catalog_incident_year,5f5698f132245115dd9d4a5197d2748847f281e466d8b660de036aa3c4b678c7
2018-01-01T00:00:00Z,2018,agency_06552eff6885a0591452,0,catalog_incident_year,5f5698f132245115dd9d4a5197d2748847f281e466d8b660de036aa3c4b678c7
2018-01-01T00:00:00Z,2018,agency_066b1b9fe8463307ff8b,0,catalog_incident_year,5f5698f132245115dd9d4a5197d2748847f281e466d8b660de036aa3c4b678c7
2018-01-01T00:00:00Z,2018,agency_0e616debe8fcadbb45f7,1,catalog_incident_year,5f5698f132245115dd9d4a5197d2748847f281e466d8b660de036aa3c4b678c7
2018-01-01T00:00:00Z,2018,agency_366aea874bee4b7957c9,0,catalog_incident_year,5f5698f132245115dd9d4a5197d2748847f281e466d8b660de036aa3c4b678c7
2018-01-01T00:00:00Z,2018,agency_4d042d764d542694c43b,0,catalog_incident_year,5f5698f132245115dd9d4a5197d2748847f281e466d8b660de036aa3c4b678c7
2018-01-01T00:00:00Z,2018,agency_9509941b7ce5f6527cf7,0,catalog_incident_year,5f5698f132245115dd9d4a5197d2748847f281e466d8b660de036aa3c4b678c7
2018-01-01T00:00:00Z,2018,agency_9c38e26a15a91461278a,0,catalog_incident_year,5f5698f132245115dd9d4a5197d2748847f281e466d8b660de036aa3c4b678c7
2018-01-01T00:00:00Z,2018,agency_bdf5d70c3a430ec1cb4f,0,catalog_incident_year,5f5698f132245115dd9d4a5197d2748847f281e466d8b660de036aa3c4b678c7
2018-01-01T00:00:00Z,2018,agency_c6cd4cf936fd5ad884ed,0,catalog_incident_year,5f5698f132245115dd9d4a5197d2748847f281e466d8b660de036aa3c4b678c7
2018-01-01T00:00:00Z,2018,agency_cf08cb54ab0b6e4ff3a0,0,catalog_incident_year,5f5698f132245115dd9d4a5197d2748847f281e466d8b660de036aa3c4b678c7
2019-01-01T00:00:00Z,2019,agency_06552eff6885a0591452,0,catalog_incident_year,5f5698f132245115dd9d4a5197d2748847f281e466d8b660de036aa3c4b678c7
2019-01-01T00:00:00Z,2019,agency_066b1b9fe8463307ff8b,0,catalog_incident_year,5f5698f132245115dd9d4a5197d2748847f281e466d8b660de036aa3c4b678c7
2019-01-01T00:00:00Z,2019,agency_0e616debe8fcadbb45f7,10,catalog_incident_year,5f5698f132245115dd9d4a5197d2748847f281e466d8b660de036aa3c4b678c7
2019-01-01T00:00:00Z,2019,agency_366aea874bee4b7957c9,0,catalog_incident_year,5f5698f132245115dd9d4a5197d2748847f281e466d8b660de036aa3c4b678c7
2019-01-01T00:00:00Z,2019,agency_4d042d764d542694c43b,0,catalog_incident_year,5f5698f132245115dd9d4a5197d2748847f281e466d8b660de036aa3c4b678c7
2019-01-01T00:00:00Z,2019,agency_9509941b7ce5f6527cf7,0,catalog_incident_year,5f5698f132245115dd9d4a5197d2748847f281e466d8b660de036aa3c4b678c7
2019-01-01T00:00:00Z,2019,agency_9c38e26a15a91461278a,0,catalog_incident_year,5f5698f132245115dd9d4a5197d2748847f281e466d8b660de036aa3c4b678c7
2019-01-01T00:00:00Z,2019,agency_bdf5d70c3a430ec1cb4f,0,catalog_incident_year,5f5698f132245115dd9d4a5197d2748847f281e466d8b660de036aa3c4b678c7
2019-01-01T00:00:00Z,2019,agency_c6cd4cf936fd5ad884ed,0,catalog_incident_year,5f5698f132245115dd9d4a5197d2748847f281e466d8b660de036aa3c4b678c7
2019-01-01T00:00:00Z,2019,agency_cf08cb54ab0b6e4ff3a0,0,catalog_incident_year,5f5698f132245115dd9d4a5197d2748847f281e466d8b660de036aa3c4b678c7
2020-01-01T00:00:00Z,2020,agency_06552eff6885a0591452,0,catalog_incident_year,5f5698f132245115dd9d4a5197d2748847f281e466d8b660de036aa3c4b678c7
2020-01-01T00:00:00Z,2020,agency_066b1b9fe8463307ff8b,0,catalog_incident_year,5f5698f132245115dd9d4a5197d2748847f281e466d8b660de036aa3c4b678c7
2020-01-01T00:00:00Z,2020,agency_0e616debe8fcadbb45f7,40,catalog_incident_year,5f5698f132245115dd9d4a5197d2748847f281e466d8b660de036aa3c4b678c7
2020-01-01T00:00:00Z,2020,agency_366aea874bee4b7957c9,0,catalog_incident_year,5f5698f132245115dd9d4a5197d2748847f281e466d8b660de036aa3c4b678c7
2020-01-01T00:00:00Z,2020,agency_4d042d764d542694c43b,0,catalog_incident_year,5f5698f132245115dd9d4a5197d2748847f281e466d8b660de036aa3c4b678c7
2020-01-01T00:00:00Z,2020,agency_9509941b7ce5f6527cf7,0,catalog_incident_year,5f5698f132245115dd9d4a5197d2748847f281e466d8b660de036aa3c4b678c7
2020-01-01T00:00:00Z,2020,agency_9c38e26a15a91461278a,0,catalog_incident_year,5f5698f132245115dd9d4a5197d2748847f281e466d8b660de036aa3c4b678c7
2020-01-01T00:00:00Z,2020,agency_bdf5d70c3a430ec1cb4f,0,catalog_incident_year,5f5698f132245115dd9d4a5197d2748847f281e466d8b660de036aa3c4b678c7
2020-01-01T00:00:00Z,2020,agency_c6cd4cf936fd5ad884ed,0,catalog_incident_year,5f5698f132245115dd9d4a5197d2748847f281e466d8b660de036aa3c4b678c7
2020-01-01T00:00:00Z,2020,agency_cf08cb54ab0b6e4ff3a0,0,catalog_incident_year,5f5698f132245115dd9d4a5197d2748847f281e466d8b660de036aa3c4b678c7
2021-01-01T00:00:00Z,2021,agency_06552eff6885a0591452,0,catalog_incident_year,5f5698f132245115dd9d4a5197d2748847f281e466d8b660de036aa3c4b678c7
2021-01-01T00:00:00Z,2021,agency_066b1b9fe8463307ff8b,0,catalog_incident_year,5f5698f132245115dd9d4a5197d2748847f281e466d8b660de036aa3c4b678c7
2021-01-01T00:00:00Z,2021,agency_0e616debe8fcadbb45f7,14,catalog_incident_year,5f5698f132245115dd9d4a5197d2748847f281e466d8b660de036aa3c4b678c7
2021-01-01T00:00:00Z,2021,agency_366aea874bee4b7957c9,0,catalog_incident_year,5f5698f132245115dd9d4a5197d2748847f281e466d8b660de036aa3c4b678c7
2021-01-01T00:00:00Z,2021,agency_4d042d764d542694c43b,0,catalog_incident_year,5f5698f132245115dd9d4a5197d2748847f281e466d8b660de036aa3c4b678c7
2021-01-01T00:00:00Z,2021,agency_9509941b7ce5f6527cf7,0,catalog_incident_year,5f5698f132245115dd9d4a5197d2748847f281e466d8b660de036aa3c4b678c7
2021-01-01T00:00:00Z,2021,agency_9c38e26a15a91461278a,0,catalog_incident_year,5f5698f132245115dd9d4a5197d2748847f281e466d8b660de036aa3c4b678c7
2021-01-01T00:00:00Z,2021,agency_bdf5d70c3a430ec1cb4f,0,catalog_incident_year,5f5698f132245115dd9d4a5197d2748847f281e466d8b660de036aa3c4b678c7
2021-01-01T00:00:00Z,2021,agency_c6cd4cf936fd5ad884ed,1,catalog_incident_year,5f5698f132245115dd9d4a5197d2748847f281e466d8b660de036aa3c4b678c7
2021-01-01T00:00:00Z,2021,agency_cf08cb54ab0b6e4ff3a0,0,catalog_incident_year,5f5698f132245115dd9d4a5197d2748847f281e466d8b660de036aa3c4b678c7
2022-01-01T00:00:00Z,2022,agency_06552eff6885a0591452,0,catalog_incident_year,5f5698f132245115dd9d4a5197d2748847f281e466d8b660de036aa3c4b678c7
2022-01-01T00:00:00Z,2022,agency_066b1b9fe8463307ff8b,0,catalog_incident_year,5f5698f132245115dd9d4a5197d2748847f281e466d8b660de036aa3c4b678c7
2022-01-01T00:00:00Z,2022,agency_0e616debe8fcadbb45f7,11,catalog_incident_year,5f5698f132245115dd9d4a5197d2748847f281e466d8b660de036aa3c4b678c7
2022-01-01T00:00:00Z,2022,agency_366aea874bee4b7957c9,0,catalog_incident_year,5f5698f132245115dd9d4a5197d2748847f281e466d8b660de036aa3c4b678c7
2022-01-01T00:00:00Z,2022,agency_4d042d764d542694c43b,0,catalog_incident_year,5f5698f132245115dd9d4a5197d2748847f281e466d8b660de036aa3c4b678c7
2022-01-01T00:00:00Z,2022,agency_9509941b7ce5f6527cf7,0,catalog_incident_year,5f5698f132245115dd9d4a5197d2748847f281e466d8b660de036aa3c4b678c7
2022-01-01T00:00:00Z,2022,agency_9c38e26a15a91461278a,0,catalog_incident_year,5f5698f132245115dd9d4a5197d2748847f281e466d8b660de036aa3c4b678c7
2022-01-01T00:00:00Z,2022,agency_bdf5d70c3a430ec1cb4f,1,catalog_incident_year,5f5698f132245115dd9d4a5197d2748847f281e466d8b660de036aa3c4b678c7
2022-01-01T00:00:00Z,2022,agency_c6cd4cf936fd5ad884ed,4,catalog_incident_year,5f5698f132245115dd9d4a5197d2748847f281e466d8b660de036aa3c4b678c7
2022-01-01T00:00:00Z,2022,agency_cf08cb54ab0b6e4ff3a0,0,catalog_incident_year,5f5698f132245115dd9d4a5197d2748847f281e466d8b660de036aa3c4b678c7
2023-01-01T00:00:00Z,2023,agency_06552eff6885a0591452,0,catalog_incident_year,5f5698f132245115dd9d4a5197d2748847f281e466d8b660de036aa3c4b678c7
2023-01-01T00:00:00Z,2023,agency_066b1b9fe8463307ff8b,0,catalog_incident_year,5f5698f132245115dd9d4a5197d2748847f281e466d8b660de036aa3c4b678c7
2023-01-01T00:00:00Z,2023,agency_0e616debe8fcadbb45f7,25,catalog_incident_year,5f5698f132245115dd9d4a5197d2748847f281e466d8b660de036aa3c4b678c7
2023-01-01T00:00:00Z,2023,agency_366aea874bee4b7957c9,0,catalog_incident_year,5f5698f132245115dd9d4a5197d2748847f281e466d8b660de036aa3c4b678c7
2023-01-01T00:00:00Z,2023,agency_4d042d764d542694c43b,0,catalog_incident_year,5f5698f132245115dd9d4a5197d2748847f281e466d8b660de036aa3c4b678c7
2023-01-01T00:00:00Z,2023,agency_9509941b7ce5f6527cf7,0,catalog_incident_year,5f5698f132245115dd9d4a5197d2748847f281e466d8b660de036aa3c4b678c7
2023-01-01T00:00:00Z,2023,agency_9c38e26a15a91461278a,0,catalog_incident_year,5f5698f132245115dd9d4a5197d2748847f281e466d8b660de036aa3c4b678c7
2023-01-01T00:00:00Z,2023,agency_bdf5d70c3a430ec1cb4f,0,catalog_incident_year,5f5698f132245115dd9d4a5197d2748847f281e466d8b660de036aa3c4b678c7
2023-01-01T00:00:00Z,2023,agency_c6cd4cf936fd5ad884ed,20,catalog_incident_year,5f5698f132245115dd9d4a5197d2748847f281e466d8b660de036aa3c4b678c7
2023-01-01T00:00:00Z,2023,agency_cf08cb54ab0b6e4ff3a0,0,catalog_incident_year,5f5698f132245115dd9d4a5197d2748847f281e466d8b660de036aa3c4b678c7
2024-01-01T00:00:00Z,2024,agency_06552eff6885a0591452,0,catalog_incident_year,5f5698f132245115dd9d4a5197d2748847f281e466d8b660de036aa3c4b678c7
2024-01-01T00:00:00Z,2024,agency_066b1b9fe8463307ff8b,0,catalog_incident_year,5f5698f132245115dd9d4a5197d2748847f281e466d8b660de036aa3c4b678c7
2024-01-01T00:00:00Z,2024,agency_0e616debe8fcadbb45f7,11,catalog_incident_year,5f5698f132245115dd9d4a5197d2748847f281e466d8b660de036aa3c4b678c7
2024-01-01T00:00:00Z,2024,agency_366aea874bee4b7957c9,0,catalog_incident_year,5f5698f132245115dd9d4a5197d2748847f281e466d8b660de036aa3c4b678c7
2024-01-01T00:00:00Z,2024,agency_4d042d764d542694c43b,0,catalog_incident_year,5f5698f132245115dd9d4a5197d2748847f281e466d8b660de036aa3c4b678c7
2024-01-01T00:00:00Z,2024,agency_9509941b7ce5f6527cf7,0,catalog_incident_year,5f5698f132245115dd9d4a5197d2748847f281e466d8b660de036aa3c4b678c7
2024-01-01T00:00:00Z,2024,agency_9c38e26a15a91461278a,0,catalog_incident_year,5f5698f132245115dd9d4a5197d2748847f281e466d8b660de036aa3c4b678c7
2024-01-01T00:00:00Z,2024,agency_bdf5d70c3a430ec1cb4f,0,catalog_incident_year,5f5698f132245115dd9d4a5197d2748847f281e466d8b660de036aa3c4b678c7
2024-01-01T00:00:00Z,2024,agency_c6cd4cf936fd5ad884ed,6,catalog_incident_year,5f5698f132245115dd9d4a5197d2748847f281e466d8b660de036aa3c4b678c7
2024-01-01T00:00:00Z,2024,agency_cf08cb54ab0b6e4ff3a0,0,catalog_incident_year,5f5698f132245115dd9d4a5197d2748847f281e466d8b660de036aa3c4b678c7
2025-01-01T00:00:00Z,2025,agency_06552eff6885a0591452,0,catalog_incident_year,5f5698f132245115dd9d4a5197d2748847f281e466d8b660de036aa3c4b678c7
2025-01-01T00:00:00Z,2025,agency_066b1b9fe8463307ff8b,0,catalog_incident_year,5f5698f132245115dd9d4a5197d2748847f281e466d8b660de036aa3c4b678c7
2025-01-01T00:00:00Z,2025,agency_0e616debe8fcadbb45f7,5,catalog_incident_year,5f5698f132245115dd9d4a5197d2748847f281e466d8b660de036aa3c4b678c7
2025-01-01T00:00:00Z,2025,agency_366aea874bee4b7957c9,1,catalog_incident_year,5f5698f132245115dd9d4a5197d2748847f281e466d8b660de036aa3c4b678c7
2025-01-01T00:00:00Z,2025,agency_4d042d764d542694c43b,0,catalog_incident_year,5f5698f132245115dd9d4a5197d2748847f281e466d8b660de036aa3c4b678c7
2025-01-01T00:00:00Z,2025,agency_9509941b7ce5f6527cf7,0,catalog_incident_year,5f5698f132245115dd9d4a5197d2748847f281e466d8b660de036aa3c4b678c7
2025-01-01T00:00:00Z,2025,agency_9c38e26a15a91461278a,0,catalog_incident_year,5f5698f132245115dd9d4a5197d2748847f281e466d8b660de036aa3c4b678c7
2025-01-01T00:00:00Z,2025,agency_bdf5d70c3a430ec1cb4f,0,catalog_incident_year,5f5698f132245115dd9d4a5197d2748847f281e466d8b660de036aa3c4b678c7
2025-01-01T00:00:00Z,2025,agency_c6cd4cf936fd5ad884ed,34,catalog_incident_year,5f5698f132245115dd9d4a5197d2748847f281e466d8b660de036aa3c4b678c7
2025-01-01T00:00:00Z,2025,agency_cf08cb54ab0b6e4ff3a0,0,catalog_incident_year,5f5698f132245115dd9d4a5197d2748847f281e466d8b660de036aa3c4b678c7
2026-01-01T00:00:00Z,2026,agency_06552eff6885a0591452,0,catalog_incident_year,5f5698f132245115dd9d4a5197d2748847f281e466d8b660de036aa3c4b678c7
2026-01-01T00:00:00Z,2026,agency_066b1b9fe8463307ff8b,0,catalog_incident_year,5f5698f132245115dd9d4a5197d2748847f281e466d8b660de036aa3c4b678c7
2026-01-01T00:00:00Z,2026,agency_0e616debe8fcadbb45f7,1,catalog_incident_year,5f5698f132245115dd9d4a5197d2748847f281e466d8b660de036aa3c4b678c7
2026-01-01T00:00:00Z,2026,agency_366aea874bee4b7957c9,0,catalog_incident_year,5f5698f132245115dd9d4a5197d2748847f281e466d8b660de036aa3c4b678c7
2026-01-01T00:00:00Z,2026,agency_4d042d764d542694c43b,0,catalog_incident_year,5f5698f132245115dd9d4a5197d2748847f281e466d8b660de036aa3c4b678c7
2026-01-01T00:00:00Z,2026,agency_9509941b7ce5f6527cf7,0,catalog_incident_year,5f5698f132245115dd9d4a5197d2748847f281e466d8b660de036aa3c4b678c7
2026-01-01T00:00:00Z,2026,agency_9c38e26a15a91461278a,0,catalog_incident_year,5f5698f132245115dd9d4a5197d2748847f281e466d8b660de036aa3c4b678c7
2026-01-01T00:00:00Z,2026,agency_bdf5d70c3a430ec1cb4f,0,catalog_incident_year,5f5698f132245115dd9d4a5197d2748847f281e466d8b660de036aa3c4b678c7
2026-01-01T00:00:00Z,2026,agency_c6cd4cf936fd5ad884ed,11,catalog_incident_year,5f5698f132245115dd9d4a5197d2748847f281e466d8b660de036aa3c4b678c7
2026-01-01T00:00:00Z,2026,agency_cf08cb54ab0b6e4ff3a0,0,catalog_incident_year,5f5698f132245115dd9d4a5197d2748847f281e466d8b660de036aa3c4b678c7
